full_name,position,cohort_desc,cohort_n,cohort_boom,cohort_bust,cohort_med,cohort_top5,cohort_comps,nn
Parker Washington,WR,WR yr-4 pick 185 9 ppg priced WR40 age 24,15,0.267,0.267,1.1,0.0,Allen Lazard '22->WR34 (1.10x) | Geronimo Allison '19->WR88 (0.49x) | Darnell Mooney '21->WR23 (1.69x),parker washington
CeeDee Lamb,WR,WR yr-7 pick 17 17 ppg priced WR5 age 27,15,0.2,0.267,0.98,0.2,Mike Evans '20->WR11 (1.15x) | CeeDee Lamb '25->WR21 (0.76x) | Ja'Marr Chase '24->WR1 (1.55x) | Calvin Ridley '21->WR102 (0.27x),ceedee lamb
Bucky Irving,RB,RB yr-3 pick 125 14 ppg priced RB20 age 23,15,0.133,0.333,0.93,0.0,Dameon Pierce '23->RB55 (0.38x) | Bucky Irving '25->RB34 (0.60x) | Josh Jacobs '21->RB12 (1.34x) | Elijah Mitchell '22->RB81 (0.26x),bucky irving
Jerry Jeudy,WR,WR yr-7 pick 15 11 ppg priced WR61 age 27,15,0.267,0.2,0.94,0.0,Sammy Watkins '20->WR88 (0.80x) | Marquise Brown '25->WR44 (1.22x) | Jerry Jeudy '24->WR16 (2.05x) | Rashod Bateman '25->WR103 (0.45x),jerry jeudy
Omarion Hampton,RB,RB yr-2 pick 22 15 ppg priced RB11 age 23,15,0.267,0.2,1.04,0.267,Josh Jacobs '20->RB8 (1.07x) | D'Andre Swift '21->RB15 (1.05x) | Jonathan Taylor '21->RB1 (1.62x) | Javonte Williams '22->RB79 (0.20x),omarion hampton
Adam Randall,RB,RB rookie priced RB65 age 21,15,0.333,0.4,0.98,0.0,Chuba Hubbard '21->RB36 (2.05x) | DJ Giddens '25->RB105 (0.14x) | Kyle Monangai '25->RB33 (2.10x) | Evan Hull '23->RB132 (0.03x),adam randall
Behren Morton,QB,QB rookie priced QB61 age 24,15,0.267,0.4,0.85,0.0,Sean Clifford '23->QB73 (0.05x) | Joe Milton III '24->QB54 (1.00x) | Aidan O'Connell '23->QB28 (4.43x) | Kellen Mond '21->QB73 (0.00x),behren morton
Oronde Gadsden,TE,TE yr-2 pick 165 9 ppg priced TE20 age 23,15,0.2,0.467,0.89,0.0,Brevin Jordan '22->TE68 (0.29x) | Greg Dulcich '23->TE96 (0.05x) | Jake Ferguson '23->TE9 (1.64x) | Blake Jarwin '20->TE108 (0.02x),oronde gadsden
Kyle Pitts,TE,TE yr-6 pick 4 10 ppg priced TE6 age 25,15,0.267,0.133,1.05,0.333,Kyle Pitts '24->TE15 (0.90x) | T.J. Hockenson '23->TE4 (1.18x) | Kyle Pitts '25->TE2 (1.74x) | Sam LaPorta '25->TE27 (0.64x),kyle pitts
Joe Flacco,QB,QB yr-19 pick 18 15 ppg priced QB57 age 41,15,0.533,0.067,1.31,0.067,Andy Dalton '24->QB42 (3.13x) | Joe Flacco '22->QB39 (1.72x) | Marcus Mariota '25->QB31 (4.30x) | Aaron Rodgers '23->QB75 (0.00x),joe flacco
Jake Tonges,TE,TE yr-5 8 ppg priced TE55 age 27,15,0.4,0.267,1.12,0.0,Donald Parham '23->TE28 (2.15x) | Jacob Hollister '21->TE72 (0.55x) | Colby Parkinson '25->TE16 (3.57x) | Foster Moreau '25->TE86 (0.35x),jake tonges
Davis Mills,QB,QB yr-6 pick 67 9 ppg priced QB42 age 27,15,0.4,0.467,0.96,0.0,Drew Lock '24->QB39 (0.96x) | Malik Willis '25->QB44 (1.70x) | Mac Jones '25->QB29 (4.55x) | Kyle Trask '23->QB76 (-0.00x),davis mills
Dak Prescott,QB,QB yr-11 pick 135 20 ppg priced QB7 age 32,15,0.2,0.133,0.98,0.133,Dak Prescott '25->QB7 (1.21x) | Dak Prescott '23->QB2 (1.36x) | Russell Wilson '20->QB4 (1.40x) | Dak Prescott '24->QB31 (0.44x),dak prescott
Antonio Williams,WR,WR rookie priced WR68 age 21,15,0.0,0.333,0.89,0.0,Terrace Marshall Jr. '21->WR141 (0.32x) | Rashod Bateman '21->WR71 (1.08x) | Jayden Higgins '25->WR47 (1.12x) | Ja'Lynn Polk '24->WR129 (0.32x),antonio williams
Matthew Stafford,QB,QB yr-18 pick 1 21 ppg priced QB10 age 38,15,0.2,0.133,1.06,0.2,Aaron Rodgers '20->QB1 (1.68x) | Aaron Rodgers '22->QB13 (1.06x) | Matthew Stafford '25->QB1 (2.02x) | Aaron Rodgers '23->QB75 (0.00x),matthew stafford
Khalil Shakir,WR,WR yr-5 pick 148 11 ppg priced WR43 age 26,15,0.267,0.267,1.1,0.0,Khalil Shakir '25->WR36 (1.13x) | Allen Lazard '22->WR34 (1.10x) | Jakobi Meyers '23->WR24 (1.70x) | DJ Chark '21->WR136 (0.26x),khalil shakir
Noah Gray,TE,TE yr-6 pick 162 5 ppg priced TE51 age 27,15,0.467,0.333,1.16,0.0,Colby Parkinson '25->TE16 (3.57x) | Will Dissly '23->TE52 (0.78x) | Foster Moreau '25->TE86 (0.35x),noah gray
Joe Milton,QB,QB rookie pick 193 priced QB44 age 26,15,0.2,0.4,0.85,0.0,Spencer Rattler '24->QB41 (1.78x) | Clayton Tune '23->QB65 (0.16x) | Aidan O'Connell '23->QB28 (4.43x) | Kellen Mond '21->QB73 (0.00x),joe milton
Justice Hill,RB,RB yr-8 pick 113 8 ppg priced RB47 age 28,15,0.267,0.2,0.96,0.0,James White '21->RB93 (0.34x) | Jamaal Williams '22->RB12 (2.49x) | Tevin Coleman '20->RB121 (0.13x),justice hill
Colston Loveland,TE,TE yr-2 pick 10 10 ppg priced TE3 age 22,15,0.133,0.267,0.9,0.2,Kyle Pitts '22->TE33 (0.40x) | T.J. Hockenson '21->TE15 (0.86x) | T.J. Hockenson '20->TE5 (1.47x),colston loveland
James Cook,RB,RB yr-5 pick 63 17 ppg priced RB7 age 26,15,0.267,0.133,0.98,0.267,Joe Mixon '22->RB11 (1.03x) | Alvin Kamara '22->RB16 (0.94x) | Jonathan Taylor '25->RB4 (1.60x) | Nick Chubb '23->RB86 (0.09x),james cook
Jauan Jennings,WR,WR yr-7 pick 217 13 ppg priced WR66 age 28 new team,15,0.267,0.333,1.04,0.0,Robbie Chosen '20->WR20 (2.30x) | Allen Lazard '23->WR101 (0.46x) | Donovan Peoples-Jones '23->WR141 (0.28x),jauan jennings
Rachaad White,RB,RB yr-5 pick 91 11 ppg priced RB37 age 27 new team,15,0.333,0.4,1.01,0.067,Zack Moss '24->RB52 (0.60x) | James Conner '21->RB5 (2.08x) | Chuba Hubbard '24->RB15 (2.17x) | Tevin Coleman '20->RB121 (0.13x),rachaad white
Sam Darnold,QB,QB yr-9 pick 3 20 ppg priced QB21 age 29,15,0.467,0.267,1.22,0.133,Jameis Winston '22->QB44 (0.19x) | Jared Goff '23->QB7 (1.31x) | Baker Mayfield '24->QB3 (1.89x),sam darnold
Andy Dalton,QB,QB yr-16 pick 35 9 ppg priced QB55 age 38 new team,15,0.6,0.267,1.41,0.0,Andy Dalton '24->QB42 (3.13x) | Jimmy Garoppolo '24->QB53 (0.69x) | Jacoby Brissett '25->QB15 (11.98x) | Josh Johnson '24->QB70 (0.02x),andy dalton
Jayden Reed,WR,WR yr-4 pick 50 11 ppg priced WR46 age 26,15,0.333,0.267,0.97,0.067,DJ Chark '21->WR136 (0.26x) | Michael Gallup '21->WR77 (0.64x) | Deebo Samuel Sr. '21->WR2 (2.09x),jayden reed
Chris Brooks,RB,RB yr-4 3 ppg priced RB64 age 26,15,0.467,0.067,1.28,0.0,Gus Edwards '22->RB65 (0.80x) | Jordan Mason '24->RB40 (1.33x) | Jeff Wilson '22->RB29 (2.39x) | Ty'Son Williams '21->RB86 (0.49x),chris brooks
Cade Otton,TE,TE yr-5 pick 106 9 ppg priced TE27 age 27,15,0.333,0.4,0.83,0.067,Dawson Knox '23->TE42 (0.56x) | Cade Otton '25->TE22 (1.20x) | Dalton Schultz '21->TE3 (2.62x) | Chris Herndon '21->TE84 (0.16x),cade otton
Kimani Vidal,RB,RB yr-3 pick 181 7 ppg priced RB66 age 24,15,0.333,0.467,0.92,0.0,Ty Johnson '21->RB45 (1.75x) | Deon Jackson '23->RB112 (0.12x) | Kyren Williams '23->RB7 (3.77x) | Isaac Guerendo '25->RB147 (0.00x),kimani vidal
Jaxon Smith-Njigba,WR,WR yr-4 pick 20 18 ppg priced WR3 age 24,15,0.2,0.133,0.94,0.267,CeeDee Lamb '23->WR1 (1.60x) | Ja'Marr Chase '24->WR1 (1.55x) | Malik Nabers '25->WR99 (0.22x),jaxon smith njigba
Jaylen Waddle,WR,WR yr-6 pick 6 11 ppg priced WR24 age 27 new team,15,0.267,0.067,1.07,0.0,DJ Moore '23->WR6 (1.41x) | Jaylen Waddle '25->WR23 (1.18x) | Brandin Cooks '20->WR17 (1.49x) | Corey Davis '21->WR69 (0.65x),jaylen waddle
Daniel Jones,QB,QB yr-8 pick 6 18 ppg priced QB24 age 29,15,0.467,0.267,1.28,0.067,Deshaun Watson '24->QB40 (0.38x) | Baker Mayfield '24->QB3 (1.89x) | Jameis Winston '22->QB44 (0.19x),daniel jones
Eli Raridon,TE,TE rookie priced TE58 age 22,15,0.267,0.6,0.47,0.0,Noah Gray '21->TE79 (0.54x) | Darnell Washington '23->TE82 (0.35x) | Tucker Kraft '23->TE29 (2.12x) | Thomas Fidone II '25->TE136 (0.00x),eli raridon
T.J. Hockenson,TE,TE yr-8 pick 8 8 ppg priced TE21 age 29,15,0.333,0.2,1.14,0.133,Eric Ebron '21->TE65 (0.35x) | Hunter Henry '23->TE19 (1.14x) | Zach Ertz '21->TE5 (1.67x),t j hockenson
TreVeyon Henderson,RB,RB yr-2 pick 38 12 ppg priced RB23 age 23,15,0.133,0.267,0.97,0.067,Devin Singletary '20->RB32 (0.93x) | Javonte Williams '23->RB29 (1.09x) | David Montgomery '20->RB4 (1.76x) | Javonte Williams '22->RB79 (0.20x),treveyon henderson
D'Andre Swift,RB,RB yr-7 pick 35 13 ppg priced RB22 age 27,15,0.4,0.2,1.23,0.0,D'Andre Swift '25->RB14 (1.38x) | David Montgomery '24->RB18 (1.32x) | Alvin Kamara '23->RB12 (1.40x) | Dalvin Cook '23->RB70 (0.28x),d andre swift
Geno Smith,QB,QB yr-14 pick 39 16 ppg priced QB26 age 35 new team,15,0.133,0.2,1.07,0.067,Geno Smith '25->QB24 (0.91x) | Ryan Tannehill '23->QB37 (0.41x) | Matthew Stafford '25->QB1 (2.02x) | Russell Wilson '25->QB45 (0.28x),geno smith
Tua Tagovailoa,QB,QB yr-7 pick 5 17 ppg priced QB31 age 28 new team,15,0.333,0.333,1.13,0.067,Daniel Jones '25->QB19 (1.28x) | Jared Goff '22->QB8 (1.56x) | Baker Mayfield '23->QB10 (2.01x) | Marcus Mariota '23->QB62 (0.16x),tua tagovailoa
Jalen Hurts,QB,QB yr-7 pick 53 23 ppg priced QB4 age 27,15,0.2,0.133,1.06,0.4,Jalen Hurts '25->QB8 (1.06x) | Lamar Jackson '24->QB1 (1.54x) | Kyler Murray '25->QB38 (0.29x),jalen hurts
Ladd McConkey,WR,WR yr-3 pick 34 13 ppg priced WR22 age 24,15,0.2,0.2,1.12,0.0,Tee Higgins '21->WR24 (1.12x) | Courtland Sutton '20->WR178 (0.06x) | Zay Flowers '25->WR7 (1.51x),ladd mcconkey
Brian Robinson,RB,RB yr-5 pick 98 7 ppg priced RB53 age 27 new team,15,0.467,0.333,1.13,0.0,D'Onta Foreman '23->RB52 (1.04x) | Antonio Gibson '24->RB44 (1.13x) | Jamaal Williams '22->RB12 (2.49x) | Damien Harris '23->RB91 (0.19x),brian robinson
Jake Browning,QB,QB rookie priced QB56 age 30 new team,15,0.267,0.333,1.0,0.0,Sean Clifford '23->QB73 (0.05x) | Riley Leonard '25->QB51 (1.07x) | Aidan O'Connell '23->QB28 (4.43x) | Kellen Mond '21->QB73 (0.00x),jake browning
Rome Odunze,WR,WR yr-3 pick 9 10 ppg priced WR28 age 24,15,0.333,0.2,1.18,0.0,Jerry Jeudy '22->WR22 (1.24x) | Jerry Jeudy '21->WR84 (0.52x) | Chris Olave '25->WR6 (1.63x) | Rashod Bateman '22->WR111 (0.34x),rome odunze
Michael Wilson,WR,WR yr-4 pick 94 11 ppg priced WR44 age 26,15,0.267,0.2,0.97,0.0,Michael Gallup '21->WR77 (0.64x) | DJ Chark '21->WR136 (0.26x) | Nico Collins '23->WR12 (1.99x),michael wilson
Jordan Love,QB,QB yr-7 pick 26 19 ppg priced QB20 age 27,15,0.267,0.267,1.04,0.133,Jordan Love '25->QB14 (1.04x) | Tua Tagovailoa '25->QB25 (0.83x) | Baker Mayfield '24->QB3 (1.89x) | Jameis Winston '22->QB44 (0.19x),jordan love
John Metchie,WR,WR yr-5 pick 44 6 ppg priced WR47 age 25 new team,15,0.333,0.333,0.91,0.0,Elijah Moore '23->WR52 (0.95x) | Marquise Brown '24->WR145 (0.14x) | Jerry Jeudy '24->WR16 (2.05x) | Curtis Samuel '21->WR178 (0.07x),john metchie
Erick All,TE,TE yr-3 pick 115 4 ppg priced TE45 age 25,15,0.333,0.267,0.91,0.0,Will Dissly '21->TE50 (0.91x) | Harrison Bryant '22->TE39 (0.97x) | AJ Barner '25->TE14 (2.68x) | Albert Okwuegbunam '23->TE118 (0.00x),erick all
Chris Godwin,WR,WR yr-10 pick 84 14 ppg priced WR39 age 30,15,0.267,0.0,1.04,0.0,Tyler Lockett '22->WR13 (1.54x) | DeAndre Hopkins '22->WR47 (1.04x) | Mike Evans '23->WR8 (1.71x) | Robert Woods '22->WR56 (0.79x),chris godwin
Dawson Knox,TE,TE yr-8 pick 96 5 ppg priced TE37 age 29,15,0.4,0.533,0.67,0.067,Austin Hooper '23->TE47 (0.67x) | Dawson Knox '24->TE41 (0.91x) | Jonnu Smith '24->TE4 (2.46x) | Gerald Everett '24->TE84 (0.15x),dawson knox
Isiah Pacheco,RB,RB yr-5 pick 251 7 ppg priced RB48 age 27 new team,15,0.2,0.6,0.5,0.0,Phillip Lindsay '21->RB84 (0.50x) | Khalil Herbert '24->RB84 (0.36x) | Jamaal Williams '22->RB12 (2.49x) | Darrel Williams '22->RB99 (0.24x),isiah pacheco
Kirk Cousins,QB,QB yr-15 pick 102 14 ppg priced QB35 age 37 new team,15,0.4,0.267,1.07,0.067,Kirk Cousins '25->QB35 (2.21x) | Russell Wilson '25->QB45 (0.28x) | Andy Dalton '24->QB42 (3.13x) | Jacoby Brissett '23->QB53 (0.26x),kirk cousins
Jake Ferguson,TE,TE yr-5 pick 129 10 ppg priced TE11 age 27,15,0.067,0.133,0.95,0.067,Jake Ferguson '25->TE4 (1.46x) | Dalton Schultz '23->TE10 (1.17x) | Robert Tonyan '21->TE49 (0.36x),jake ferguson
Isaiah Likely,TE,TE yr-5 pick 139 7 ppg priced TE13 age 26 new team,15,0.133,0.2,0.96,0.067,Jonnu Smith '21->TE36 (0.52x) | Jake Ferguson '25->TE4 (1.46x) | Blake Jarwin '20->TE108 (0.02x),isaiah likely
Patrick Mahomes,QB,QB yr-10 pick 10 22 ppg priced QB12 age 30,15,0.333,0.133,1.02,0.067,Jared Goff '25->QB5 (1.35x) | Jared Goff '24->QB6 (1.42x) | Ryan Tannehill '20->QB8 (1.69x) | Jameis Winston '22->QB44 (0.19x),patrick mahomes
Shedeur Sanders,QB,QB yr-2 pick 144 13 ppg priced QB33 age 24,15,0.2,0.4,0.8,0.0,Spencer Rattler '25->QB36 (0.80x) | Aidan O'Connell '24->QB38 (0.81x) | Bailey Zappe '23->QB38 (2.39x) | Jacob Eason '21->QB79 (-0.02x),shedeur sanders
Ja'Marr Chase,WR,WR yr-6 pick 5 22 ppg priced WR2 age 26,15,0.133,0.133,1.0,0.267,Ja'Marr Chase '25->WR4 (1.20x) | Justin Jefferson '25->WR20 (0.77x) | Ja'Marr Chase '24->WR1 (1.55x) | Calvin Ridley '21->WR102 (0.27x),ja marr chase
Grant Calcaterra,TE,TE yr-5 pick 198 3 ppg priced TE70 age 27,15,0.533,0.267,1.31,0.0,Ross Dwelley '22->TE80 (0.64x) | Pharaoh Brown '21->TE57 (1.31x) | Juwan Johnson '22->TE15 (4.39x) | Peyton Hendershot '23->TE92 (0.25x),grant calcaterra
Justin Herbert,QB,QB yr-7 pick 6 20 ppg priced QB16 age 28,15,0.267,0.267,1.04,0.067,Jared Goff '23->QB7 (1.31x) | Justin Herbert '25->QB10 (1.22x) | Baker Mayfield '24->QB3 (1.89x) | Jameis Winston '22->QB44 (0.19x),justin herbert
Tee Higgins,WR,WR yr-7 pick 33 16 ppg priced WR18 age 27,15,0.067,0.133,1.02,0.0,DJ Moore '24->WR15 (1.22x) | Michael Pittman '24->WR41 (0.82x) | Allen Robinson '20->WR9 (1.32x) | Brandon Aiyuk '24->WR105 (0.30x),tee higgins
Sam LaPorta,TE,TE yr-4 pick 34 11 ppg priced TE8 age 25,15,0.267,0.2,1.09,0.2,Sam LaPorta '25->TE27 (0.64x) | Dallas Goedert '21->TE9 (1.16x) | Mark Andrews '21->TE1 (1.89x) | Pat Freiermuth '23->TE31 (0.53x),sam laporta
Jalen Nailor,WR,WR yr-5 pick 191 6 ppg priced WR62 age 27 new team,15,0.133,0.4,0.94,0.0,Darnell Mooney '24->WR32 (1.87x) | Robbie Chosen '20->WR20 (2.30x) | Kenny Golladay '22->WR147 (0.17x),jalen nailor
Luther Burden,WR,WR yr-2 pick 39 9 ppg priced WR27 age 22,15,0.133,0.333,1.0,0.0,Rashod Bateman '22->WR111 (0.34x) | Jerry Jeudy '21->WR84 (0.52x) | Jaxon Smith-Njigba '24->WR10 (1.53x),luther burden
Lamar Jackson,QB,QB yr-9 pick 32 26 ppg priced QB2 age 29,15,0.2,0.133,1.06,0.467,Josh Allen '25->QB2 (1.11x) | Lamar Jackson '25->QB20 (0.70x) | Lamar Jackson '24->QB1 (1.54x) | Joe Burrow '25->QB28 (0.51x),lamar jackson
Eli Stowers,TE,TE rookie priced TE47 age 23,15,0.467,0.267,0.98,0.0,Gunnar Helm '25->TE31 (1.77x) | Charlie Kolar '22->TE94 (0.19x) | Oronde Gadsden II '25->TE15 (2.26x) | Thomas Fidone II '25->TE136 (0.00x),eli stowers
Jalen McMillan,WR,WR yr-3 pick 92 10 ppg priced WR63 age 24,15,0.467,0.067,1.26,0.0,Josh Downs '24->WR35 (1.59x) | Michael Wilson '24->WR59 (1.32x) | Curtis Samuel '20->WR23 (2.18x) | Cedric Tillman '25->WR96 (0.51x),jalen mcmillan
Davante Adams,WR,WR yr-13 pick 53 17 ppg priced WR19 age 33,15,0.067,0.267,1.09,0.0,Davante Adams '25->WR9 (1.09x) | Mike Evans '25->WR76 (0.41x) | Keenan Allen '23->WR7 (1.38x) | Julio Jones '21->WR92 (0.39x),davante adams
Aaron Rodgers,QB,QB yr-22 pick 24 18 ppg priced QB29 age 42,15,0.267,0.133,1.06,0.067,Aaron Rodgers '25->QB16 (1.31x) | Joe Flacco '25->QB27 (0.95x) | Joe Flacco '24->QB34 (2.31x) | Aaron Rodgers '23->QB75 (0.00x),aaron rodgers
Brenton Strange,TE,TE yr-4 pick 61 8 ppg priced TE16 age 25,15,0.267,0.333,0.97,0.067,Cole Kmet '23->TE8 (1.50x) | Jonnu Smith '20->TE17 (1.23x) | Kyle Pitts '25->TE2 (1.74x) | Greg Dulcich '23->TE96 (0.05x),brenton strange
Tyler Shough,QB,QB yr-2 pick 40 16 ppg priced QB17 age 26,15,0.267,0.133,1.02,0.133,Tua Tagovailoa '21->QB26 (0.79x) | Tua Tagovailoa '22->QB14 (1.02x) | Drake Maye '25->QB3 (1.49x) | Kenny Pickett '23->QB33 (0.51x),tyler shough
Tyrod Taylor,QB,QB yr-16 pick 180 12 ppg priced QB65 age 36 new team,15,0.533,0.4,1.72,0.0,Tyrod Taylor '25->QB42 (2.06x) | Tyrod Taylor '24->QB52 (0.69x) | Jacoby Brissett '25->QB15 (11.98x) | Josh Johnson '24->QB70 (0.02x),tyrod taylor
Baker Mayfield,QB,QB yr-9 pick 1 23 ppg priced QB18 age 31,15,0.467,0.067,1.19,0.133,Ryan Tannehill '20->QB8 (1.69x) | Jared Goff '25->QB5 (1.35x) | Baker Mayfield '24->QB3 (1.89x) | Jameis Winston '22->QB44 (0.19x),baker mayfield
James Conner,RB,RB yr-10 pick 105 15 ppg priced RB67 age 31,15,0.4,0.333,0.85,0.0,Kareem Hunt '25->RB29 (2.14x) | D'Onta Foreman '24->RB80 (0.62x) | Jerick McKinnon '22->RB20 (2.30x) | Leonard Fournette '23->RB121 (0.06x),james conner
Jeremy Ruckert,TE,TE yr-5 pick 101 3 ppg priced TE63 age 25,15,0.667,0.2,1.58,0.0,Daniel Bellinger '25->TE47 (1.94x) | Ian Thomas '22->TE52 (1.33x) | Foster Moreau '24->TE29 (3.37x) | Kylen Granson '25->TE91 (0.36x),jeremy ruckert
Tyler Warren,TE,TE yr-2 pick 14 11 ppg priced TE4 age 24,15,0.133,0.333,0.86,0.2,T.J. Hockenson '21->TE15 (0.86x) | Sam LaPorta '25->TE27 (0.64x) | T.J. Hockenson '22->TE2 (1.50x) | Kyle Pitts '22->TE33 (0.40x),tyler warren
Kenyon Sadiq,TE,TE rookie priced TE25 age 21,15,0.267,0.2,0.84,0.133,Mason Taylor '25->TE33 (0.80x) | Luke Musgrave '23->TE30 (0.74x) | Harold Fannin Jr. '25->TE6 (2.20x) | Ben Sinnott '24->TE80 (0.15x),kenyon sadiq
Christian Watson,WR,WR yr-5 pick 34 10 ppg priced WR35 age 27,15,0.533,0.0,1.36,0.067,Courtland Sutton '21->WR44 (0.90x) | Courtland Sutton '23->WR35 (1.20x) | Deebo Samuel Sr. '21->WR2 (2.09x) | Marquise Brown '23->WR53 (0.82x),christian watson
Will Levis,QB,QB yr-4 pick 33 13 ppg priced QB46 age 27,15,0.267,0.6,0.59,0.0,Mac Jones '24->QB36 (3.28x) | Malik Willis '25->QB44 (1.70x) | Mac Jones '25->QB29 (4.55x) | Jarrett Stidham '24->QB72 (0.01x),will levis
Jakobi Meyers,WR,WR yr-8 13 ppg priced WR37 age 29,15,0.333,0.133,1.2,0.0,Jarvis Landry '21->WR51 (0.92x) | Chris Godwin Jr. '24->WR53 (0.84x) | Tyler Lockett '22->WR13 (1.54x) | Mike Williams '23->WR113 (0.30x),jakobi meyers
Carson Beck,QB,QB rookie priced QB38 age 23,15,0.333,0.4,0.85,0.0,Jalen Milroe '25->QB72 (0.01x) | Davis Mills '21->QB28 (3.08x) | Kellen Mond '21->QB73 (0.00x),carson beck
Tyler Higbee,TE,TE yr-11 pick 110 8 ppg priced TE39 age 33,15,0.2,0.533,0.67,0.0,Tyler Higbee '25->TE40 (0.91x) | Tyler Higbee '24->TE65 (0.42x) | Zach Ertz '24->TE8 (1.93x) | Gerald Everett '24->TE84 (0.15x),tyler higbee
Ricky Pearsall,WR,WR yr-3 pick 31 9 ppg priced WR50 age 25,15,0.267,0.333,0.79,0.0,Rashod Bateman '23->WR85 (0.59x) | Anthony Miller '20->WR69 (0.91x) | Nico Collins '23->WR12 (1.99x) | DJ Chark '21->WR136 (0.26x),ricky pearsall
Emeka Egbuka,WR,WR yr-2 pick 19 11 ppg priced WR21 age 23,15,0.067,0.333,1.01,0.0,Marvin Harrison Jr. '25->WR49 (0.61x) | Drake London '23->WR37 (0.97x) | DK Metcalf '20->WR6 (1.41x) | Rashod Bateman '22->WR111 (0.34x),emeka egbuka
Nico Collins,WR,WR yr-6 pick 89 16 ppg priced WR10 age 27,15,0.133,0.133,1.03,0.067,Allen Robinson '20->WR9 (1.32x) | Nico Collins '25->WR8 (0.89x) | Tyler Lockett '20->WR8 (1.38x) | Kenny Golladay '20->WR102 (0.29x),nico collins
Bryce Young,QB,QB yr-4 pick 1 17 ppg priced QB25 age 24,15,0.133,0.2,0.84,0.067,Bryce Young '25->QB18 (1.13x) | Daniel Jones '22->QB12 (1.34x) | Trevor Lawrence '25->QB4 (1.49x) | Anthony Richardson '25->QB67 (0.01x),bryce young
Terrance Ferguson,TE,TE yr-2 pick 46 5 ppg priced TE31 age 23,15,0.333,0.4,0.99,0.0,Michael Mayer '24->TE53 (0.46x) | Trey McBride '23->TE7 (1.99x) | Greg Dulcich '24->TE93 (0.09x),terrance ferguson
Josh Oliver,TE,TE yr-8 pick 69 5 ppg priced TE49 age 29,15,0.333,0.4,0.87,0.0,Dawson Knox '25->TE29 (1.96x) | Maxx Williams '21->TE56 (1.12x) | Austin Hooper '24->TE23 (2.99x) | Richard Rodgers '21->TE111 (0.08x),josh oliver
Jordan Mason,RB,RB yr-5 9 ppg priced RB40 age 27,15,0.467,0.467,1.06,0.0,Leonard Fournette '21->RB6 (2.26x) | Tevin Coleman '20->RB121 (0.13x) | Jamaal Williams '22->RB12 (2.49x),jordan mason
Rico Dowdle,RB,RB yr-7 13 ppg priced RB27 age 28 new team,15,0.133,0.4,0.78,0.0,Raheem Mostert '21->RB142 (0.01x) | Tony Pollard '24->RB22 (1.25x) | Alvin Kamara '23->RB12 (1.40x),rico dowdle
Tyler Huntley,QB,QB yr-7 11 ppg priced QB60 age 28,15,0.533,0.4,1.31,0.0,Drew Lock '25->QB73 (0.00x) | Taylor Heinicke '21->QB21 (7.62x) | Tyson Bagent '24->QB77 (-0.01x),tyler huntley
George Pickens,WR,WR yr-5 pick 52 15 ppg priced WR12 age 25,15,0.133,0.2,1.04,0.2,DJ Moore '22->WR25 (0.97x) | A.J. Brown '22->WR5 (1.45x) | Jaxon Smith-Njigba '25->WR2 (1.73x) | Chris Olave '24->WR91 (0.38x),george pickens
Tommy Tremble,TE,TE yr-6 pick 83 5 ppg priced TE43 age 26,15,0.467,0.2,1.02,0.0,Dawson Knox '24->TE41 (0.91x) | Will Dissly '23->TE52 (0.78x) | David Njoku '21->TE23 (2.54x) | Adam Shaheen '21->TE68 (0.43x),tommy tremble
Tucker Kraft,TE,TE yr-4 pick 78 11 ppg priced TE9 age 25,15,0.267,0.133,1.04,0.2,Dawson Knox '22->TE14 (1.04x) | Tucker Kraft '25->TE24 (0.90x) | Mark Andrews '21->TE1 (1.89x) | Pat Freiermuth '23->TE31 (0.53x),tucker kraft
Theo Johnson,TE,TE yr-3 pick 107 8 ppg priced TE38 age 25,15,0.533,0.2,1.32,0.067,Daniel Bellinger '23->TE45 (0.78x) | Harrison Bryant '22->TE39 (0.97x) | AJ Barner '25->TE14 (2.68x) | Chris Herndon '21->TE84 (0.16x),theo johnson
Braelon Allen,RB,RB yr-3 pick 134 5 ppg priced RB56 age 22,15,0.467,0.267,1.06,0.0,Chuba Hubbard '23->RB28 (2.08x) | Benny Snell '20->RB60 (0.96x) | Nyheim Hines '20->RB18 (2.31x) | Roschon Johnson '25->RB127 (0.02x),braelon allen
Garrett Wilson,WR,WR yr-5 pick 10 15 ppg priced WR13 age 25,15,0.133,0.267,0.95,0.133,Garrett Wilson '25->WR61 (0.48x) | DJ Moore '22->WR25 (0.97x) | Jaxon Smith-Njigba '25->WR2 (1.73x) | Brandon Aiyuk '24->WR105 (0.30x),garrett wilson
Keaton Mitchell,RB,RB yr-4 4 ppg priced RB57 age 24 new team,15,0.333,0.4,0.76,0.0,Ito Smith '19->RB83 (0.44x) | Jordan Mason '24->RB40 (1.33x) | Nyheim Hines '20->RB18 (2.31x) | Roschon Johnson '25->RB127 (0.02x),keaton mitchell
Nate Boerkircher,TE,TE rookie priced TE65 age 24,15,0.267,0.533,0.54,0.0,Payne Durham '23->TE87 (0.35x) | Jake Ferguson '22->TE48 (1.58x) | Cade Otton '22->TE26 (2.20x) | Jared Wiley '24->TE108 (0.06x),nate boerkircher
Blake Corum,RB,RB yr-3 pick 83 5 ppg priced RB41 age 25,15,0.467,0.067,1.21,0.0,Kareem Hunt '19->RB48 (1.07x) | AJ Dillon '21->RB23 (1.74x) | Devin Singletary '21->RB19 (1.96x) | Trey Benson '25->RB77 (0.35x),blake corum
Daniel Bellinger,TE,TE yr-5 pick 112 3 ppg priced TE50 age 25 new team,15,0.4,0.2,0.93,0.0,Albert Okwuegbunam '23->TE118 (0.00x) | Foster Moreau '23->TE49 (1.16x) | Colby Parkinson '25->TE16 (3.57x),daniel bellinger
Woody Marks,RB,RB yr-2 pick 116 9 ppg priced RB49 age 25,15,0.533,0.133,1.39,0.0,Ray Davis '25->RB65 (0.63x) | Tony Pollard '20->RB41 (1.40x) | Chuba Hubbard '23->RB28 (2.08x) | Jerome Ford '25->RB71 (0.48x),woody marks
Mike Evans,WR,WR yr-13 pick 7 15 ppg priced WR25 age 32 new team,15,0.133,0.2,1.09,0.0,Julio Jones '21->WR92 (0.39x) | Amari Cooper '24->WR63 (0.74x) | Mike Evans '23->WR8 (1.71x) | Calvin Ridley '25->WR115 (0.29x),mike evans
Tyler Allgeier,RB,RB yr-5 pick 151 7 ppg priced RB58 age 26 new team,15,0.467,0.333,0.92,0.0,DeAndre Washington '20->RB110 (0.27x) | Malcolm Brown '19->RB68 (0.71x) | Jeff Wilson '22->RB29 (2.39x) | Marlon Mack '21->RB113 (0.19x),tyler allgeier
RJ Harvey,RB,RB yr-2 pick 60 12 ppg priced RB34 age 25,15,0.4,0.133,1.02,0.067,Zach Charbonnet '25->RB25 (1.18x) | Devin Singletary '22->RB23 (1.48x) | Rhamondre Stevenson '22->RB8 (1.80x) | Ronald Jones '21->RB61 (0.60x),rj harvey
Cole Payton,QB,QB rookie priced QB70 age 23,15,0.267,0.4,0.85,0.0,Joe Milton III '24->QB54 (1.00x) | Riley Leonard '25->QB51 (1.07x) | Aidan O'Connell '23->QB28 (4.43x) | Kellen Mond '21->QB73 (0.00x),cole payton
Derrick Henry,RB,RB yr-11 pick 45 18 ppg priced RB9 age 32,15,0.133,0.2,1.03,0.2,Derrick Henry '25->RB7 (1.23x) | Derrick Henry '23->RB9 (1.08x) | Jonathan Taylor '25->RB4 (1.60x) | Nick Chubb '23->RB86 (0.09x),derrick henry
Cam Ward,QB,QB yr-2 pick 1 14 ppg priced QB28 age 24,15,0.067,0.4,0.83,0.0,Zach Wilson '22->QB34 (0.52x) | Bryce Young '24->QB20 (1.06x) | Trevor Lawrence '22->QB6 (1.33x) | Anthony Richardson '25->QB67 (0.01x),cam ward
Puka Nacua,WR,WR yr-4 pick 177 22 ppg priced WR1 age 25,15,0.267,0.067,1.13,0.467,Amon-Ra St. Brown '24->WR2 (1.23x) | Tyreek Hill '21->WR6 (1.13x) | Puka Nacua '25->WR1 (1.57x) | Michael Thomas '20->WR93 (0.34x),puka nacua
Calvin Ridley,WR,WR yr-9 pick 26 10 ppg priced WR64 age 31,15,0.067,0.333,0.8,0.0,Brandin Cooks '24->WR96 (0.60x) | Marquise Brown '25->WR44 (1.22x) | Curtis Samuel '23->WR42 (1.65x) | Jarvis Landry '22->WR108 (0.49x),calvin ridley
Kenny Pickett,QB,QB yr-5 pick 20 4 ppg priced QB47 age 28 new team,15,0.467,0.467,0.96,0.0,Kenny Pickett '25->QB60 (0.34x) | Zach Wilson '25->QB70 (0.04x) | Mac Jones '25->QB29 (4.55x),kenny pickett
Darnell Washington,TE,TE yr-4 pick 93 5 ppg priced TE36 age 24,15,0.267,0.333,0.91,0.0,Harrison Bryant '22->TE39 (0.97x) | Daniel Bellinger '24->TE66 (0.45x) | Tyler Conklin '21->TE16 (2.13x) | Greg Dulcich '24->TE93 (0.09x),darnell washington
Marlin Klein,TE,TE rookie priced TE60 age 23,15,0.267,0.6,0.47,0.0,Jaheim Bell '24->TE99 (0.13x) | Noah Gray '21->TE79 (0.54x) | Tucker Kraft '23->TE29 (2.12x) | Thomas Fidone II '25->TE136 (0.00x),marlin klein
A.J. Brown,WR,WR yr-8 pick 51 16 ppg priced WR9 age 29 new team,15,0.067,0.2,1.04,0.133,Allen Robinson '21->WR83 (0.40x) | A.J. Brown '25->WR11 (1.04x) | Allen Robinson '20->WR9 (1.32x),a j brown
Christian McCaffrey,RB,RB yr-10 pick 8 22 ppg priced RB3 age 30,15,0.2,0.133,1.0,0.267,Saquon Barkley '25->RB15 (0.93x) | Christian McCaffrey '24->RB68 (0.20x) | Christian McCaffrey '25->RB1 (1.66x),christian mccaffrey
Justin Fields,QB,QB yr-6 pick 11 15 ppg priced QB45 age 27 new team,15,0.333,0.333,0.96,0.0,Sam Darnold '23->QB52 (0.76x) | Mitchell Trubisky '21->QB62 (0.21x) | Mac Jones '25->QB29 (4.55x) | Jarrett Stidham '24->QB72 (0.01x),justin fields
Saquon Barkley,RB,RB yr-9 pick 2 18 ppg priced RB10 age 29,15,0.267,0.133,1.08,0.267,Josh Jacobs '25->RB13 (1.03x) | Leonard Fournette '22->RB14 (1.00x) | Christian McCaffrey '25->RB1 (1.66x) | Nick Chubb '23->RB86 (0.09x),saquon barkley
Tony Pollard,RB,RB yr-8 pick 128 12 ppg priced RB26 age 29,15,0.2,0.267,0.86,0.0,Tony Pollard '25->RB23 (1.12x) | James White '20->RB42 (0.86x) | James Conner '24->RB11 (1.46x) | Raheem Mostert '21->RB142 (0.01x),tony pollard
Tre Tucker,WR,WR yr-4 pick 100 9 ppg priced WR59 age 25,15,0.333,0.2,1.0,0.0,Romeo Doubs '25->WR37 (1.42x) | Cedric Tillman '25->WR96 (0.51x) | Nico Collins '23->WR12 (1.99x) | Gabe Davis '24->WR109 (0.48x),tre tucker
Trey McBride,TE,TE yr-5 pick 55 17 ppg priced TE1 age 26,15,0.267,0.067,1.05,0.467,Trey McBride '25->TE1 (1.66x) | Mark Andrews '22->TE4 (0.99x) | Mark Andrews '21->TE1 (1.89x) | George Kittle '20->TE20 (0.70x),trey mcbride
Jadarian Price,RB,RB rookie priced RB30 age 22,15,0.267,0.267,1.09,0.0,Kaleb Johnson '25->RB109 (0.06x) | D'Andre Swift '20->RB16 (1.31x) | Kenneth Walker III '22->RB18 (1.79x),jadarian price
Alec Pierce,WR,WR yr-5 pick 53 11 ppg priced WR26 age 26,15,0.333,0.067,1.22,0.067,Tee Higgins '24->WR17 (1.36x) | Diontae Johnson '23->WR45 (0.90x) | George Pickens '25->WR5 (1.76x) | JuJu Smith-Schuster '21->WR133 (0.21x),alec pierce
Hunter Henry,TE,TE yr-11 pick 35 10 ppg priced TE18 age 31,15,0.333,0.133,1.01,0.067,Hunter Henry '25->TE9 (1.52x) | Rob Gronkowski '21->TE7 (1.42x) | Zach Ertz '21->TE5 (1.67x) | Zach Ertz '23->TE43 (0.58x),hunter henry
Trevor Lawrence,QB,QB yr-6 pick 1 21 ppg priced QB13 age 26,15,0.067,0.2,0.91,0.0,Tua Tagovailoa '24->QB21 (0.79x) | Daniel Jones '23->QB45 (0.22x) | Joe Burrow '21->QB8 (1.38x),trevor lawrence
Jaxson Dart,QB,QB yr-2 pick 25 20 ppg priced QB8 age 23,15,0.4,0.133,1.09,0.267,Anthony Richardson '24->QB25 (0.55x) | Kyler Murray '20->QB6 (1.41x) | Josh Allen '20->QB2 (1.78x) | Jayden Daniels '25->QB34 (0.37x),jaxson dart
Evan Engram,TE,TE yr-10 pick 23 8 ppg priced TE28 age 31,15,0.467,0.333,1.14,0.133,Hunter Henry '25->TE9 (1.52x) | Zach Ertz '21->TE5 (1.67x) | Jonnu Smith '24->TE4 (2.46x) | Gerald Everett '24->TE84 (0.15x),evan engram
Jacory Croskey-Merritt,RB,RB yr-2 pick 245 8 ppg priced RB39 age 25,15,0.2,0.333,0.96,0.0,Isiah Pacheco '23->RB15 (1.42x) | Khalil Herbert '23->RB43 (0.80x) | Jaylen Warren '23->RB20 (1.86x) | Justin Jackson '19->RB88 (0.36x),jacory croskey merritt
J.J. McCarthy,QB,QB yr-3 pick 10 15 ppg priced QB39 age 23,15,0.067,0.333,0.84,0.0,Anthony Richardson '25->QB67 (0.01x) | Sam Darnold '22->QB35 (1.72x),j j mccarthy
Rashid Shaheed,WR,WR yr-5 9 ppg priced WR57 age 27,15,0.2,0.267,0.91,0.0,Michael Gallup '22->WR68 (0.91x) | Rashid Shaheed '24->WR94 (0.64x) | Robbie Chosen '20->WR20 (2.30x) | Rashod Bateman '25->WR103 (0.45x),rashid shaheed
Ashton Jeanty,RB,RB yr-2 pick 6 15 ppg priced RB6 age 22,15,0.267,0.2,1.04,0.267,Bijan Robinson '24->RB3 (1.36x) | Josh Jacobs '20->RB8 (1.07x) | Jonathan Taylor '21->RB1 (1.62x) | Saquon Barkley '20->RB116 (0.07x),ashton jeanty
Riley Leonard,QB,QB rookie pick 189 priced QB36 age 23,15,0.333,0.333,0.92,0.0,Shedeur Sanders '25->QB37 (0.92x) | Sam Howell '22->QB58 (0.12x) | Aidan O'Connell '23->QB28 (4.43x) | Kellen Mond '21->QB73 (0.00x),riley leonard
Mitchell Evans,TE,TE yr-2 pick 163 3 ppg priced TE64 age 23,15,0.4,0.4,1.01,0.0,Will Mallory '24->TE95 (0.22x) | Peyton Hendershot '23->TE92 (0.25x) | Juwan Johnson '22->TE15 (4.39x) | Payne Durham '25->TE115 (0.07x),mitchell evans
Chris Rodriguez,RB,RB yr-4 pick 193 6 ppg priced RB45 age 26 new team,15,0.4,0.4,1.06,0.0,Phillip Lindsay '21->RB84 (0.50x) | Rico Dowdle '24->RB23 (2.19x) | Darrel Williams '21->RB21 (2.23x) | Ty Chandler '24->RB90 (0.31x),chris rodriguez
DJ Moore,WR,WR yr-9 pick 24 12 ppg priced WR29 age 29 new team,15,0.2,0.267,0.84,0.0,Odell Beckham Jr. '21->WR55 (0.78x) | Amari Cooper '22->WR11 (1.49x) | Mike Evans '23->WR8 (1.71x) | Calvin Ridley '25->WR115 (0.29x),dj moore
Dallas Goedert,TE,TE yr-9 pick 49 12 ppg priced TE12 age 31,15,0.267,0.2,0.83,0.067,Dallas Goedert '25->TE7 (1.53x) | Zach Ertz '22->TE20 (0.79x) | Evan Engram '23->TE2 (1.65x) | Logan Thomas '21->TE45 (0.39x),dallas goedert
Kaelon Black,RB,RB rookie priced RB61 age 24,15,0.533,0.333,1.33,0.0,Rhamondre Stevenson '21->RB47 (1.33x) | Woody Marks '25->RB30 (1.65x) | Tyrone Tracy Jr. '24->RB26 (2.12x) | MarShawn Lloyd '24->RB122 (0.03x),kaelon black
Ben Sims,TE,TE rookie priced TE54 age 26 new team,15,0.333,0.4,0.73,0.0,Elijah Higgins '23->TE56 (0.98x) | Darnell Washington '23->TE82 (0.35x) | Cade Otton '22->TE26 (2.20x) | Thomas Fidone II '25->TE136 (0.00x),ben sims
Tyrone Tracy,RB,RB yr-3 pick 166 11 ppg priced RB46 age 26,15,0.267,0.333,1.03,0.0,Jerome Ford '25->RB71 (0.48x) | Elijah Mitchell '23->RB64 (0.52x) | Chuba Hubbard '24->RB15 (2.17x) | Ty Chandler '24->RB90 (0.31x),tyrone tracy
Rashee Rice,WR,WR yr-4 pick 55 18 ppg priced WR8 age 26,15,0.067,0.133,0.89,0.133,A.J. Brown '23->WR5 (1.28x) | A.J. Brown '21->WR33 (0.79x) | CeeDee Lamb '23->WR1 (1.60x) | Calvin Ridley '21->WR102 (0.27x),rashee rice
De'Von Achane,RB,RB yr-4 pick 84 19 ppg priced RB5 age 24,15,0.2,0.133,0.98,0.333,De'Von Achane '25->RB5 (1.29x) | Alvin Kamara '20->RB1 (1.60x) | Saquon Barkley '20->RB116 (0.07x),de von achane
Michael Penix,QB,QB yr-3 pick 8 14 ppg priced QB34 age 26,15,0.067,0.533,0.67,0.0,Zach Wilson '23->QB29 (0.98x) | Mac Jones '23->QB30 (0.66x) | Sam Darnold '22->QB35 (1.72x) | Anthony Richardson '25->QB67 (0.01x),michael penix
Carnell Tate,WR,WR rookie priced WR34 age 21,15,0.333,0.2,1.17,0.133,Drake London '22->WR28 (1.11x) | Jordan Addison '23->WR23 (1.34x) | Brian Thomas Jr. '24->WR5 (1.89x) | Matthew Golden '25->WR89 (0.44x),carnell tate
Mike Gesicki,TE,TE yr-9 pick 42 8 ppg priced TE30 age 30,15,0.467,0.267,1.14,0.133,Mike Gesicki '25->TE41 (0.67x) | Gerald Everett '24->TE84 (0.15x) | Jonnu Smith '24->TE4 (2.46x),mike gesicki
Jeremiyah Love,RB,RB rookie priced RB12 age 21,15,0.267,0.2,1.08,0.067,Jahmyr Gibbs '23->RB10 (1.08x) | Najee Harris '21->RB3 (1.34x) | Jonathan Taylor '20->RB6 (1.57x) | Cam Akers '20->RB45 (0.68x),jeremiyah love
Adam Trautman,TE,TE yr-7 pick 105 3 ppg priced TE57 age 29,15,0.667,0.267,1.48,0.0,Nick Vannett '22->TE90 (0.31x) | Foster Moreau '25->TE86 (0.35x) | Colby Parkinson '25->TE16 (3.57x) | Richard Rodgers '21->TE111 (0.08x),adam trautman
Bijan Robinson,RB,RB yr-4 pick 8 21 ppg priced RB2 age 24,15,0.333,0.267,0.91,0.333,Jahmyr Gibbs '25->RB3 (1.47x) | Bijan Robinson '25->RB2 (1.50x) | Alvin Kamara '20->RB1 (1.60x) | Saquon Barkley '20->RB116 (0.07x),bijan robinson
DeVonta Smith,WR,WR yr-6 pick 10 13 ppg priced WR15 age 27,15,0.067,0.2,0.97,0.0,Amari Cooper '20->WR15 (1.22x) | Amari Cooper '21->WR27 (0.99x) | DJ Moore '23->WR6 (1.41x) | Brandon Aiyuk '24->WR105 (0.30x),devonta smith
Tommy DeVito,QB,QB rookie priced QB53 age 27,15,0.267,0.333,1.0,0.0,Sean Clifford '23->QB73 (0.05x) | Aidan O'Connell '23->QB28 (4.43x) | Kellen Mond '21->QB73 (0.00x),tommy devito
Shane Buechele,QB,QB rookie priced QB43 age 28 new team,15,0.267,0.4,0.85,0.0,Clayton Tune '23->QB65 (0.16x) | Spencer Rattler '24->QB41 (1.78x) | Aidan O'Connell '23->QB28 (4.43x) | Kellen Mond '21->QB73 (0.00x),shane buechele
Bhayshul Tuten,RB,RB yr-2 pick 104 6 ppg priced RB25 age 23,15,0.333,0.133,0.97,0.133,James Cook '23->RB11 (1.43x) | Zamir White '24->RB82 (0.21x) | David Montgomery '20->RB4 (1.76x),bhayshul tuten
Drake London,WR,WR yr-5 pick 8 17 ppg priced WR6 age 24,15,0.2,0.133,1.06,0.333,Drake London '25->WR18 (0.92x) | Ja'Marr Chase '24->WR1 (1.55x) | CeeDee Lamb '23->WR1 (1.60x) | Garrett Wilson '25->WR61 (0.48x),drake london
Malik Nabers,WR,WR yr-3 pick 6 17 ppg priced WR16 age 22,15,0.2,0.333,1.07,0.2,Jaylen Waddle '22->WR8 (1.27x) | Tee Higgins '22->WR19 (1.07x) | Jaxon Smith-Njigba '25->WR2 (1.73x) | Malik Nabers '25->WR99 (0.22x),malik nabers
Anthony Richardson,QB,QB yr-4 pick 4 14 ppg priced QB40 age 24,15,0.2,0.4,0.81,0.0,Sam Darnold '22->QB35 (1.72x) | Zach Wilson '23->QB29 (0.98x) | Mac Jones '24->QB36 (3.28x) | Anthony Richardson '25->QB67 (0.01x),anthony richardson
Joe Burrow,QB,QB yr-7 pick 1 25 ppg priced QB3 age 29,15,0.133,0.267,1.06,0.467,Josh Allen '24->QB4 (1.16x) | Joe Burrow '25->QB28 (0.51x) | Lamar Jackson '24->QB1 (1.54x) | Kyler Murray '25->QB38 (0.29x),joe burrow
Xavier Worthy,WR,WR yr-3 pick 28 10 ppg priced WR52 age 23,15,0.267,0.2,0.91,0.0,Rashod Bateman '23->WR85 (0.59x) | Marquise Brown '21->WR21 (1.76x) | Nico Collins '23->WR12 (1.99x) | Jayden Reed '25->WR113 (0.37x),xavier worthy
Davis Allen,TE,TE yr-4 pick 175 3 ppg priced TE62 age 25,15,0.333,0.467,0.74,0.0,Payne Durham '25->TE115 (0.07x) | Ross Dwelley '21->TE83 (0.49x) | Juwan Johnson '22->TE15 (4.39x),davis allen
Jahmyr Gibbs,RB,RB yr-4 pick 12 22 ppg priced RB1 age 24,15,0.4,0.267,0.96,0.4,Jahmyr Gibbs '25->RB3 (1.47x) | Bijan Robinson '25->RB2 (1.50x) | Alvin Kamara '20->RB1 (1.60x) | Saquon Barkley '20->RB116 (0.07x),jahmyr gibbs
Jared Goff,QB,QB yr-11 pick 1 23 ppg priced QB15 age 31,15,0.267,0.133,1.03,0.067,Jared Goff '25->QB5 (1.35x) | Geno Smith '23->QB19 (0.97x) | Ryan Tannehill '20->QB8 (1.69x) | Jameis Winston '22->QB44 (0.19x),jared goff
Trey Lance,QB,QB yr-6 pick 3 4 ppg priced QB64 age 26,15,0.4,0.6,0.55,0.0,Trey Lance '24->QB60 (0.55x) | Davis Mills '25->QB41 (3.28x) | Mac Jones '25->QB29 (4.55x) | Clayton Tune '24->QB74 (-0.00x),trey lance
Jameson Williams,WR,WR yr-5 pick 12 14 ppg priced WR23 age 25,15,0.267,0.2,1.19,0.0,DJ Moore '21->WR17 (1.34x) | DeVonta Smith '25->WR19 (1.19x) | Brandon Aiyuk '23->WR13 (1.52x) | Courtland Sutton '20->WR178 (0.06x),jameson williams
George Kittle,TE,TE yr-10 pick 146 15 ppg priced TE10 age 32,15,0.2,0.133,0.92,0.333,George Kittle '25->TE13 (0.86x) | George Kittle '24->TE3 (1.67x) | Logan Thomas '21->TE45 (0.39x),george kittle
Marvin Harrison,WR,WR yr-3 pick 4 11 ppg priced WR32 age 23,15,0.4,0.133,1.24,0.067,Jahan Dotson '23->WR56 (0.76x) | DeVonta Smith '22->WR9 (1.56x) | Deebo Samuel Sr. '21->WR2 (2.09x) | Jerry Jeudy '21->WR84 (0.52x),marvin harrison
Jameis Winston,QB,QB yr-12 pick 1 14 ppg priced QB50 age 32,15,0.467,0.4,0.8,0.067,Marcus Mariota '25->QB31 (4.30x) | Jameis Winston '25->QB46 (1.33x) | Ryan Tannehill '23->QB37 (0.41x),jameis winston
Nick Vannett,TE,TE vet 4 ppg priced TE69 age 33,15,0.333,0.533,0.65,0.0,Cameron Brate '21->TE28 (2.56x) | Jordan Akins '24->TE32 (2.96x) | Darren Fells '21->TE92 (0.27x),nick vannett
Ty Simpson,QB,QB rookie priced QB37 age 23,15,0.333,0.333,0.92,0.0,Jalen Milroe '25->QB72 (0.01x) | Davis Mills '21->QB28 (3.08x) | Kellen Mond '21->QB73 (0.00x),ty simpson
Brock Purdy,QB,QB yr-5 pick 262 22 ppg priced QB9 age 26,15,0.133,0.133,0.97,0.2,Brock Purdy '25->QB23 (0.76x) | Brock Purdy '24->QB13 (1.09x) | Brock Purdy '23->QB6 (1.52x) | Daniel Jones '23->QB45 (0.22x),brock purdy
Brock Wright,TE,TE yr-6 4 ppg priced TE52 age 27,15,0.467,0.4,1.12,0.0,Pharaoh Brown '22->TE74 (0.64x) | Josh Oliver '24->TE38 (1.78x) | Colby Parkinson '25->TE16 (3.57x) | Anthony Firkser '22->TE82 (0.37x),brock wright
Fernando Mendoza,QB,QB rookie priced QB30 age 22,15,0.333,0.267,1.06,0.0,Drake Maye '24->QB23 (1.14x) | C.J. Stroud '23->QB11 (1.56x) | Davis Mills '21->QB28 (3.08x) | Jalen Milroe '25->QB72 (0.01x),fernando mendoza
Quinshon Judkins,RB,RB yr-2 pick 36 12 ppg priced RB21 age 22,15,0.2,0.267,0.98,0.133,Javonte Williams '22->RB79 (0.20x) | Kenneth Walker III '23->RB22 (1.06x) | Breece Hall '23->RB2 (1.44x),quinshon judkins
Connor Heyward,TE,TE yr-5 pick 208 2 ppg priced TE66 age 27 new team,15,0.333,0.4,0.94,0.0,Stone Smartt '25->TE89 (0.40x) | Ross Dwelley '22->TE80 (0.64x) | Juwan Johnson '22->TE15 (4.39x) | Kylen Granson '25->TE91 (0.36x),connor heyward
Kenneth Walker,RB,RB yr-5 pick 41 13 ppg priced RB14 age 25 new team,15,0.267,0.133,1.01,0.133,Miles Sanders '23->RB50 (0.53x) | Josh Jacobs '24->RB6 (1.32x) | James Cook '24->RB8 (1.33x) | Joe Mixon '20->RB48 (0.48x),kenneth walker
Dalton Kincaid,TE,TE yr-4 pick 25 9 ppg priced TE15 age 26,15,0.333,0.0,1.16,0.067,Evan Engram '21->TE24 (0.82x) | Cole Kmet '23->TE8 (1.50x) | Kyle Pitts '25->TE2 (1.74x) | Hayden Hurst '21->TE37 (0.72x),dalton kincaid
Amon-Ra St. Brown,WR,WR yr-6 pick 112 19 ppg priced WR4 age 26,15,0.2,0.133,1.09,0.4,Amon-Ra St. Brown '25->WR3 (1.24x) | Nico Collins '25->WR8 (0.89x) | Davante Adams '20->WR1 (1.45x) | Calvin Ridley '21->WR102 (0.27x),amon ra st brown
Chris Oladokun,QB,QB rookie pick 241 priced QB59 age 28,15,0.2,0.4,0.85,0.0,Sean Clifford '23->QB73 (0.05x) | Joe Milton III '24->QB54 (1.00x) | Aidan O'Connell '23->QB28 (4.43x) | Kellen Mond '21->QB73 (0.00x),chris oladokun
Luke Musgrave,TE,TE yr-4 pick 42 3 ppg priced TE48 age 25,15,0.333,0.267,0.91,0.0,Luke Musgrave '25->TE53 (1.16x) | Michael Mayer '25->TE38 (1.38x) | David Njoku '21->TE23 (2.54x) | Albert Okwuegbunam '23->TE118 (0.00x),luke musgrave
Jordyn Tyson,WR,WR rookie priced WR41 age 21,15,0.4,0.2,1.19,0.067,Jaxon Smith-Njigba '23->WR48 (0.96x) | Xavier Worthy '24->WR33 (1.26x) | Brian Thomas Jr. '24->WR5 (1.89x) | Matthew Golden '25->WR89 (0.44x),jordyn tyson
Samaje Perine,RB,RB yr-10 pick 114 5 ppg priced RB52 age 30,15,0.333,0.4,0.85,0.0,Dion Lewis '19->RB63 (0.79x) | Jerick McKinnon '22->RB20 (2.30x) | James White '21->RB93 (0.34x),samaje perine
Cole Kmet,TE,TE yr-7 pick 43 6 ppg priced TE42 age 27,15,0.333,0.333,0.97,0.0,Cole Kmet '25->TE37 (0.97x) | Adam Shaheen '21->TE68 (0.43x) | David Njoku '21->TE23 (2.54x) | Hayden Hurst '24->TE76 (0.24x),cole kmet
Tetairoa McMillan,WR,WR yr-2 pick 8 13 ppg priced WR17 age 23,15,0.2,0.2,1.11,0.133,Marvin Harrison Jr. '25->WR49 (0.61x) | Chris Olave '23->WR17 (1.10x) | Jaxon Smith-Njigba '25->WR2 (1.73x) | Chris Olave '24->WR91 (0.38x),tetairoa mcmillan
Omar Cooper,WR,WR rookie priced WR69 age 22,15,0.0,0.333,0.89,0.0,Adonai Mitchell '24->WR110 (0.58x) | Rashod Bateman '21->WR71 (1.08x) | Jayden Higgins '25->WR47 (1.12x) | Ja'Lynn Polk '24->WR129 (0.32x),omar cooper
Bo Nix,QB,QB yr-3 pick 12 21 ppg priced QB11 age 26,15,0.2,0.133,0.91,0.133,Josh Allen '20->QB2 (1.78x) | Tua Tagovailoa '23->QB9 (1.18x) | Daniel Jones '23->QB45 (0.22x),bo nix
Stefon Diggs,WR,WR vet 13 ppg priced WR42 age 32 new team,15,0.2,0.0,1.08,0.0,DeAndre Hopkins '24->WR47 (0.90x) | Marvin Jones '21->WR34 (1.39x) | Jakobi Meyers '23->WR24 (1.70x) | Robert Woods '22->WR56 (0.79x),stefon diggs
Kenny Gainwell,RB,RB yr-6 pick 150 8 ppg priced RB35 age 27 new team,15,0.2,0.533,0.64,0.067,Jamaal Williams '21->RB43 (1.06x) | Samaje Perine '23->RB40 (1.01x) | Jamaal Williams '22->RB12 (2.49x) | Damien Harris '23->RB91 (0.19x),kenneth gainwell
Travis Etienne,RB,RB yr-6 pick 25 12 ppg priced RB19 age 27 new team,15,0.333,0.2,1.23,0.0,D'Andre Swift '25->RB14 (1.38x) | Todd Gurley '20->RB29 (1.01x) | Rashaad Penny '22->RB70 (0.34x),travis etienne
Drew Sample,TE,TE yr-8 pick 52 3 ppg priced TE67 age 30,15,0.533,0.267,1.33,0.0,Drew Sample '24->TE54 (1.19x) | Tyler Kroft '22->TE93 (0.32x) | Austin Hooper '24->TE23 (2.99x),drew sample
Tyjae Spears,RB,RB yr-4 pick 81 9 ppg priced RB42 age 25,15,0.4,0.2,1.07,0.0,Devin Singletary '21->RB19 (1.96x) | Alexander Mattison '22->RB52 (0.96x) | Chuba Hubbard '24->RB15 (2.17x) | Tevin Coleman '20->RB121 (0.13x),tyjae spears
Kyle Monangai,RB,RB yr-2 pick 233 8 ppg priced RB36 age 24,15,0.333,0.2,0.97,0.0,Isiah Pacheco '23->RB15 (1.42x) | Khalil Herbert '23->RB43 (0.80x) | Jaylen Warren '23->RB20 (1.86x) | Justin Jackson '19->RB88 (0.36x),kyle monangai
Teddy Bridgewater,QB,QB rookie pick 32 priced QB52 age 33 new team,15,0.4,0.333,1.16,0.0,Will Levis '23->QB32 (2.05x) | Tyler Shough '25->QB26 (1.29x) | Aidan O'Connell '23->QB28 (4.43x) | Kellen Mond '21->QB73 (0.00x),teddy bridgewater
Brian Thomas,WR,WR yr-3 pick 23 14 ppg priced WR45 age 23,15,0.133,0.333,0.84,0.0,Jordan Addison '25->WR45 (1.04x) | Jordan Addison '24->WR21 (1.64x) | Marquise Brown '21->WR21 (1.76x) | DJ Chark '21->WR136 (0.26x),brian thomas
David Montgomery,RB,RB yr-8 pick 73 13 ppg priced RB24 age 29 new team,15,0.2,0.133,1.12,0.0,David Montgomery '25->RB26 (1.02x) | Alvin Kamara '23->RB12 (1.40x) | James Conner '24->RB11 (1.46x) | Dalvin Cook '23->RB70 (0.28x),david montgomery
Jonathon Brooks,RB,RB rookie pick 46 priced RB38 age 22,15,0.4,0.267,1.15,0.0,Kenneth Walker III '22->RB18 (1.79x) | Zach Charbonnet '23->RB45 (0.92x) | De'Von Achane '23->RB25 (2.09x) | Jonathon Brooks '24->RB110 (0.06x),jonathon brooks
Dylan Sampson,RB,RB yr-2 pick 126 6 ppg priced RB50 age 21,15,0.4,0.133,1.14,0.0,Tony Pollard '20->RB41 (1.40x) | Alexander Mattison '21->RB38 (1.39x) | Chuba Hubbard '23->RB28 (2.08x) | Braelon Allen '25->RB93 (0.16x),dylan sampson
Gunnar Helm,TE,TE yr-2 pick 120 6 ppg priced TE29 age 23,15,0.533,0.333,1.34,0.0,Ja'Tavion Sanders '25->TE50 (0.59x) | Theo Johnson '25->TE18 (1.44x) | AJ Barner '25->TE14 (2.68x) | Brevin Jordan '22->TE68 (0.29x),gunnar helm
Terry McLaurin,WR,WR yr-8 pick 76 14 ppg priced WR20 age 30,15,0.2,0.067,1.11,0.067,Terry McLaurin '25->WR55 (0.56x) | Courtland Sutton '25->WR14 (1.12x) | Cooper Kupp '21->WR1 (2.13x),terry mclaurin
Aaron Jones,RB,RB yr-10 pick 182 13 ppg priced RB33 age 31,15,0.2,0.4,0.76,0.067,Austin Ekeler '25->RB98 (0.10x) | Aaron Jones '25->RB41 (0.75x) | Raheem Mostert '23->RB5 (2.68x) | Raheem Mostert '21->RB142 (0.01x),aaron jones
Jalen Coker,WR,WR yr-3 8 ppg priced WR54 age 24,15,0.4,0.267,1.0,0.0,Allen Lazard '20->WR80 (0.80x) | Marvin Mims Jr. '25->WR72 (0.75x) | Nico Collins '23->WR12 (1.99x) | Kadarius Toney '23->WR108 (0.41x),jalen coker
Mason Taylor,TE,TE yr-2 pick 42 7 ppg priced TE32 age 22,15,0.333,0.333,1.08,0.0,Michael Mayer '24->TE53 (0.46x) | Tucker Kraft '24->TE10 (1.83x) | Trey McBride '23->TE7 (1.99x) | Luke Musgrave '24->TE86 (0.10x),mason taylor
Cam Skattebo,RB,RB yr-2 pick 105 16 ppg priced RB18 age 24,15,0.133,0.2,1.04,0.067,Dameon Pierce '23->RB55 (0.38x) | David Montgomery '21->RB20 (1.05x) | Josh Jacobs '21->RB12 (1.34x),cam skattebo
Tank Bigsby,RB,RB yr-4 pick 88 6 ppg priced RB63 age 23,15,0.267,0.533,0.64,0.0,Kendre Miller '25->RB79 (0.49x) | Joshua Kelley '23->RB60 (0.83x) | Nyheim Hines '20->RB18 (2.31x) | Isaac Guerendo '25->RB147 (0.00x),tank bigsby
AJ Barner,TE,TE yr-3 pick 121 7 ppg priced TE22 age 24,15,0.333,0.333,1.08,0.0,Cade Otton '24->TE14 (1.32x) | Isaiah Likely '24->TE16 (1.34x) | Dawson Knox '21->TE11 (1.78x) | Albert Okwuegbunam '22->TE69 (0.21x),aj barner
Rhamondre Stevenson,RB,RB yr-6 pick 120 12 ppg priced RB31 age 28,15,0.2,0.4,0.78,0.067,James White '20->RB42 (0.86x) | Rhamondre Stevenson '25->RB24 (1.46x) | James Conner '21->RB5 (2.08x) | Raheem Mostert '21->RB142 (0.01x),rhamondre stevenson
Kyren Williams,RB,RB yr-5 pick 164 17 ppg priced RB16 age 25,15,0.067,0.067,1.0,0.133,Kyren Williams '25->RB9 (1.18x) | Chuba Hubbard '25->RB38 (0.74x) | Austin Ekeler '21->RB2 (1.38x) | Chris Carson '21->RB79 (0.25x),kyren williams
Romeo Doubs,WR,WR yr-5 pick 132 10 ppg priced WR53 age 26 new team,15,0.333,0.267,1.0,0.0,Gabe Davis '24->WR109 (0.48x) | Romeo Doubs '24->WR56 (1.00x) | Robbie Chosen '20->WR20 (2.30x) | Allen Lazard '23->WR101 (0.46x),romeo doubs
Pat Freiermuth,TE,TE yr-6 pick 55 9 ppg priced TE26 age 27,15,0.0,0.333,0.81,0.0,Pat Freiermuth '25->TE25 (1.21x) | Austin Hooper '21->TE25 (0.83x) | Gerald Everett '22->TE13 (1.26x) | Eric Ebron '21->TE65 (0.35x),pat freiermuth
Emari Demercado,RB,RB yr-4 5 ppg priced RB59 age 27 new team,15,0.467,0.267,0.93,0.0,Malcolm Brown '19->RB68 (0.71x) | Darrel Williams '21->RB21 (2.23x) | Jeff Wilson '22->RB29 (2.39x) | Ronald Jones '22->RB106 (0.24x),emari demercado
Theo Wease,WR,WR rookie priced WR58 age 25,15,0.333,0.133,1.12,0.0,Deebo Samuel Sr. '19->WR32 (1.74x) | Michael Pittman '20->WR79 (0.91x) | Jaylen Waddle '21->WR12 (1.91x) | Ja'Lynn Polk '24->WR129 (0.32x),theo wease
Malik Willis,QB,QB yr-5 pick 86 12 ppg priced QB22 age 27 new team,15,0.333,0.4,0.96,0.067,Justin Fields '25->QB30 (0.53x) | Daniel Jones '24->QB29 (0.70x) | Mason Rudolph '24->QB37 (2.96x) | Kenny Pickett '23->QB33 (0.51x),malik willis
Jaylen Warren,RB,RB yr-5 11 ppg priced RB29 age 27,15,0.267,0.267,0.91,0.0,Rashaad Penny '22->RB70 (0.34x) | Travis Etienne '25->RB10 (1.58x) | Raheem Mostert '21->RB142 (0.01x),jaylen warren
Spencer Rattler,QB,QB yr-3 pick 150 13 ppg priced QB68 age 25,15,0.4,0.333,0.86,0.0,Tyson Bagent '24->QB77 (-0.01x) | Tommy DeVito '24->QB59 (0.58x) | Tyler Huntley '24->QB43 (3.03x),spencer rattler
Jarrett Stidham,QB,QB rookie pick 133 priced QB48 age 29,15,0.267,0.4,0.85,0.0,Aidan O'Connell '23->QB28 (4.43x) | Clayton Tune '23->QB65 (0.16x) | Kellen Mond '21->QB73 (0.00x),jarrett stidham
Noah Fant,TE,TE yr-8 pick 20 7 ppg priced TE41 age 28 new team,15,0.2,0.467,0.72,0.067,Noah Fant '25->TE36 (1.24x) | O.J. Howard '22->TE58 (0.62x) | Jonnu Smith '23->TE17 (2.36x) | Gerald Everett '24->TE84 (0.15x),noah fant
Quinn Ewers,QB,QB rookie pick 231 priced QB49 age 23,15,0.267,0.4,0.85,0.0,Riley Leonard '25->QB51 (1.07x) | Aidan O'Connell '23->QB28 (4.43x) | Kellen Mond '21->QB73 (0.00x),quinn ewers
Chase Brown,RB,RB yr-4 pick 163 16 ppg priced RB8 age 26,15,0.067,0.133,0.99,0.133,Chase Brown '25->RB8 (1.20x) | Kyren Williams '25->RB9 (1.18x) | Austin Ekeler '21->RB2 (1.38x) | Isiah Pacheco '24->RB63 (0.24x),chase brown
Elijah Arroyo,TE,TE yr-2 pick 50 3 ppg priced TE56 age 23,15,0.333,0.333,1.01,0.0,Darnell Washington '24->TE48 (1.22x) | Darnell Washington '25->TE39 (2.39x) | Jared Wiley '25->TE118 (0.04x),elijah arroyo
Mark Andrews,TE,TE yr-9 pick 86 9 ppg priced TE14 age 30,15,0.267,0.133,0.92,0.0,Tyler Higbee '23->TE24 (0.83x) | Mark Andrews '25->TE17 (0.92x) | Dallas Goedert '25->TE7 (1.53x) | Logan Thomas '21->TE45 (0.39x),mark andrews
Jayden Higgins,WR,WR yr-2 pick 34 8 ppg priced WR60 age 23,15,0.2,0.2,0.86,0.0,Jalen Reagor '21->WR95 (0.68x) | Henry Ruggs III '21->WR85 (0.73x) | Wan'Dale Robinson '24->WR36 (1.91x) | Parris Campbell '20->WR165 (0.14x),jayden higgins
Garrett Nussmeier,QB,QB rookie priced QB69 age 24,15,0.267,0.4,0.85,0.0,Joe Milton III '24->QB54 (1.00x) | Sean Clifford '23->QB73 (0.05x) | Aidan O'Connell '23->QB28 (4.43x) | Kellen Mond '21->QB73 (0.00x),garrett nussmeier
Austin Hooper,TE,TE yr-11 pick 81 6 ppg priced TE46 age 31 new team,15,0.267,0.6,0.66,0.0,Kyle Rudolph '21->TE42 (1.05x) | Austin Hooper '25->TE48 (1.26x) | Austin Hooper '24->TE23 (2.99x) | Gerald Everett '24->TE84 (0.15x),austin hooper
Justin Jefferson,WR,WR yr-7 pick 22 15 ppg priced WR7 age 27,15,0.133,0.133,1.02,0.133,Mike Evans '20->WR11 (1.15x) | Allen Robinson '20->WR9 (1.32x) | Davante Adams '20->WR1 (1.45x) | Allen Robinson '21->WR83 (0.40x),justin jefferson
Ja'Tavion Sanders,TE,TE yr-3 pick 101 5 ppg priced TE40 age 23,15,0.2,0.2,0.91,0.0,Tommy Tremble '23->TE39 (1.02x) | Harrison Bryant '22->TE39 (0.97x) | AJ Barner '25->TE14 (2.68x) | Daniel Bellinger '24->TE66 (0.45x),ja tavion sanders
Tanner McKee,QB,QB rookie pick 188 priced QB54 age 26,15,0.2,0.4,0.85,0.0,Riley Leonard '25->QB51 (1.07x) | Sean Clifford '23->QB73 (0.05x) | Aidan O'Connell '23->QB28 (4.43x) | Kellen Mond '21->QB73 (0.00x),tanner mckee
Quentin Johnston,WR,WR yr-4 pick 21 12 ppg priced WR48 age 24,15,0.333,0.267,0.97,0.0,Christian Kirk '20->WR52 (1.20x) | Jordan Addison '25->WR45 (1.04x) | Michael Pittman '21->WR18 (1.82x) | DJ Chark '21->WR136 (0.26x),quentin johnston
Jordan James,RB,RB rookie pick 147 priced RB54 age 22,15,0.267,0.533,0.62,0.0,Bucky Irving '24->RB14 (2.69x) | Tyler Allgeier '22->RB30 (1.72x) | Damien Harris '19->RB130 (0.01x),jordan james
Chris Olave,WR,WR yr-5 pick 11 14 ppg priced WR11 age 26,15,0.067,0.267,0.95,0.067,DJ Moore '22->WR25 (0.97x) | Jaylen Waddle '24->WR49 (0.71x) | Calvin Ridley '20->WR5 (1.46x) | Brandon Aiyuk '24->WR105 (0.30x),chris olave
Mike Washington,RB,RB rookie priced RB60 age 23,15,0.467,0.333,1.28,0.0,Rhamondre Stevenson '21->RB47 (1.33x) | Kimani Vidal '24->RB83 (0.37x) | Tyrone Tracy Jr. '24->RB26 (2.12x) | Damien Harris '19->RB130 (0.01x),mike washington
Josh Allen,QB,QB yr-9 pick 7 27 ppg priced QB1 age 30,15,0.2,0.133,1.03,0.467,Josh Allen '25->QB2 (1.11x) | Josh Allen '24->QB4 (1.16x) | Lamar Jackson '24->QB1 (1.54x) | Joe Burrow '25->QB28 (0.51x),josh allen
Josh Downs,WR,WR yr-4 pick 79 11 ppg priced WR38 age 24,15,0.267,0.2,1.01,0.067,Diontae Johnson '20->WR21 (1.44x) | Michael Gallup '21->WR77 (0.64x) | Deebo Samuel Sr. '21->WR2 (2.09x) | DJ Chark '21->WR136 (0.26x),josh downs
Ty Johnson,RB,RB yr-8 pick 186 6 ppg priced RB55 age 28,15,0.4,0.333,0.8,0.0,Damien Williams '21->RB68 (0.69x) | Malcolm Brown '21->RB101 (0.26x) | Darrel Williams '21->RB21 (2.23x) | Damien Williams '22->RB150 (0.00x),ty johnson
Brandon Aiyuk,WR,WR rookie priced WR65 age 28,15,0.067,0.333,0.89,0.0,Ja'Lynn Polk '24->WR129 (0.32x) | Tre Harris '25->WR90 (0.73x) | Deebo Samuel Sr. '19->WR32 (1.74x),brandon aiyuk
Zay Flowers,WR,WR yr-4 pick 22 13 ppg priced WR14 age 25,15,0.267,0.2,1.04,0.2,Garrett Wilson '25->WR61 (0.48x) | DJ Moore '22->WR25 (0.97x) | Jaxon Smith-Njigba '25->WR2 (1.73x) | Chris Olave '24->WR91 (0.38x),zay flowers
Greg Dulcich,TE,TE yr-5 pick 80 6 ppg priced TE23 age 26,15,0.133,0.2,0.99,0.0,Dawson Knox '23->TE42 (0.56x) | Austin Hooper '21->TE25 (0.83x) | Dawson Knox '21->TE11 (1.78x) | Irv Smith '23->TE58 (0.33x),greg dulcich
Harold Fannin,TE,TE yr-2 pick 67 12 ppg priced TE5 age 21,15,0.133,0.333,0.86,0.133,Kyle Pitts '22->TE33 (0.40x) | Trey McBride '24->TE2 (1.30x) | Mark Andrews '21->TE1 (1.89x) | Greg Dulcich '23->TE96 (0.05x),harold fannin
Denzel Boston,WR,WR rookie priced WR67 age 22,15,0.0,0.333,0.89,0.0,Adonai Mitchell '24->WR110 (0.58x) | Rashod Bateman '21->WR71 (1.08x) | Jayden Higgins '25->WR47 (1.12x) | Ja'Lynn Polk '24->WR129 (0.32x),denzel boston
Wan'Dale Robinson,WR,WR yr-5 pick 43 12 ppg priced WR36 age 25 new team,15,0.333,0.267,1.11,0.133,Christian Kirk '22->WR12 (1.49x) | Curtis Samuel '21->WR178 (0.07x) | Deebo Samuel Sr. '21->WR2 (2.09x),wan dale robinson
Courtland Sutton,WR,WR yr-9 pick 40 14 ppg priced WR30 age 30,15,0.2,0.2,0.94,0.0,Tyler Lockett '23->WR34 (1.20x) | Mike Evans '23->WR8 (1.71x) | Calvin Ridley '25->WR115 (0.29x),courtland sutton
Chuba Hubbard,RB,RB yr-6 pick 126 12 ppg priced RB28 age 27,15,0.2,0.4,0.86,0.0,Kareem Hunt '22->RB40 (0.78x) | Tony Pollard '24->RB22 (1.25x) | Tony Pollard '22->RB9 (1.55x) | Raheem Mostert '21->RB142 (0.01x),chuba hubbard
Charlie Kolar,TE,TE yr-5 pick 128 3 ppg priced TE53 age 27 new team,15,0.4,0.467,0.78,0.0,Will Dissly '22->TE29 (2.35x) | Kylen Granson '25->TE91 (0.36x) | Colby Parkinson '25->TE16 (3.57x) | Albert Okwuegbunam '23->TE118 (0.00x),charlie kolar
Michael Mayer,TE,TE yr-4 pick 35 5 ppg priced TE35 age 25,15,0.333,0.267,0.97,0.0,Michael Mayer '24->TE53 (0.46x) | Cole Kmet '25->TE37 (0.97x) | David Njoku '21->TE23 (2.54x) | Greg Dulcich '24->TE93 (0.09x),michael mayer
Malik Davis,RB,RB yr-5 4 ppg priced RB62 age 27,15,0.6,0.133,1.35,0.0,Gus Edwards '22->RB65 (0.80x) | Malcolm Brown '19->RB68 (0.71x) | Jeff Wilson '22->RB29 (2.39x) | Ronald Jones '22->RB106 (0.24x),malik davis
Caleb Williams,QB,QB yr-3 pick 1 20 ppg priced QB14 age 24,15,0.267,0.067,1.02,0.133,Trevor Lawrence '24->QB27 (0.59x) | Josh Allen '20->QB2 (1.78x),caleb williams
Will Kacmarek,TE,TE rookie priced TE44 age 23,15,0.467,0.2,0.95,0.0,Gunnar Helm '25->TE31 (1.77x) | Jelani Woods '22->TE35 (1.43x) | Oronde Gadsden II '25->TE15 (2.26x) | Thomas Fidone II '25->TE136 (0.00x),will kacmarek
Alvin Kamara,RB,RB yr-10 pick 67 15 ppg priced RB43 age 30,15,0.2,0.4,0.79,0.067,David Johnson '21->RB60 (0.83x) | Cordarrelle Patterson '22->RB33 (1.16x) | Raheem Mostert '23->RB5 (2.68x) | Tevin Coleman '20->RB121 (0.13x),alvin kamara
Emanuel Wilson,RB,RB yr-4 6 ppg priced RB68 age 27 new team,15,0.267,0.4,0.83,0.0,Jeff Wilson '22->RB29 (2.39x) | Chase Edmonds '23->RB77 (0.66x) | Deon Jackson '23->RB112 (0.12x),emanuel wilson
Jacoby Brissett,QB,QB yr-11 pick 91 16 ppg priced QB27 age 33,15,0.2,0.4,0.82,0.067,Derek Carr '24->QB26 (0.82x) | Jimmy Garoppolo '23->QB42 (0.36x) | Geno Smith '22->QB5 (2.49x) | Jacoby Brissett '23->QB53 (0.26x),jacoby brissett
C.J. Stroud,QB,QB yr-4 pick 2 17 ppg priced QB23 age 24,15,0.133,0.133,0.95,0.067,Bryce Young '25->QB18 (1.13x) | Daniel Jones '22->QB12 (1.34x) | Trevor Lawrence '25->QB4 (1.49x) | Anthony Richardson '25->QB67 (0.01x),c j stroud
Elijah Higgins,TE,TE yr-4 pick 197 3 ppg priced TE59 age 25,15,0.4,0.4,0.94,0.0,Grant Calcaterra '25->TE74 (0.74x) | Juwan Johnson '22->TE15 (4.39x) | Payne Durham '25->TE115 (0.07x),elijah higgins
Mason Rudolph,QB,QB yr-9 pick 76 10 ppg priced QB62 age 30,15,0.6,0.333,1.59,0.0,Jacoby Brissett '25->QB15 (11.98x) | Mason Rudolph '25->QB54 (0.60x) | Drew Lock '25->QB73 (0.00x),mason rudolph
Tank Dell,WR,WR yr-4 pick 69 10 ppg priced WR70 age 26,15,0.6,0.067,1.42,0.0,Van Jefferson '22->WR94 (0.83x) | Tre'Quan Smith '21->WR80 (0.92x) | Curtis Samuel '20->WR23 (2.18x) | Cedric Tillman '25->WR96 (0.51x),tank dell
Marcus Mariota,QB,QB yr-12 pick 2 16 ppg priced QB41 age 32,15,0.4,0.4,0.8,0.067,Jameis Winston '25->QB46 (1.33x) | Andy Dalton '21->QB34 (1.41x) | Marcus Mariota '25->QB31 (4.30x) | Jimmy Garoppolo '25->QB81 (-0.02x),marcus mariota
Travis Kelce,TE,TE yr-14 pick 63 12 ppg priced TE7 age 36,15,0.133,0.133,1.05,0.267,Travis Kelce '25->TE3 (1.26x) | Travis Kelce '24->TE5 (1.04x) | Travis Kelce '22->TE1 (1.51x) | Delanie Walker '19->TE44 (0.44x),travis kelce
Deshaun Watson,QB,QB rookie pick 12 priced QB32 age 30,15,0.333,0.2,1.14,0.0,Bo Nix '24->QB8 (1.79x) | Tyler Shough '25->QB26 (1.29x) | Will Levis '23->QB32 (2.05x) | Trey Lance '21->QB39 (0.31x),deshaun watson
Nick Mullens,QB,QB yr-10 0 ppg priced QB63 age 31,15,0.667,0.333,1.76,0.0,Cooper Rush '24->QB32 (5.91x) | Jake Browning '25->QB43 (2.60x) | Jacoby Brissett '25->QB15 (11.98x) | Mike White '24->QB69 (0.05x),nick mullens
Jawhar Jordan,RB,RB rookie pick 205 priced RB70 age 26,15,0.467,0.333,1.28,0.0,Evan Hull '23->RB132 (0.03x) | Kyle Monangai '25->RB33 (2.10x) | Tyrone Tracy Jr. '24->RB26 (2.12x),jawhar jordan
Jalen Milroe,QB,QB rookie pick 92 priced QB67 age 23,15,0.267,0.4,0.85,0.0,Joe Milton III '24->QB54 (1.00x) | Sean Clifford '23->QB73 (0.05x) | Aidan O'Connell '23->QB28 (4.43x) | Kellen Mond '21->QB73 (0.00x),jalen milroe
Chig Okonkwo,TE,TE yr-5 pick 143 7 ppg priced TE24 age 26 new team,15,0.267,0.333,0.85,0.0,Chig Okonkwo '25->TE21 (1.14x) | Dan Arnold '21->TE31 (0.85x) | Tyler Conklin '22->TE16 (1.54x) | Chris Herndon '21->TE84 (0.16x),chig okonkwo
Tyson Bagent,QB,QB rookie priced QB51 age 26,15,0.267,0.333,1.0,0.0,Aidan O'Connell '23->QB28 (4.43x) | Sean Clifford '23->QB73 (0.05x) | Kellen Mond '21->QB73 (0.00x),tyson bagent
Josh Jacobs,RB,RB yr-8 pick 24 17 ppg priced RB13 age 28,15,0.267,0.133,1.14,0.2,Josh Jacobs '25->RB13 (1.03x) | Alvin Kamara '24->RB9 (1.18x) | Jonathan Taylor '25->RB4 (1.60x) | Nick Chubb '23->RB86 (0.09x),josh jacobs
Zach Charbonnet,RB,RB yr-4 pick 52 11 ppg priced RB44 age 25,15,0.467,0.067,1.18,0.0,Darrell Henderson '22->RB59 (0.73x) | Kerryon Johnson '20->RB63 (0.78x) | Chuba Hubbard '24->RB15 (2.17x) | Tarik Cohen '20->RB108 (0.16x),zach charbonnet
Adrian Martinez,QB,QB rookie priced QB66 age 26,15,0.267,0.333,1.0,0.0,Joe Milton III '24->QB54 (1.00x) | Sean Clifford '23->QB73 (0.05x) | Aidan O'Connell '23->QB28 (4.43x) | Kellen Mond '21->QB73 (0.00x),adrian martinez
Mac Jones,QB,QB yr-6 pick 15 13 ppg priced QB58 age 27,15,0.4,0.467,0.76,0.0,Mac Jones '25->QB29 (4.55x) | Drew Lock '25->QB73 (0.00x),mac jones
Brock Bowers,TE,TE yr-3 pick 13 15 ppg priced TE2 age 23,15,0.2,0.2,0.94,0.267,Brock Bowers '25->TE11 (0.83x) | Sam LaPorta '24->TE7 (0.83x) | Trey McBride '25->TE1 (1.66x) | Kyle Pitts '22->TE33 (0.40x),brock bowers
Jayden Daniels,QB,QB yr-3 pick 2 22 ppg priced QB5 age 25,15,0.267,0.133,1.09,0.333,Justin Fields '23->QB18 (0.81x) | Joe Burrow '22->QB4 (1.31x) | Josh Allen '20->QB2 (1.78x) | Jayden Daniels '25->QB34 (0.37x),jayden daniels
Dalton Schultz,TE,TE yr-9 pick 137 9 ppg priced TE19 age 29,15,0.267,0.2,0.93,0.067,Tyler Conklin '24->TE18 (1.10x) | Tyler Higbee '22->TE6 (1.40x) | Jonnu Smith '24->TE4 (2.46x) | Logan Thomas '21->TE45 (0.39x),dalton schultz
Jaylen Wright,RB,RB yr-3 pick 120 4 ppg priced RB69 age 23,15,0.333,0.467,0.84,0.0,Jaylen Wright '25->RB69 (0.84x) | Kyren Williams '23->RB7 (3.77x) | Roschon Johnson '25->RB127 (0.02x),jaylen wright
Jordan Addison,WR,WR yr-4 pick 23 12 ppg priced WR51 age 24,15,0.333,0.333,0.91,0.0,Marquise Brown '21->WR21 (1.76x) | Rashod Bateman '23->WR85 (0.59x) | Curtis Samuel '20->WR23 (2.18x) | DJ Chark '21->WR136 (0.26x),jordan addison
David Njoku,TE,TE yr-10 pick 29 10 ppg priced TE33 age 29 new team,15,0.4,0.333,1.14,0.133,Gerald Everett '24->TE84 (0.15x) | Zach Ertz '23->TE43 (0.58x) | Jonnu Smith '24->TE4 (2.46x),david njoku
KC Concepcion,WR,WR rookie priced WR56 age 21,15,0.333,0.067,1.12,0.0,Mecole Hardman '19->WR62 (1.05x) | Elijah Moore '21->WR50 (1.17x) | Justin Jefferson '20->WR7 (2.21x) | Skyy Moore '22->WR118 (0.38x),kc concepcion
Kyler Murray,QB,QB yr-8 pick 1 20 ppg priced QB19 age 28 new team,15,0.4,0.267,1.2,0.067,Jameis Winston '22->QB44 (0.19x) | Jared Goff '23->QB7 (1.31x) | Baker Mayfield '24->QB3 (1.89x),kyler murray
Michael Pittman,WR,WR yr-7 pick 34 11 ppg priced WR33 age 28 new team,15,0.267,0.2,1.2,0.0,Diontae Johnson '24->WR85 (0.54x) | Brandin Cooks '20->WR17 (1.49x) | Courtland Sutton '24->WR11 (1.54x) | Mike Williams '23->WR113 (0.30x),michael pittman
Juwan Johnson,TE,TE yr-7 10 ppg priced TE17 age 29,15,0.267,0.133,0.93,0.067,Gerald Everett '23->TE23 (0.92x) | Tyler Higbee '22->TE6 (1.40x) | Evan Engram '23->TE2 (1.65x) | Jack Doyle '20->TE41 (0.60x),juwan johnson
DK Metcalf,WR,WR yr-8 pick 64 13 ppg priced WR31 age 28,15,0.333,0.2,1.11,0.0,Christian Kirk '24->WR95 (0.43x) | Chris Godwin Jr. '24->WR53 (0.84x) | Terry McLaurin '24->WR7 (1.64x) | Mike Williams '23->WR113 (0.30x),dk metcalf
Breece Hall,RB,RB yr-5 pick 36 14 ppg priced RB15 age 25,15,0.267,0.133,0.99,0.133,Nick Chubb '22->RB6 (1.33x) | Breece Hall '25->RB19 (1.14x) | James Cook '25->RB6 (1.45x) | Joe Mixon '20->RB48 (0.48x),breece hall
John Bates,TE,TE yr-6 pick 124 2 ppg priced TE61 age 28,15,0.667,0.333,1.43,0.0,Foster Moreau '24->TE29 (3.37x) | Kylen Granson '25->TE91 (0.36x) | Colby Parkinson '25->TE16 (3.57x) | Foster Moreau '25->TE86 (0.35x),john bates
J.K. Dobbins,RB,RB yr-7 pick 55 13 ppg priced RB32 age 27,15,0.267,0.333,0.83,0.0,Melvin Gordon '21->RB18 (1.33x) | Kareem Hunt '22->RB40 (0.78x) | Alvin Kamara '23->RB12 (1.40x) | Dalvin Cook '23->RB70 (0.28x),j k dobbins
Jonathan Taylor,RB,RB yr-7 pick 41 20 ppg priced RB4 age 27,15,0.2,0.067,1.03,0.267,Derrick Henry '21->RB22 (0.77x) | Dalvin Cook '22->RB10 (0.98x) | Jonathan Taylor '25->RB4 (1.60x) | Nick Chubb '23->RB86 (0.09x),jonathan taylor
Drake Maye,QB,QB yr-3 pick 3 21 ppg priced QB6 age 23,15,0.333,0.133,1.09,0.267,Trevor Lawrence '23->QB12 (0.99x) | C.J. Stroud '24->QB18 (0.81x) | Josh Allen '20->QB2 (1.78x) | Jayden Daniels '25->QB34 (0.37x),drake maye
AJ Dillon,RB,RB rookie pick 62 priced RB51 age 28 new team,15,0.2,0.533,0.51,0.0,MarShawn Lloyd '24->RB122 (0.03x) | Rachaad White '22->RB35 (1.58x) | Tyjae Spears '23->RB34 (1.75x) | Damien Harris '19->RB130 (0.01x),aj dillon
Javonte Williams,RB,RB yr-6 pick 35 12 ppg priced RB17 age 26,15,0.4,0.067,1.23,0.2,D'Andre Swift '25->RB14 (1.38x) | Miles Sanders '23->RB50 (0.53x) | Jonathan Taylor '25->RB4 (1.60x),javonte williams
Cade Stover,TE,TE yr-3 pick 123 3 ppg priced TE68 age 26,15,0.533,0.267,1.33,0.0,Josiah Deguara '23->TE78 (0.47x) | Durham Smythe '21->TE34 (2.28x) | Foster Moreau '21->TE26 (2.78x) | Payne Durham '25->TE115 (0.07x),cade stover
Colby Parkinson,TE,TE yr-7 pick 133 7 ppg priced TE34 age 27,15,0.333,0.333,0.91,0.067,Dan Arnold '22->TE77 (0.28x) | Noah Gray '25->TE60 (0.49x) | Dalton Schultz '21->TE3 (2.62x),colby parkinson
Makai Lemon,WR,WR rookie priced WR49 age 22,15,0.533,0.2,1.4,0.067,Quentin Johnston '23->WR74 (0.72x) | Treylon Burks '22->WR82 (0.68x) | Justin Jefferson '20->WR7 (2.21x) | Skyy Moore '22->WR118 (0.38x),makai lemon
Matthew Golden,WR,WR yr-2 pick 23 5 ppg priced WR55 age 22,15,0.2,0.4,0.74,0.0,Henry Ruggs III '21->WR85 (0.73x) | Rondale Moore '22->WR83 (0.74x) | Michael Pittman '21->WR18 (1.82x) | Parris Campbell '20->WR165 (0.14x),matthew golden
