full_name,position,team,age,status
Ellis Richardson,TE,,26.0,Active
Carl Tucker,TE,,24.0,Active
Le'Veon Bell,RB,TB,29.0,Active
Matt Seybert,TE,,24.0,Active
Kinkead Dent,QB,,25.0,Inactive
Brandon Aubrey,K,DAL,31.0,Active
DeAndrew White,WR,,30.0,Inactive
A.J. Rose,RB,,24.0,Active
Ricky Jeune,WR,,28.0,Active
Brett Gabbert,QB,,25.0,Active
Jerome Kapp,WR,,24.0,Active
Nick Boyle,TE,,29.0,Active
Aaron Shampklin,RB,,25.0,Active
Parker Washington,WR,JAX,24.0,Active
Jakeem Grant,WR,,32.0,Active
Jaron Brown,WR,,32.0,Active
Salvon Ahmed,RB,CHI,27.0,Active
Tommy Sweeney,TE,,29.0,Active
Bryce Williams,TE,,28.0,Active
CeeDee Lamb,WR,DAL,27.0,Active
Michael Gallup,WR,,29.0,Active
Bucky Irving,RB,TB,23.0,Active
De'Anthony Thomas,WR,,29.0,Inactive
Kendall Milton,RB,CIN,24.0,Active
Jerry Jeudy,WR,CLE,27.0,Active
Tyren Montgomery,WR,TEN,,Active
Jacob Cowing,WR,SF,25.0,Active
Miles Boykin,WR,,29.0,Active
Dorian Singer,WR,,23.0,Active
Dante Pettis,WR,,30.0,Active
Christian Sims,TE,,22.0,Active
Kayshon Boutte,WR,NE,24.0,Active
Rashard Davis,WR,,26.0,Active
Drew Morgan,WR,,27.0,Active
John Ross,WR,,29.0,Active
Omarion Hampton,RB,LAC,23.0,Active
Jaleel McLaughlin,RB,DEN,25.0,Active
Johnny King,WR,,23.0,Active
Tevin Jones,WR,,29.0,Active
Adam Randall,RB,BAL,21.0,Active
Ryan Yurachek,TE,,25.0,Active
David Watford,WR,,28.0,Active
Evan Berry,WR,,26.0,Active
Taylor Grimes,WR,,23.0,Active
Dalyn Dawkins,RB,,27.0,Active
Boston Scott,RB,,29.0,Active
Devontez Walker,WR,BAL,24.0,Active
Behren Morton,QB,NE,24.0,Active
Melvin Gordon,RB,,30.0,Active
AJ McCarron,QB,,33.0,Active
Ty James,WR,,23.0,Active
Oronde Gadsden,TE,LAC,22.0,Active
TaMerik Williams,RB,,,Active
LaJohntay Wester,WR,BAL,24.0,Active
D.J. Foster,RB,,28.0,Inactive
Rahsul Faison,RB,,,Active
DeAngelo Hardy,WR,,,Active
Rex Burkhead,RB,,32.0,Active
Kyle Pitts,TE,ATL,25.0,Active
Demario Richard,RB,,25.0,Active
Jequez Ezzard,WR,,,Active
Albert Wilson,WR,,30.0,Active
Phillip Andersen,K,,30.0,Active
Joshua Lingenfelter,TE,,,Active
E.J. Jenkins,TE,PHI,27.0,Active
Joe Flacco,QB,CIN,41.0,Active
Lincoln Pare,RB,IND,24.0,Active
Jacolby George,WR,,22.0,Active
Brett Weaver,TE,,,Active
Ife Adeyi,WR,,25.0,Active
Sean Modster,WR,,26.0,Active
Cole Beck,WR,,29.0,Active
Charles Clay,TE,,32.0,Active
Drew Belcher,TE,,25.0,Active
Mo Alie-Cox,TE,IND,32.0,Active
Michael Strachan,WR,,28.0,Active
Ryan Griffin,QB,,33.0,Active
Julian Fleming,WR,,25.0,Active
Robbie Chosen,WR,,32.0,Active
Deshaun Fenwick,RB,,25.0,Active
Stephen Anderson,TE,,31.0,Active
Marvin Bracy,WR,,28.0,Active
Jordan Matthews,TE,,32.0,Active
Jordan Wilkins,RB,,29.0,Active
Hunter Kampmoyer,TE,,26.0,Active
Josh Kelly,WR,HOU,24.0,Active
Jake Tonges,TE,SF,26.0,Active
Josh Ferguson,RB,,28.0,Active
Kalif Phillips,RB,,27.0,Active
Steven Montez,QB,,26.0,Active
T.J. Vasher,WR,,24.0,Active
Max Duggan,QB,,23.0,Active
Theo Riddick,RB,,30.0,Injured Reserve
Brandon Dillon,TE,,26.0,Inactive
C.J. Conrad,TE,,25.0,Active
Mark Chapman,WR,,,Active
Brandon Cottom,RB,,29.0,Active
Ke'Shawn Williams,WR,CIN,24.0,Active
Alexander Hollins,WR,,25.0,Active
Dax Raymond,TE,PIT,27.0,Active
Brycen Tremayne,WR,CAR,26.0,Active
La'Mical Perine,RB,,26.0,Active
Brian Brown,WR,,27.0,Active
Keke Coutee,WR,,26.0,Active
Pierre Strong,RB,GB,27.0,Active
Jacob Eason,QB,,26.0,Active
Matt Weiser,TE,,29.0,Active
Mathew Sexton,WR,,26.0,Active
Jamie Newman,QB,,24.0,Inactive
Donaven McCulley,WR,MIA,23.0,Active
Davis Mills,QB,HOU,27.0,Active
Caleb Chapman,WR,,,Active
Josh Ali,WR,,25.0,Active
Stephon Robinson,WR,,,Active
Ameer Abdullah,RB,JAX,32.0,Active
Dion Lewis,RB,,31.0,Injured Reserve
Anthony Brown,QB,,26.0,Active
Drew Lock,QB,SEA,29.0,Active
Rasheed Williams,RB,,,Active
Paul Perkins,RB,,27.0,Active
Trey Sermon,RB,,26.0,Active
Taryn Christion,QB,,,Active
Darius Clark,RB,,25.0,Active
Blayne Taylor,WR,,23.0,Active
Mac Dalena,WR,BUF,24.0,Active
Javon Leake,RB,,23.0,Active
Joel Bouagnon,RB,,26.0,Active
Easton Dean,TE,,20.0,Active
Devin Gardner,WR,,33.0,Active
Audric Estime,RB,NO,22.0,Active
,DEF,HOU,,
Dak Prescott,QB,DAL,32.0,Active
Travis Wilson,TE,,28.0,Active
Antonio Williams,WR,WAS,21.0,Active
Tyler Simmons,WR,,24.0,Active
Dorren Miller,WR,,27.0,Active
Alex McNulty,K,,,Active
Chris King,WR,,31.0,Active
Matthew Stafford,QB,LAR,38.0,Active
Johnny Wilson,WR,PHI,25.0,Active
Khalil Shakir,WR,BUF,26.0,Active
Justin Crawford,RB,,26.0,Active
Noah Gray,TE,KC,27.0,Active
Xazavian Valladay,RB,,27.0,Active
,DEF,NE,,
De'Quan Hampton,WR,,27.0,Active
Parker Houston,TE,,24.0,Active
Joe Milton,QB,DAL,26.0,Active
Ronald Jones,RB,,26.0,Active
Chad Williams,WR,,27.0,Active
Isaac Zico,WR,,25.0,Active
Corey Rucker,WR,LV,23.0,Active
O'Mega Blake,WR,,,Active
Justice Hill,RB,BAL,28.0,Active
Marquise Williams,QB,,32.0,Active
Jacob Hollister,TE,,30.0,Active
Jamaal Pritchett,WR,NYJ,22.0,Active
Colston Loveland,TE,CHI,22.0,Active
Kendall Blanton,TE,,27.0,Active
Thomas Sperbeck,WR,,27.0,Active
Kevin Hogan,QB,,30.0,Active
Codey McElroy,TE,,29.0,Active
Rory Anderson,TE,,29.0,Active
Anthony Nash,WR,,28.0,Active
Calvin Tyler,RB,,24.0,Active
Chad Henne,QB,,37.0,Active
James Cook,RB,BUF,26.0,Active
Jaden Nixon,RB,GB,,Active
Harold Spears,TE,,32.0,Active
Stone Eby,TE,,,Active
Reid Sinnett,QB,,26.0,Active
Jaren Hall,QB,,27.0,Active
Jalen Morton,QB,IND,24.0,Active
Jarrett Guarantano,QB,,25.0,Active
Jahan Dotson,WR,ATL,26.0,Active
Jashaun Corbin,RB,,25.0,Active
JaQuan Hardy,RB,,24.0,Active
Cole Hunt,TE,,26.0,Active
Isaiah Wright,WR,,24.0,Active
Ben Johnson,TE,,27.0,Active
Jesper Horsted,TE,,27.0,Active
Will Ferrin,K,,,Active
Tanner Brown,K,,24.0,Active
Khalid Abdullah,RB,,26.0,Active
Tyler Kahmann,WR,,25.0,Active
Brevin Easton,WR,,24.0,Active
Robert Henry,RB,WAS,24.0,Active
John David Moore,RB,,26.0,Active
Efton Chism,WR,NE,24.0,Active
Blake Proehl,WR,,24.0,Active
Alex Gray,TE,,30.0,Inactive
Jamaal Jones,WR,,28.0,Active
Jauan Jennings,WR,MIN,28.0,Active
Rachaad White,RB,WAS,27.0,Active
Cole Hedlund,K,,26.0,Active
Malik Washington,WR,MIA,25.0,Active
James Washington,WR,,28.0,Active
Kyron Drones,QB,GB,22.0,Active
Hamze El-Zayat,WR,,25.0,Active
Jerome Cunningham,TE,,30.0,Active
Travis Toivonen,WR,,24.0,Active
Darrius Shepherd,WR,,27.0,Active
Ahmarean Brown,WR,,24.0,Active
Jean Sifrin,TE,,38.0,Active
Sam Darnold,QB,SEA,28.0,Active
Ja'Quan Gardner,RB,,,Active
Charlie Jones,WR,CIN,27.0,Active
DeShone Kizer,QB,,27.0,Active
Robert Griffin,QB,,31.0,Inactive
Tanner McLachlan,TE,,27.0,Active
Zack Annexstad,QB,,24.0,Active
Emani Bailey,RB,,23.0,Active
Andy Dalton,QB,PHI,38.0,Active
Jayden Reed,WR,GB,26.0,Active
Seth Williams,WR,,25.0,Inactive
Michael Johnson,WR,,33.0,Active
Romello Brooker,TE,,26.0,Active
Corbin Louks,WR,,35.0,Active
Greg Zuerlein,K,,37.0,Active
Dylan Soehner,TE,,25.0,Active
Michael Herzog,RB,,,Active
Jason Brownlee,WR,KC,27.0,Active
JoJo Natson,WR,,27.0,Active
Bruce Anderson,RB,,24.0,Inactive
Ja'Corey Brooks,WR,,24.0,Active
Anders Carlson,K,,27.0,Active
Pharoh Cooper,WR,,28.0,Active
Gee Scott,TE,,25.0,Active
Jahwan Edwards,RB,,32.0,Active
Daikiel Shorts,WR,,27.0,Active
Chris Brooks,RB,GB,26.0,Active
Christian Wade,RB,,30.0,Inactive
Chris Evans,RB,,27.0,Active
Dylan Laube,RB,LV,26.0,Active
Andrew Beck,RB,NYJ,30.0,Active
Kadarius Toney,WR,,25.0,Active
Quez Watkins,WR,PHI,27.0,Active
Sione Houma,RB,,30.0,Active
Anthony Boone,QB,,34.0,Active
Jaden Smith,WR,,,Active
Cade Otton,TE,TB,27.0,Active
Adrian Coxson,WR,,33.0,Active
Marquis Young,RB,,26.0,Active
Derrick Deese,TE,,24.0,Active
Davis Webb,QB,,28.0,Active
Kenny Fletcher,TE,TB,,Active
Chris Moore,WR,,32.0,Active
Stephen Sullivan,TE,,28.0,Active
Corey Taylor,RB,,24.0,Active
Darnell Holland,RB,,25.0,Active
Brenden Bates,TE,CLE,26.0,Active
Ernst Brun,TE,,34.0,Active
CJ Williams,WR,JAX,22.0,Active
Jalin Conyers,TE,,24.0,Active
T.J. Linta,QB,,,Active
Willie Snead,WR,,31.0,Inactive
Brandon Bolden,RB,,34.0,Active
C.J. Germany,WR,,,Active
CJ Daniels,WR,LAR,24.0,Active
E.J. Williams,WR,LV,24.0,Active
Connor Jessop,QB,,,Active
Dontez Byrd,WR,,26.0,Active
Tre'Quan Smith,WR,,28.0,Inactive
Kimani Vidal,RB,LAC,24.0,Active
Gary Jennings,WR,,26.0,Active
Jamari Staples,WR,,27.0,Active
Josh Cuevas,TE,BAL,22.0,Active
Jerand Bradley,WR,LAC,23.0,Active
Jack Endries,TE,CIN,22.0,Active
Trinity Benson,WR,,26.0,Active
Gavin Holmes,WR,,24.0,Active
Trevon Clark,WR,,23.0,Active
Thyrick Pitts,WR,,25.0,Inactive
Khalil Herbert,RB,,27.0,Active
Harrison Butker,K,KC,30.0,Active
Steven Sims,WR,,28.0,Active
Tyler Davis,K,,27.0,Active
Ko Kieft,TE,TB,28.0,Active
Dai'Jean Dixon,WR,,24.0,Active
Tyjon Lindsey,WR,,24.0,Active
Vance McDonald,TE,,31.0,Injured Reserve
Sandro Platzgummer,RB,,25.0,Active
Paul Quessenberry,TE,,30.0,Active
Jaxon Smith-Njigba,WR,SEA,24.0,Active
Lew Nichols,RB,PIT,24.0,Active
Isaiah Davis,RB,NYJ,24.0,Active
Jaylen Waddle,WR,DEN,27.0,Active
Derrius Guice,RB,,24.0,Active
Jahdae Walker,WR,CHI,23.0,Active
Jalen Wydermyer,TE,,22.0,Active
Trevion Thompson,WR,,26.0,Active
Jacardia Wright,RB,SEA,25.0,Active
Gabe Marks,WR,,27.0,Active
Landon Parker,WR,,26.0,Active
David Durden,WR,,25.0,Active
Noah Thomas,WR,CIN,22.0,Active
Justin Manton,K,,32.0,Active
Jalen Hurd,WR,,27.0,Active
,DEF,BAL,,
Brenen Thompson,WR,LAC,22.0,Active
Gabriel Benyard,WR,BUF,,Active
Matt LaCosse,TE,NE,29.0,Active
Matt Lengel,TE,,31.0,Active
Manny Wilkins,QB,,26.0,Active
Steven Mitchell,WR,,27.0,Inactive
Dominick Wood-Anderson,TE,,23.0,Active
Brian Hoyer,QB,,38.0,Active
Clyde Edwards-Helaire,RB,,26.0,Active
Brian Lewerke,QB,,25.0,Active
Julius Davis,RB,,,Active
Justin Joly,TE,DEN,21.0,Active
Malik Earl,WR,,25.0,Active
Austin Reed,QB,,25.0,Active
Jaelon Darden,WR,,26.0,Active
Dakereon Joyner,WR,,24.0,Active
Younghoe Koo,K,NYJ,31.0,Active
Troy Fumagalli,TE,,29.0,Active
Brandin Cooks,WR,,32.0,Active
Derek Carrier,TE,,31.0,Active
Travon McMillian,RB,,25.0,Active
Daniel Jones,QB,IND,29.0,Active
Travis Koontz,TE,,,Active
Peter LeBlanc,WR,,23.0,Active
Deontay Burnett,WR,,26.0,Active
Jesse James,TE,,29.0,Active
Eli Raridon,TE,NE,22.0,Active
Riley Sharp,TE,,27.0,Active
Andy Phillips,K,,32.0,Active
Marken Michel,WR,,29.0,Active
James Looney,TE,,26.0,Active
Jared Scott,TE,,23.0,Active
Shelton Gibson,WR,,27.0,Active
David Johnson,RB,,31.0,Active
Darrynton Evans,RB,,27.0,Inactive
Miles Davis,RB,CAR,,Active
Xavier Jones,RB,,24.0,Active
T.J. Hockenson,TE,MIN,28.0,Active
Harvey Binford,WR,,30.0,Inactive
Ryan Fitzgerald,K,CAR,25.0,Active
Austin Jones,RB,,23.0,Active
Chad Ryland,K,ARI,26.0,Active
Gio Pascascio,WR,,27.0,Active
TreVeyon Henderson,RB,NE,23.0,Active
J.D. McKissic,RB,,29.0,Inactive
Cole Murphy,K,,,Active
Alex Kessman,K,CAR,24.0,Active
C.J. Beathard,QB,,32.0,Active
Miles Kitselman,TE,DET,23.0,Active
Miller Moss,QB,CHI,24.0,Active
J.J. Jones,WR,,,Active
Isaac Nauta,TE,GB,24.0,Inactive
Rondale Moore,WR,,25.0,Active
Jalen Moss,WR,,,Active
Jared Cook,TE,,35.0,Active
Marcus Major,RB,,25.0,Active
I'Tavius Mathers,RB,,28.0,Active
Ethan Wolf,TE,,26.0,Active
Elijah Sarratt,WR,BAL,23.0,Active
Isaac TeSlaa,WR,DET,24.0,Active
Phillip Lindsay,RB,,28.0,Active
D'Andre Swift,RB,CHI,27.0,Active
Kaden Smith,TE,,26.0,Inactive
Geno Smith,QB,NYJ,35.0,Active
Ryan Becker,TE,,24.0,Active
Corey Kiner,RB,ARI,24.0,Active
Kahlil Lewis,WR,,24.0,Active
Tua Tagovailoa,QB,ATL,28.0,Active
Devin Singletary,RB,NYG,28.0,Active
Marshaun Coprich,RB,,30.0,Active
RJ Mobley,WR,,,Active
Ito Smith,RB,DAL,26.0,Active
Rushel Shell,RB,,28.0,Active
Jabari Small,RB,DET,25.0,Active
Caullin Lacy,WR,NYJ,24.0,Active
Jalen Hurts,QB,PHI,27.0,Active
Brett Hundley,QB,,29.0,Active
Josh Rounds,RB,,28.0,Active
Omari Evans,WR,KC,,Active
Sergio Castillo,K,,31.0,Active
Dylan Devezin,RB,,,Active
Ramiz Ahmed,K,,29.0,Active
Zach Wilson,QB,NO,26.0,Active
Elijah Mitchell,RB,PHI,28.0,Active
Case Cookus,QB,,27.0,Active
Adonis Jennings,WR,,26.0,Active
Diontae Spencer,WR,,31.0,Inactive
Devontae Booker,RB,,29.0,Active
Damien Alford,WR,NO,25.0,Active
Tyler Snead,WR,,22.0,Active
Seth Henigan,QB,,23.0,Active
Dustin Hopkins,K,,34.0,Active
Robert Lewis,WR,,23.0,Active
Isaiah Zuber,WR,,26.0,Inactive
Ladd McConkey,WR,LAC,24.0,Active
Demond Claiborne,RB,MIN,22.0,Active
Ricky White,WR,SEA,24.0,Active
Brian Robinson,RB,ATL,27.0,Active
Robert Burns,RB,,26.0,Active
Tyler Mabry,TE,,28.0,Inactive
Rob Gronkowski,TE,,32.0,Active
Dae'Quan Wright,TE,PHI,22.0,Active
Casey Washington,WR,ATL,25.0,Active
Felton Davis,WR,,24.0,Active
Devine Ozigbo,RB,,27.0,Active
Jake Browning,QB,TB,30.0,Active
Ethan Garbers,QB,,23.0,Active
Clayton Wilson,TE,,27.0,Active
Zach Gentry,TE,,27.0,Active
Ishmael Zamora,WR,,26.0,Active
Moral Stephens,TE,,,Active
Martez Carter,RB,,28.0,Active
Brandon Hayes,WR,PHI,,Active
Deion Hankins,RB,,25.0,Active
Alshon Jeffery,WR,,31.0,Active
Micah Wright,WR,,,Active
Sam Ehlinger,QB,DEN,27.0,Active
Nico Evans,RB,,25.0,Active
Shane Carden,QB,,33.0,Active
J'Mar Smith,QB,,25.0,Active
Jeff Wilson,RB,,30.0,Active
Jermaine Terry,TE,,,Active
DeaMonte Trayanum,RB,NYJ,24.0,Active
Keon Hatcher,WR,,27.0,Active
Davion Davis,WR,,27.0,Active
Brandon Shippen,WR,,27.0,Active
Barrett Burns,TE,BAL,23.0,Active
Rome Odunze,WR,CHI,24.0,Active
Cameron Batson,WR,,27.0,Active
Johnnie Dixon,WR,,27.0,Active
Tyrell Williams,WR,,29.0,Active
Michael Wilson,WR,ARI,26.0,Active
Erik Krommenhoek,TE,,,Active
Elijhah Badger,WR,,24.0,Active
,DEF,PIT,,
Mohamed Sanu,WR,,33.0,Active
Geor'Quarius Spivey,TE,,25.0,Active
Xavier Loyd,WR,KC,23.0,Active
DeAngelo Yancey,WR,,27.0,Active
Jordan Love,QB,GB,27.0,Active
Tyler Boyd,WR,,30.0,Active
Jordan Petaia,TE,,25.0,Active
Jake Powell,TE,,25.0,Active
Keelan Marion,WR,ATL,,Active
Chandler Morris,QB,,25.0,Active
Jeremiah Haydel,WR,,22.0,Active
James Franklin,QB,,34.0,Active
Justin Marshall,WR,,24.0,Active
Braxton Berrios,WR,NYG,30.0,Active
Adrian Killins,RB,DEN,24.0,Inactive
Latreal Jones,WR,,26.0,Active
Matt Ryan,QB,,37.0,Active
Carlos Hyde,RB,,31.0,Active
Matt Gay,K,LV,32.0,Active
,DEF,IND,,
Jerreth Sterns,WR,,23.0,Active
Kearis Jackson,WR,,25.0,Active
Chase Litton,QB,,26.0,Active
John Metchie,WR,CAR,25.0,Active
Zack Kuntz,TE,,26.0,Active
John Michael Gyllenborg,TE,KC,23.0,Active
Ka'Raun White,WR,,28.0,Active
Cade Johnson,WR,,26.0,Active
Redd Douglas,WR,,,Active
Erick All,TE,CIN,25.0,Active
Nick Westbrook-Ikhine,WR,IND,29.0,Active
Griffin Hebert,TE,,25.0,Active
Sincere Brown,WR,LAC,,Active
Kalif Raymond,WR,CHI,31.0,Active
Sam Pinckney,WR,,25.0,Active
KhaDarel Hodge,WR,,31.0,Active
Lucky Jackson,WR,,28.0,Active
Des Lawrence,WR,,27.0,Active
Dominic Zvada,K,NYG,22.0,Active
Cooper Rush,QB,,32.0,Active
Shane Wimann,RB,,27.0,Inactive
Heinrich Haarberg,TE,CAR,23.0,Active
Brandon Silvers,QB,,27.0,Active
Hendon Hooker,QB,TEN,28.0,Active
John FitzPatrick,TE,,25.0,Active
Chris Godwin,WR,TB,30.0,Active
Devin Gray,WR,,27.0,Active
Dallin Holker,TE,,25.0,Active
Richie James,WR,,28.0,Active
Kevin Davidson,QB,,24.0,Inactive
Tre Ford,QB,,24.0,Active
Andrew Peasley,QB,,25.0,Active
Jamoi Mayes,WR,,23.0,Active
Jerome Washington,TE,,27.0,Active
Anthony Miller,WR,,30.0,Active
DaMarkus Lodge,WR,,24.0,Active
Chris Bazile,TE,,30.0,Active
Brenden Knox,RB,,23.0,Active
Richard Rodgers,TE,,31.0,Inactive
Max Bredeson,TE,MIN,23.0,Active
Michael Pratt,QB,,23.0,Active
Dawson Knox,TE,BUF,29.0,Active
Simi Fehoko,WR,ARI,28.0,Active
Chandler Brayboy,WR,JAX,24.0,Active
Senorise Perry,RB,,30.0,Inactive
Jason Reese,TE,,26.0,Active
Valentino Ambrosio,K,,24.0,Active
K.J. Osborn,WR,TEN,28.0,Active
Blake Bortles,QB,NO,29.0,Active
Josh Imatorbhebhe,WR,,23.0,Active
Montrell Washington,WR,,26.0,Active
Darion Clark,TE,,27.0,Inactive
Xavier Weaver,WR,ARI,25.0,Active
Josh Johnson,QB,CIN,40.0,Active
Taylor Heinicke,QB,,32.0,Active
Collin Johnson,WR,,27.0,Active
Athan Kaliakmanis,QB,WAS,22.0,Active
Jack Velling,TE,ATL,,Active
Chase Allen,TE,,26.0,Active
Tarik Cohen,RB,,29.0,Active
Bennie Fowler,WR,,30.0,Active
Cade Peterson,QB,,,Active
Anthony Schwartz,WR,,24.0,Active
Jake Burt,TE,,25.0,Active
Jimmy Garoppolo,QB,,34.0,Active
Trevor Knight,QB,,28.0,Active
Cameron Dicker,K,LAC,26.0,Active
Will Mallory,TE,IND,26.0,Active
Rocky Lombardi,QB,,26.0,Active
Thomas Gordon,TE,DET,25.0,Active
Rushawn Baker,RB,,22.0,Active
Titus Swen,RB,,,Active
Derel Walker,WR,,30.0,Active
Kairee Robinson,RB,,,Active
Isiah Pacheco,RB,DET,27.0,Active
Josh Harper,WR,,33.0,Active
Stephen Louis,WR,,26.0,Active
Kirk Cousins,QB,LV,37.0,Active
DeVonte Dedmon,WR,,26.0,Active
Jawon Chisholm,RB,,33.0,Active
Allen Lazard,WR,,30.0,Active
Jake Ferguson,TE,DAL,27.0,Active
John Paddock,QB,,24.0,Active
Calvin Jackson,WR,,25.0,Active
Jake Heaps,QB,,30.0,Active
Noah Gindorff,TE,,24.0,Active
Marcus Kemp,WR,,28.0,Active
Luke Farrell,TE,SF,28.0,Active
Josh Adams,RB,,25.0,Active
Devon Cajuste,WR,,28.0,Active
Micky Crum,TE,,26.0,Active
Isaiah Winstead,WR,,25.0,Active
Le'Meke Brockington,WR,ATL,,Active
Peewee Jarrett,QB,,,Active
Kermit Whitfield,WR,,28.0,Active
Colton Dowell,WR,SF,27.0,Active
Marcus Green,WR,,25.0,Active
Jonathan Duhart,WR,,25.0,Active
Curtis Samuel,WR,,29.0,Active
Benny LeMay,RB,CLE,24.0,Active
Ryan Tannehill,QB,,35.0,Active
Joe Horn,WR,,27.0,Active
Anthony Grant,RB,,25.0,Active
Deontez Alexander,WR,,26.0,Active
DeMeer Blankumsee,WR,,,Active
Bronson Kaufusi,TE,GB,30.0,Active
Daniel George,WR,,,Active
Zach Ertz,TE,,35.0,Active
Corey Willis,WR,,26.0,Active
Bucky Hodges,TE,,26.0,Active
Malik Williams,WR,,24.0,Active
Brady Russell,TE,SEA,27.0,Active
Trey Benson,RB,ARI,23.0,Active
Mark McNamee,K,,26.0,Active
N'Keal Harry,TE,,26.0,Active
Brandon Brown-Dukes,RB,,29.0,Active
Jimmy Holiday,WR,KC,24.0,Active
Ben DiNucci,QB,,29.0,Active
Kole Wilson,WR,CLE,,Active
Jake Bobo,WR,SEA,27.0,Active
Isaiah Likely,TE,NYG,26.0,Active
Patrick Mahomes,QB,KC,30.0,Active
,DEF,ARI,,
Nathan Rourke,QB,,26.0,Active
Demarcus Robinson,WR,SF,31.0,Active
Demetric Felton,RB,,27.0,Active
Isaiah Williams,WR,NYJ,25.0,Active
Todd Gurley,RB,,27.0,Active
Tanner Gentry,WR,,28.0,Active
Shedeur Sanders,QB,CLE,24.0,Active
Cody Thompson,WR,,29.0,Active
Keytaon Thompson,WR,,24.0,Active
Mark Ingram,RB,,33.0,Inactive
,DEF,SEA,,
Jake McGee,TE,,30.0,Active
Ja'Marr Chase,WR,CIN,26.0,Active
Kevin Harris,RB,,24.0,Active
Christopher Ezeala,RB,,26.0,Active
Marcus Riley,WR,,25.0,Active
Brandon Barnes,TE,,27.0,Active
Peter Pujals,QB,,26.0,Active
Brady Boyd,WR,JAX,,Active
Grant Calcaterra,TE,PHI,27.0,Active
Alex Bullock,WR,,,Active
Jordan Veasy,WR,,27.0,Active
Calvin Austin,WR,NYG,27.0,Active
Austin Trammell,WR,JAX,27.0,Active
Dyami Brown,WR,WAS,26.0,Active
Jaren Kanak,TE,TEN,22.0,Active
,DEF,LV,,
Evan McPherson,K,CIN,26.0,Active
Jacob Clark,QB,LV,,Active
John Jackson,WR,,25.0,Active
Jermaine Jackson,WR,,24.0,Active
Graham Adomitis,TE,,25.0,Active
Dontay Demus,WR,,23.0,Active
Tommy Armstrong Jr.,QB,,,Inactive
Jay Ajayi,RB,,28.0,Injured Reserve
Rhett Ellison,TE,,33.0,Injured Reserve
Jalen Tolbert,WR,MIA,27.0,Active
Farrod Green,TE,,24.0,Active
Justin Herbert,QB,LAC,28.0,Active
Denzel Mims,WR,,26.0,Active
Alex Hale,K,,27.0,Active
Jason Vander Laan,TE,,29.0,Inactive
Jahmal Banks,WR,,24.0,Active
Kelvin Harmon,WR,,28.0,Active
Chris Freeman,K,,,Active
Malik Turner,WR,SF,30.0,Active
Damien Caffrey,TE,,,Active
Tee Higgins,WR,CIN,27.0,Active
Andre Patton,WR,,27.0,Active
Kenny Stills,WR,,30.0,Active
Gavin Hardison,QB,,24.0,Active
Sam LaPorta,TE,DET,25.0,Active
Jordan Travis,QB,,24.0,Active
Leroy Watson,TE,,27.0,Active
Trayone Gray,RB,,26.0,Active
Cyrus Holder,WR,,,Active
Garrett Greene,QB,TB,24.0,Active
Lee Smith,TE,ATL,34.0,Active
Stephen Baggett,TE,,,Active
Maurice Alexander,WR,CHI,29.0,Active
Marcus Yarns,RB,,24.0,Active
Joseph Parker,WR,,25.0,Active
Jamari Thrash,WR,CLE,25.0,Active
Myles Montgomery,RB,NE,,Active
Jontre Kirklin,WR,,25.0,Active
Nakia Griffin-Stewart,TE,,25.0,Active
Marcus Simms,WR,,26.0,Inactive
Mike Rigerman,TE,,23.0,Active
Brian Burt,WR,,,Active
Alex Erickson,WR,,32.0,Active
Luke Floriea,WR,CLE,24.0,Active
Grayson Gunter,TE,,25.0,Active
Cameron Ross,WR,DEN,24.0,Active
Montrell Johnson,RB,,23.0,Inactive
D'Onta Foreman,RB,,28.0,Active
Alex Bachman,WR,,29.0,Active
Taulia Tagovailoa,QB,,24.0,Active
Izaiah Gathings,TE,,23.0,Active
Gus Johnson,RB,,28.0,Active
Pharaoh Brown,TE,,31.0,Active
Jacob Saylors,RB,DET,25.0,Active
Quali Conley,RB,,23.0,Active
Tony Brown,WR,,24.0,Active
Darrin Hall,RB,,25.0,Active
Ty Montgomery,RB,,30.0,Active
Britain Covey,WR,PHI,29.0,Active
Nick Muse,TE,,27.0,Active
Sam Schnee,WR,,24.0,Active
Jared Murphy,WR,,27.0,Active
John Baron,K,,25.0,Active
Derrick Willies,WR,,27.0,Inactive
DeMario Douglas,WR,NE,25.0,Active
Gerrid Doaks,RB,,25.0,Active
Jalen Nailor,WR,LV,27.0,Active
Kalen Ballage,RB,,26.0,Active
Case Keenum,QB,CHI,38.0,Active
Davis Koppenhaver,TE,,25.0,Active
Carson Williams,TE,,,Inactive
Jason Moore,WR,,28.0,Active
Bryan Thompson,WR,,25.0,Inactive
Luther Burden,WR,CHI,22.0,Active
Patrick Carr,RB,,26.0,Active
Miller Forristall,TE,,26.0,Active
Jordan Franks,TE,,27.0,Inactive
Dontayvion Wicks,WR,PHI,24.0,Active
Marquise Goodwin,WR,,33.0,Active
Synjyn Days,RB,,34.0,Active
,DEF,NYJ,,
Vernon Davis,TE,,37.0,Injured Reserve
Lujuan Winningham,WR,,,Active
Montorie Foster,WR,SEA,24.0,Active
Brashard Smith,RB,KC,23.0,Active
Lamar Jackson,QB,BAL,29.0,Active
Jake Moody,K,WAS,26.0,Active
Camden Lewis,K,,,Active
Devonte Ross,WR,LAC,23.0,Active
Joey Aguilar,QB,JAX,24.0,Active
Deneric Prince,RB,,25.0,Active
Osirus Mitchell,WR,,23.0,Active
Eli Stowers,TE,PHI,23.0,Active
Jalen McMillan,WR,TB,24.0,Active
RJ Maryland,TE,GB,21.0,Active
Tucker McCann,K,,24.0,Active
Robbie Gould,K,,40.0,Active
Tom Brady,QB,,45.0,Active
Jeremy McNichols,RB,WAS,30.0,Active
Dalevon Campbell,WR,LAC,24.0,Active
Kayron Lynch-Adams,RB,,,Active
Sean Clifford,QB,CIN,27.0,Active
Canaan Severin,WR,,28.0,Active
Dylan Stapleton,TE,,23.0,Inactive
Davante Adams,WR,LAR,33.0,Active
Aaron Rodgers,QB,PIT,42.0,Active
Deebo Samuel,WR,,30.0,Active
Troy Hairston,RB,,26.0,Active
Terry Wright,WR,,24.0,Active
Joe Williams,RB,,28.0,Active
Michael Hiers,QB,,25.0,Active
Bryson Nesbit,TE,MIN,23.0,Active
Cody Hollister,WR,,29.0,Active
Brenton Strange,TE,JAX,25.0,Active
Tyler Shough,QB,NO,26.0,Active
Caleb Shudak,K,,25.0,Active
Charleston Rambo,WR,,24.0,Inactive
Tyrod Taylor,QB,GB,36.0,Active
Chase McLaughlin,K,TB,30.0,Active
Marcus Burke,WR,,,Active
Matt Colburn,RB,,27.0,Active
Adam Humphries,WR,,30.0,Active
Ben Patterson,WR,JAX,,Active
Dezmon Patmon,WR,,25.0,Active
Emmanuel Butler,WR,,25.0,Inactive
David Porter,WR,,32.0,Active
Baker Mayfield,QB,TB,31.0,Active
James Conner,RB,ARI,31.0,Active
John Matocha,QB,,,Active
Devonte Boyd,WR,,27.0,Active
Khalil Dinkins,TE,SF,,Active
Dorian Thompson-Robinson,QB,,25.0,Active
Soma Vainuku,RB,,29.0,Active
Jeremy Ruckert,TE,NYJ,25.0,Active
Mason Pline,TE,,26.0,Active
Trey Edmunds,RB,,27.0,Active
Emory Jones,QB,,25.0,Active
Tyler Warren,TE,IND,24.0,Active
Jeremiah Hall,TE,,,Active
Andre Szmyt,K,CLE,27.0,Active
Mark Gronowski,QB,MIA,24.0,Active
Dohnte Meyers,WR,CIN,25.0,Active
Nick Sciba,K,,23.0,Active
Mason Crosby,K,,39.0,Active
Lawrence Cager,TE,WAS,28.0,Active
Stephen Hauschka,K,,36.0,Injured Reserve
Trent Pennix,TE,,25.0,Active
Jazz Ferguson,WR,,25.0,Active
Shea Patterson,QB,,24.0,Active
Uzoma Nwachukwu,WR,,31.0,Active
Randall Cobb,WR,,33.0,Active
Nyheim Miller-Hines,RB,,29.0,Active
K.D. Cannon,WR,,26.0,Active
Kenyon Sadiq,TE,NYJ,21.0,Active
Kelly Akharaiyi,WR,,25.0,Active
Jared Rice,TE,,25.0,Active
Sean Tucker,RB,TB,24.0,Active
Michael Carter,RB,TEN,27.0,Active
Christian Watson,WR,GB,27.0,Active
Tyrion Davis-Price,RB,,24.0,Active
Malachi Jones,WR,,27.0,Active
Darren Carrington,WR,,27.0,Inactive
Joel Stave,QB,,29.0,Injured Reserve
Cam Sims,WR,,28.0,Active
Jermar Jefferson,RB,SF,26.0,Active
Devin Funchess,TE,,28.0,Active
Ezell Ruffin,WR,,32.0,Active
Nathan Carter,RB,ATL,24.0,Active
Dom Williams,WR,,29.0,Active
Caleb Scott,WR,TEN,25.0,Active
Golden Tate,WR,,33.0,Active
Will Levis,QB,TEN,26.0,Active
Preston Fox,WR,,,Active
Jon'Vea Johnson,WR,,26.0,Active
Tre' Harris,WR,LAC,24.0,Active
A.J. Richardson,WR,,26.0,Active
Garrett Groshek,RB,,24.0,Active
Tyler Bray,QB,,30.0,Inactive
DeMichael Harris,WR,,24.0,Active
Jakobi Meyers,WR,JAX,29.0,Active
Ed Lee,WR,,24.0,Active
Tommy Mellott,WR,,24.0,Active
Titus Davis,WR,,29.0,Active
Jerjuan Newton,WR,,24.0,Active
Jadakis Bonds,WR,,23.0,Active
Dontae Fleming,WR,MIN,24.0,Active
Nigel King,WR,,32.0,Active
Carson Strong,QB,,23.0,Active
Isaac Guerendo,RB,SF,25.0,Active
Taysir Mack,WR,,24.0,Active
J.J. Nelson,WR,,30.0,Active
Jude McAtamney,K,,25.0,Active
Dean Patterson,WR,TB,,Active
Bryce Sterk,TE,,25.0,Inactive
Jeremy Cox,RB,,25.0,Inactive
Wilton Speight,QB,,27.0,Active
Duke Williams,WR,,28.0,Active
Johnathan Lloyd,WR,,26.0,Active
Carson Beck,QB,ARI,23.0,Active
Ethan Fernea,WR,,26.0,Active
Dylan Parham,TE,,24.0,Active
Zay Malone,WR,,23.0,Active
Anthony Kelly,WR,,31.0,Active
Maxx Williams,TE,,28.0,Active
A.J. Green,WR,,34.0,Active
Lucas Havrisik,K,GB,26.0,Active
Steven Stilianos,TE,,25.0,Active
Ontaria Wilson,WR,,25.0,Active
Gavin Bartholomew,TE,MIN,23.0,Active
C.J. Saunders,WR,,27.0,Active
Trent Battle,RB,,,Active
Terry Godwin,WR,,25.0,Active
Tyler Higbee,TE,LAR,33.0,Active
Aron Cruickshank,WR,,22.0,Active
Bell Braylon,WR,,,Active
Gabe Brkic,K,,,Active
Chris Thompson,RB,,31.0,Active
Randy Bullock,K,,34.0,Active
Jordan Moore,WR,CIN,24.0,Active
Michael Dereus,WR,,24.0,Active
Juwan Green,WR,,25.0,Active
Tre Stewart,RB,,23.0,Active
Devin Smith,WR,,29.0,Active
Kenneth Dixon,RB,,27.0,Active
Nick Chubb,RB,,30.0,Active
Cordarrelle Patterson,RB,,34.0,Active
Ricky Pearsall,WR,SF,25.0,Active
Emeka Egbuka,WR,TB,23.0,Active
Kyle Trask,QB,,27.0,Active
Max Borghi,RB,,22.0,Active
Lake McRee,TE,PIT,,Active
Ryan Coe,K,,,Active
Cameron Scarlett,RB,,25.0,Active
Jack Podlesny,K,,24.0,Active
Shane Watts,RB,,,Active
Jacob Dolegala,QB,,25.0,Active
Nico Collins,WR,HOU,27.0,Active
Anthony Smith,WR,DAL,24.0,Active
Craig Reynolds,RB,,29.0,Active
Daniel Crawford,TE,,24.0,Active
Bryce Young,QB,CAR,24.0,Active
Terrance Ferguson,TE,LAR,23.0,Active
Henry Litwin,WR,,,Active
,DEF,DAL,,
Ronnie Bell,WR,NO,26.0,Active
Mike Nugent,K,,39.0,Inactive
Damon Sheehy-Guiseppi,WR,,26.0,Active
Kenny Golladay,WR,,29.0,Active
Josh Oliver,TE,MIN,29.0,Active
Daewood Davis,WR,,25.0,Inactive
Bryan Edwards,WR,,24.0,Active
Jordan Mason,RB,MIN,27.0,Active
Quincy Skinner,WR,,22.0,Active
Greg Bell,RB,,25.0,Active
Logan Woodside,QB,,30.0,Active
Gregory Desrosiers,RB,LAC,,Active
Matt Landers,WR,,26.0,Active
Luke McCaffrey,WR,WAS,25.0,Active
Trey Wolff,K,,23.0,Active
Aleva Hifo,WR,,24.0,Active
Felix Harper,QB,,,Active
John Ursua,WR,,28.0,Inactive
Raymond Calais,RB,,24.0,Active
Jake Elliott,K,PHI,31.0,Active
Vernon Johnson,WR,,32.0,Active
Caleb Douglas,WR,MIA,22.0,Active
Trevor Wood,TE,,25.0,Active
Rico Dowdle,RB,PIT,27.0,Active
Braxton Westfield,WR,,,Active
Mason Tipton,WR,NO,25.0,Active
Dontae McMillan,RB,BAL,,Active
Ahmad Wagner,WR,,25.0,Inactive
Vyncint Smith,WR,,27.0,Active
Eric Rogers,WR,,30.0,Active
Roman Wilson,WR,PIT,24.0,Active
Tyler Huntley,QB,BAL,28.0,Active
Caleb Lohner,TE,DEN,24.0,Active
Mathieu Severance,RB,,,Active
Jarred Haggins,WR,,33.0,Active
George Pickens,WR,DAL,25.0,Active
Alexander Mattison,RB,,27.0,Active
Chevan Cordeiro,QB,,,Active
Austin Fort,TE,,26.0,Active
Sam Ficken,K,,30.0,Active
Snoop Conner,RB,,24.0,Active
Elijah Collins,RB,,24.0,Active
Jose Barbon,WR,,23.0,Active
KeeSean Johnson,WR,,26.0,Active
Treylon Burks,WR,WAS,26.0,Active
Tommy Tremble,TE,CAR,26.0,Active
Tyshaun James,WR,,23.0,Active
Broc Rutter,QB,,24.0,Active
Dexter Williams,RB,,25.0,Active
Daniel Jackson,WR,,23.0,Active
Tucker Kraft,TE,GB,25.0,Active
Jake Haener,QB,,27.0,Active
Theo Johnson,TE,NYG,25.0,Active
Hassan Hall,RB,,24.0,Active
John Kelly,RB,,28.0,Active
Braelon Allen,RB,NYJ,22.0,Active
Christian Powell,RB,,31.0,Active
Tre Turner,WR,,,Active
Drew Anderson,QB,,26.0,Active
Jordan Hudson,WR,DAL,22.0,Active
Elijah Moore,WR,PHI,26.0,Active
Zaire Mitchell-Paden,TE,NO,26.0,Active
Garrett Wilson,WR,NYJ,25.0,Active
Tyree Jackson,TE,,28.0,Active
Drew Estrada,WR,,25.0,Active
Mike Boone,RB,,30.0,Active
Austin Ekeler,RB,,30.0,Active
Marvelle Ross,WR,,25.0,Inactive
Keaton Mitchell,RB,LAC,24.0,Active
Kyle Rudolph,TE,,33.0,Active
Chris Bell,WR,MIA,21.0,Active
Chris Blair,WR,ATL,28.0,Active
Penny Hart,WR,,27.0,Inactive
Matt Cole,WR,,25.0,Active
Tahj Brooks,RB,CIN,24.0,Active
Kristian Wilkerson,WR,,29.0,Active
Nate Boerkircher,TE,JAX,24.0,Active
Devon Williams,WR,,,Active
Zane Gonzalez,K,MIA,31.0,Active
Christopher Dunn,K,,25.0,Active
Tyler Badie,RB,DEN,26.0,Active
Shaquelle Evans,WR,,30.0,Active
Nick Williams,WR,DEN,32.0,Active
Marcus Tucker,WR,,29.0,Inactive
,DEF,WAS,,
Brandon Lewis,WR,,,Active
Blake Corum,RB,LAR,25.0,Active
Elijah Cooks,WR,,27.0,Active
Keenen Brown,TE,,26.0,Active
J.J. Koski,WR,,26.0,Active
Daniel Bellinger,TE,TEN,25.0,Active
Elijah Tau-Tolliver,RB,BAL,,Active
Bryce Pierre,TE,CAR,25.0,Inactive
Lil'Jordan Humphrey,WR,DEN,28.0,Active
Travell Harris,WR,,,Active
Marcus Sanders,WR,MIN,,Active
Dalton Crossan,RB,,27.0,Inactive
Kaleb Johnson,RB,PIT,22.0,Active
Treyton Welch,TE,NO,25.0,Active
Terique Owens,WR,,25.0,Active
Eli Wolf,TE,,24.0,Inactive
Nyqwan Murray,WR,,24.0,Active
Johnny Holton,WR,,31.0,Active
Woody Marks,RB,HOU,25.0,Active
Keith Towbridge,TE,,26.0,Active
Garrett Johnson,WR,,26.0,Active
Rajion Neal,RB,,29.0,Active
Garrett Hudson,TE,,26.0,Active
Cody Schrader,RB,DEN,26.0,Active
Thomas Ives,WR,CHI,25.0,Inactive
JuJu Smith-Schuster,WR,NYG,29.0,Active
Skylar Thompson,QB,BAL,28.0,Active
Darius Bradwell,RB,,25.0,Active
British Brooks,RB,HOU,26.0,Active
Tanner Morgan,QB,,24.0,Active
Russell Gage,WR,,29.0,Active
Michael Walker,WR,,25.0,Active
Tyreek Hill,WR,,31.0,Active
Tim Jones,WR,JAX,28.0,Active
Blake Jarwin,TE,,27.0,Active
Isaiah Neyor,WR,GB,24.0,Active
Wayne Ruby,WR,,24.0,Active
Haynes King,QB,CAR,25.0,Active
Easton Stick,QB,IND,30.0,Active
David White,WR,,25.0,Active
Raphael Leonard,WR,,24.0,Active
Jordan Leggett,TE,,26.0,Inactive
,DEF,LAC,,
Cephus Johnson,WR,,24.0,Active
Peyton Hendershot,TE,,25.0,Active
A.J. Ouellette,RB,,26.0,Active
Mike Evans,WR,SF,32.0,Active
Tutu Atwell,WR,MIA,26.0,Active
LeVante Bellamy,RB,,25.0,Active
Paul Browning,WR,,32.0,Active
Tyler Adams,WR,,25.0,Active
Tommy Stevens,TE,NYG,25.0,Active
Nolan Givan,TE,,,Active
Tyler Allgeier,RB,ARI,26.0,Active
Josh Smith,WR,,27.0,Inactive
Jimmy Horn,WR,CAR,23.0,Active
William Fuller,WR,,27.0,Active
Michael Trigg,TE,DAL,23.0,Active
Julius Chestnut,RB,TEN,25.0,Active
Layne Pryor,TE,HOU,23.0,Active
Nikola Kalinic,TE,CHI,29.0,Active
Shae Wyatt,WR,,24.0,Active
RJ Harvey,RB,DEN,25.0,Active
Trey Griffey,WR,,27.0,Active
Alex Quevedo,K,,24.0,Active
Luke Stocker,TE,,33.0,Active
Ja'Marcus Bradley,WR,,26.0,Inactive
Kenny Lawler,WR,,27.0,Active
Mikah Holder,WR,,25.0,Active
Devine Redding,RB,,25.0,Active
Russell Shepard,WR,,31.0,Active
David Fales,QB,,31.0,Active
Jason Huntley,RB,,25.0,Active
Dylan McDuffie,RB,,24.0,Active
Justin Rohrwasser,K,,25.0,Inactive
Jerick McKinnon,RB,,32.0,Active
Bailey Zappe,QB,NYJ,27.0,Active
Velus Jones,WR,SEA,29.0,Active
Lirim Hajrullahu,K,,32.0,Active
Brian Herrien,RB,,23.0,Active
Frank Gore,RB,,38.0,Active
Marcus Peterson,WR,,29.0,Active
Mike Weber,RB,,24.0,Inactive
Dominique Brown,RB,,33.0,Active
T.J. Simmons,WR,,,Active
Jared Bernhardt,WR,,25.0,Active
Spencer Brown,RB,,25.0,Active
Hunter Long,TE,JAX,27.0,Active
Savion Williams,WR,GB,24.0,Active
Taylor Elgersma,QB,,23.0,Active
Kalif Jackson,TE,MIA,,Active
Jonathan Garibay,K,,,Active
Kurt Benkert,QB,,27.0,Active
Kenjon Barner,RB,,33.0,Inactive
Owen Wright,RB,,27.0,Active
Brandon Frazier,TE,,,Active
Eli Heidenreich,RB,PIT,22.0,Active
Aaron Lacombe,WR,,26.0,Inactive
Anthony Johnson,WR,,26.0,Active
Ryan Nall,RB,,26.0,Inactive
Bryce Oliver,WR,TEN,26.0,Active
John Stephens,TE,,26.0,Inactive
Darrius Sims,RB,,27.0,Active
Frank Darby,WR,,26.0,Active
Collin Schlee,QB,,24.0,Active
Lynn Bowden,WR,,26.0,Active
Seth McGowan,RB,IND,24.0,Active
Marcus Johnson,WR,,28.0,Active
Josh Doctson,WR,,29.0,Active
Kyle Markway,TE,,25.0,Active
Deven Thompkins,WR,,26.0,Active
Marshawn Lynch,RB,,35.0,Injured Reserve
Malachi Carter,WR,,23.0,Active
Nick Tiano,QB,,25.0,Active
Jalen Guyton,WR,,27.0,Active
Antony Auclair,TE,,29.0,Active
Dayton Wade,WR,BAL,25.0,Active
J.P. Holtz,TE,,30.0,Active
Darece Roberson,WR,,23.0,Active
Irv Charles,WR,SEA,29.0,Active
Phil Lutz,WR,,,Active
Floyd Allen,WR,,25.0,Active
Paxton Lynch,QB,,27.0,Inactive
Beau Sandland,TE,,28.0,Active
Jacob Harris,WR,,28.0,Active
Marcus Martin,RB,,26.0,Active
Tim Patrick,WR,NYJ,32.0,Active
Joseph Ngata,WR,,24.0,Active
Treveyon Pratt,WR,,24.0,Active
Marquez Clark,WR,,33.0,Active
Mekhi Mews,WR,,,Active
Josh Rosen,QB,,25.0,Active
Nay'Quan Wright,RB,,,Active
Keilahn Harris,WR,,23.0,Inactive
Eli Pancol,WR,IND,25.0,Active
Luke Falk,QB,,27.0,Active
Cole Payton,QB,PHI,23.0,Active
Mik'Quan Deane,TE,,,Active
Carlos Henderson,WR,,27.0,Active
Jamison Crowder,WR,,31.0,Active
Evan Hull,RB,HOU,25.0,Active
Tony Jones,RB,,27.0,Active
Ben Sinnott,TE,WAS,23.0,Active
Jack Doyle,TE,IND,31.0,Active
Derrick Henry,RB,BAL,32.0,Active
Michael Miller,TE,,33.0,Active
Nick Schuessler,QB,PIT,,Active
Daniel Williams,WR,,26.0,Active
Nick O'Leary,TE,,29.0,Active
Cam Ward,QB,TEN,24.0,Active
Ke'Shawn Vaughn,RB,,28.0,Active
Sean Ryan,WR,,25.0,Active
Trey Millard,RB,,30.0,Active
Seth Dawkins,WR,,23.0,Inactive
Jerome Ford,RB,WAS,26.0,Active
D'Ernest Johnson,RB,,29.0,Active
Tai Felton,WR,MIN,23.0,Active
Cody Parkey,K,,29.0,Active
Matt McCrane,K,,30.0,Active
Dez Stewart,WR,,28.0,Inactive
Louis Rees-Zammit,RB,,24.0,Active
Bruno Labelle,TE,,24.0,Active
David Marvin,K,,26.0,Active
Robbie Ouzts,RB,SEA,23.0,Active
Devin Duvernay,WR,ARI,28.0,Active
Jake Wieneke,WR,,27.0,Active
Tim Boyle,QB,,30.0,Active
DeAndre Carter,WR,,32.0,Active
Puka Nacua,WR,LAR,25.0,Active
Caden Davis,K,,24.0,Active
Dan Villari,TE,LAR,23.0,Active
Devin Carter,WR,,22.0,Active
Drew Stevens,K,WAS,22.0,Active
Andrei Iosivas,WR,CIN,26.0,Active
Robert Davis,WR,,26.0,Active
Kalil Pimpleton,WR,,24.0,Active
Shay Fields,WR,,25.0,Active
Jeff Heuerman,TE,,29.0,Active
Dalton Sturm,QB,,26.0,Active
Tre Watson,TE,KC,23.0,Active
Trestan Ebner,RB,,24.0,Active
Jonathan Williams,RB,,30.0,Active
JaMycal Hasty,RB,,29.0,Active
Jaylon Moore,WR,,27.0,Inactive
Karan Higdon,RB,,25.0,Inactive
Antonio Gandy-Golden,TE,,24.0,Active
Jelani Baker,WR,,24.0,Active
Keleki Latu,TE,BUF,23.0,Active
Jjay Mcafee,TE,,,Active
Malachi Corley,WR,CLE,24.0,Active
Damiere Byrd,WR,,31.0,Active
,DEF,TB,,
Josh Caldwell,RB,,25.0,Active
Calvin Ridley,WR,TEN,31.0,Active
Josh Reynolds,WR,,31.0,Active
Brycen Hopkins,TE,,27.0,Active
Dedrick Mills,RB,,25.0,Active
Jack Stoll,TE,CLE,28.0,Active
Dez Fitzpatrick,WR,,27.0,Inactive
Tommy Hudson,TE,,27.0,Inactive
De'Zhaun Stribling,WR,SF,23.0,Active
Otis Anderson,RB,,23.0,Active
Ricky Collins,WR,,33.0,Active
Darvin Kidsy,WR,,26.0,Active
Rashard Higgins,WR,,28.0,Active
Brayden Willis,TE,SF,26.0,Active
Clive Walford,TE,,30.0,Active
Cam Camper,WR,,24.0,Active
Kenny Pickett,QB,CAR,27.0,Active
Darnell Washington,TE,PIT,24.0,Active
Kawaan Baker,WR,,27.0,Active
Will Shipley,RB,PHI,23.0,Active
Chimere Dike,WR,TEN,24.0,Active
,DEF,CLE,,
Marlin Klein,TE,HOU,23.0,Active
Jacob Huesman,QB,,28.0,Active
A.J. Brown,WR,NE,28.0,Active
Christian McCaffrey,RB,SF,29.0,Active
Gunner Olszewski,WR,NYG,29.0,Inactive
Colby Pearson,WR,,26.0,Active
Geremy Davis,WR,,30.0,Active
Diontae Johnson,WR,,29.0,Active
Charles McClelland,RB,,24.0,Active
Darrell Stewart,WR,,25.0,Inactive
Elijah McGuire,RB,KC,27.0,Active
Kaden Prather,WR,,23.0,Active
JaQuae Jackson,WR,LAC,26.0,Active
Romar Morris,RB,,29.0,Active
Ryan Switzer,WR,,27.0,Active
Tyler Hudson,WR,,22.0,Active
Aaron Fuller,WR,,24.0,Active
Tyrone Swoopes,TE,,27.0,Active
Thomas Greaney,TE,,24.0,Active
Tim DeMorat,QB,,23.0,Active
Matt Breida,RB,,29.0,Active
Dontrelle Inman,WR,,32.0,Active
BJ Baylor,RB,,24.0,Active
Justin Fields,QB,KC,27.0,Active
Samson Nacua,WR,,,Active
Cole Herdman,TE,,26.0,Active
Tim Wilson,WR,,27.0,Active
Jaxon Janke,WR,,25.0,Active
Keith Kirkwood,WR,,31.0,Active
Cayleb Jones,WR,,28.0,Active
Cade York,K,NYJ,25.0,Active
Amari Cooper,WR,,31.0,Active
Jake Funk,RB,,26.0,Active
Keith Marshall,RB,,27.0,Active
Michael Rector,WR,,28.0,Active
Wes Lunt,QB,,28.0,Active
Tevin Coleman,RB,,29.0,Active
Saquon Barkley,RB,PHI,29.0,Active
Justin Rigg,TE,,25.0,Active
Jordan Reed,TE,,31.0,Injured Reserve
Hunter Dekkers,QB,,24.0,Active
Taylor Sloat,TE,,,Active
Kevin Marks,RB,,24.0,Active
Kennedy Brooks,RB,,24.0,Active
Mike Williams,WR,,30.0,Active
Praise Olatoke,WR,,24.0,Active
James Mitchell,TE,CAR,26.0,Active
Kobe Hudson,WR,,,Active
Damien Williams,RB,,31.0,Inactive
Bryce Bobo,WR,,26.0,Active
Darius Victor,RB,,27.0,Active
Zach Horton,TE,DET,23.0,Active
Je'Quan Burton,WR,,24.0,Active
Parker Hesse,TE,,29.0,Active
Ian Wheeler,RB,,24.0,Active
Jaelon Acklin,WR,,26.0,Active
Marshall Morgan,K,,31.0,Active
Ahmad Fulwood,WR,,,Active
Josh Gordon,WR,,31.0,Active
Jason Sanders,K,,30.0,Active
Tony Pollard,RB,TEN,29.0,Active
Jonah Trinnaman,WR,,25.0,Inactive
Michael Bandy,WR,DEN,28.0,Active
Ted Ginn,WR,,36.0,Injured Reserve
Stephen Gosnell,WR,BUF,24.0,Active
George Holani,RB,SEA,26.0,Active
Clayton Tune,QB,,27.0,Active
Dalen Cambre,WR,NYG,25.0,Active
Chris Brazzell,WR,CAR,22.0,Active
Jaylin Lane,WR,WAS,24.0,Active
Danny Anthrop,WR,,31.0,Active
Braydon Johnson,WR,,24.0,Active
Rysen John,TE,,24.0,Active
Tre Tucker,WR,LV,25.0,Active
Ja'Mori Maclin,WR,BUF,24.0,Active
Darrell Henderson,RB,,26.0,Active
Stanley Morgan,WR,,28.0,Active
Eric Wallace,TE,,33.0,Active
Spencer Sanders,QB,,25.0,Active
Trey McBride,TE,ARI,26.0,Active
Jadarian Price,RB,SEA,22.0,Active
Camerun Peoples,RB,,23.0,Active
Quintin Morris,TE,JAX,27.0,Active
Alex Wesley,WR,,26.0,Inactive
Adam Choice,RB,,26.0,Active
Davon Booth,RB,CLE,24.0,Active
Alec Pierce,WR,IND,26.0,Active
Ryan Jones,TE,,24.0,Active
Kenny Bell,WR,,29.0,Inactive
Joshua Kelley,RB,,27.0,Active
John Hightower,WR,,27.0,Active
Kai Locksley,WR,,25.0,Active
Marcus Marshall,RB,,24.0,Inactive
Aaron Anderson,WR,CLE,23.0,Active
Kendall Hinton,WR,,26.0,Active
Tony Creecy,RB,,32.0,Active
Matthew Trickett,K,,23.0,Active
Sean McKeon,TE,IND,28.0,Active
Kedon Slovis,QB,ARI,25.0,Active
Hunter Henry,TE,NE,31.0,Active
James Gilbert,RB,,26.0,Active
Phillip Brooks,WR,,25.0,Active
Deon Yelder,TE,,27.0,Active
Darius Davis,WR,,,Active
Mitchell Trubisky,QB,TEN,31.0,Active
Roman Hemby,RB,LV,23.0,Active
Kevin Foelsch,TE,,24.0,Active
Brennan Eagles,WR,,,Active
Trebor Pena,WR,JAX,24.0,Active
Trevor Lawrence,QB,JAX,26.0,Active
Matt Corral,QB,,25.0,Active
Jaxson Dart,QB,NYG,23.0,Active
Chris Hilton,WR,WAS,23.0,Active
Jaheim Bell,TE,PIT,24.0,Active
Chase Curtis,TE,NYJ,,Active
Marchie Murdock,WR,,27.0,Active
Roland Rivers,QB,,,Inactive
Savon Scarver,WR,,,Active
Evan Engram,TE,DEN,31.0,Active
Josh Vann,WR,,23.0,Active
Harrison Wallace,WR,ARI,23.0,Active
Jacory Croskey-Merritt,RB,WAS,25.0,Active
Jamire Jordan,WR,,,Active
Chris Manhertz,TE,NYG,34.0,Active
Ezekiel Elliott,RB,,29.0,Active
Nick Easley,WR,,24.0,Active
K.J. Costello,QB,,25.0,Active
Kendrick Ings,WR,,35.0,Active
Will Grier,QB,CAR,31.0,Active
Chase Claypool,WR,,26.0,Inactive
Antonio Gibson,RB,,27.0,Active
Cam Newton,QB,,32.0,Active
Tyler Ferguson,QB,,28.0,Active
Josh Williams,RB,TB,24.0,Active
Charlie Taumoepeau,TE,,23.0,Active
Matt Prater,K,,41.0,Active
Malik Williams,RB,,25.0,Active
Teagan Quitoriano,TE,ARI,26.0,Active
Tiyon Evans,RB,,22.0,Active
Jaquarii Roberson,WR,,24.0,Active
Sy Barnett,WR,,25.0,Active
Anthony Dable,WR,,33.0,Active
Cameron Clear,TE,,32.0,Active
Dredrick Snelson,WR,,23.0,Inactive
J.J. McCarthy,QB,MIN,23.0,Active
John Rhys Plumlee,QB,,25.0,Active
Kyle Philips,WR,,26.0,Active
Matt Colburn,RB,,25.0,Active
Sincere McCormick,RB,,25.0,Active
TD Ayo-Durojaiye,RB,,,Active
Chase Daniel,QB,,36.0,Active
Rashid Shaheed,WR,SEA,27.0,Active
Malachi Fields,WR,NYG,22.0,Active
Olamide Zaccheaus,WR,ATL,28.0,Active
Garrett Dickerson,TE,,26.0,Active
Jeff Caldwell,WR,KC,23.0,Active
Casey Bauman,QB,,24.0,Active
Ramel Keyton,WR,,24.0,Active
KJ Hill,WR,LAC,24.0,Active
Andrew Gleichert,TE,,33.0,Active
Austin Seibert,K,,28.0,Active
Austin Carr,WR,,28.0,Inactive
Cam Johnson,WR,,25.0,Active
Phillip Sims,QB,,32.0,Active
Sean Culkin,TE,,28.0,Inactive
Will Reichard,K,MIN,25.0,Active
Le'Veon Moss,RB,,,Active
Isaiah Hodgins,WR,NYG,27.0,Active
Ashton Jeanty,RB,LV,22.0,Active
Jonathan Mingo,WR,DAL,25.0,Active
Mitch Mathews,WR,,30.0,Active
Riley Leonard,QB,IND,23.0,Active
Jacob Warren,TE,,24.0,Active
Germone Hopper,WR,,28.0,Active
Mitchell Evans,TE,CAR,23.0,Active
Zander Horvath,RB,,25.0,Active
Terion Stewart,RB,KC,24.0,Active
Silas Bolden,WR,,24.0,Active
,DEF,ATL,,
Chris Rodriguez,RB,JAX,26.0,Active
Chad Kelly,QB,,27.0,Active
Taylor McNamara,TE,,27.0,Active
Buddy Howell,RB,,26.0,Active
Rashaad Penny,RB,,28.0,Active
Phazahn Odom,TE,,27.0,Active
CJ Donaldson,RB,NO,21.0,Active
Mecole Hardman,WR,BUF,28.0,Active
Lee Ward,RB,,33.0,Active
DJ Moore,WR,BUF,29.0,Active
Antwane Wells,WR,,24.0,Active
Dallas Goedert,TE,PHI,31.0,Active
Traeshon Holden,WR,DAL,24.0,Active
Jimmy Graham,TE,,37.0,Active
C.J. Charleston,WR,,,Active
,DEF,CAR,,
Mason Kinsey,WR,TEN,27.0,Active
Brisly Estime,WR,,29.0,Active
Gannon Sinclair,TE,,28.0,Active
Connor Neighbors,RB,,33.0,Active
Davon Grayson,WR,,26.0,Active
Kyron Hudson,WR,CHI,24.0,Active
Lacoltan Bester,WR,,,Active
Fred Trevillion,WR,,27.0,Inactive
Alex Barnes,RB,,25.0,Active
Ronald Awatt,RB,,25.0,Active
Xavier Guillory,WR,BAL,24.0,Active
Marquez Stevenson,WR,,25.0,Active
Jared Dangerfield,WR,,32.0,Active
Chris Carson,RB,,27.0,Active
KeVonn Mabon,WR,,28.0,Active
Cody Kessler,QB,,28.0,Active
Joe Horn,WR,,27.0,Active
Chris Tyree,WR,,24.0,Active
Reggie Brown,TE,,,Active
Justin Sinz,TE,,33.0,Active
Darius Prince,WR,,31.0,Active
Landon Lenoir,WR,,24.0,Active
Kaelon Black,RB,SF,24.0,Active
Adam Thielen,WR,,35.0,Active
JJ Laap,WR,,23.0,Active
Ben Sims,TE,MIA,26.0,Active
Alec Holler,TE,,25.0,Active
OJ Hiliare,WR,,23.0,Active
Mataeo Durant,RB,,23.0,Active
Kaden Davis,WR,,27.0,Active
Tre Mosley,WR,,23.0,Active
Devin Ross,WR,,28.0,Active
Brayden Narveson,K,,25.0,Active
Jake Verity,K,,25.0,Active
James Robinson,RB,,26.0,Active
Nick Fitzgerald,QB,,25.0,Active
Kerryon Johnson,RB,,24.0,Active
T.J. Jones,WR,,29.0,Active
George Campbell,WR,,25.0,Inactive
Isaiah Wooden,WR,,26.0,Active
Ollie Gordon,RB,MIA,22.0,Active
Alfred Morris,RB,,33.0,Active
Daurice Fountain,WR,,28.0,Active
Jester Weah,WR,,26.0,Active
Aca'Cedric Ware,RB,,24.0,Active
Matt Bryant,K,,46.0,Active
Robert Tonyan,TE,,31.0,Active
Dazz Newsome,WR,,24.0,Active
Taywan Taylor,WR,,26.0,Active
Eric Saubert,TE,SEA,32.0,Active
Bradley Sowell,TE,,32.0,Active
Elijah Holyfield,RB,,25.0,Active
Karel Hamilton,WR,,26.0,Active
Dennis Parks,WR,,30.0,Active
Avery Davis,WR,,24.0,Active
Tony Stevens,WR,,26.0,Active
Jaleel Scott,WR,,26.0,Inactive
David Fluellen,RB,,29.0,Active
Eric McAlister,WR,,,Active
Kekoa Crawford,WR,,25.0,Active
Brandon Powell,WR,,29.0,Active
Mason Fairchild,TE,,23.0,Active
Andrew Armstrong,WR,KC,25.0,Active
Vincent Blanchard,K,,,Active
Tyler Conklin,TE,DET,30.0,Active
Monaray Baldwin,WR,,23.0,Active
Eli Wilson,TE,,,Active
C.J. Duncan,WR,,26.0,Active
Damion Jeanpiere,WR,,25.0,Active
Leonard Taylor,TE,,24.0,Inactive
Khalan Laborn,RB,,24.0,Active
Keaontay Ingram,RB,,26.0,Active
KaVontae Turpin,WR,DAL,29.0,Active
Bailey Gaither,WR,,26.0,Active
Treyton Pickering,TE,,,Active
Tyrone Tracy,RB,NYG,26.0,Active
Quayvon Hicks,RB,,27.0,Active
Max Brosmer,QB,MIN,25.0,Active
Patrick Herbert,TE,JAX,25.0,Active
Dakota Caton,WR,,,Active
Rico Bussey,WR,,24.0,Active
Tyler Lockett,WR,,33.0,Active
James Proche,WR,,29.0,Active
Brandon Allen,QB,NYG,33.0,Active
Damon Hazelton,WR,,25.0,Active
Matthew Wright,K,,29.0,Active
Rashee Rice,WR,KC,26.0,Active
Willie Johnson,WR,,26.0,Active
Nathan Cottrell,RB,,26.0,Active
C.J. Anderson,RB,,30.0,Active
Shane Leatherbury,WR,,24.0,Active
Rodney Adams,WR,,27.0,Active
Connor Bazelak,QB,TB,25.0,Active
,DEF,JAX,,
Jalen Greene,WR,,25.0,Active
Devin Asiasi,TE,,26.0,Active
De'Von Achane,RB,MIA,24.0,Active
Dontrell Hilliard,RB,,28.0,Inactive
Marvin Mims,WR,DEN,24.0,Active
Detrich Clark,WR,,27.0,Active
Cethan Carter,TE,,27.0,Inactive
Hayden Hurst,TE,,31.0,Active
John Copenhaver,TE,,,Active
Steven Wroblewski,TE,,29.0,Active
Duke Johnson,RB,,29.0,Active
Michael Penix,QB,ATL,26.0,Active
Anthony McFarland,RB,,25.0,Active
Trey Ragas,RB,,25.0,Active
D'Vonte Price,RB,,23.0,Inactive
Carnell Tate,WR,TEN,21.0,Active
Eli Jenkins,QB,,27.0,Active
Mike Gesicki,TE,CIN,30.0,Active
,DEF,LAR,,
McCallan Castles,TE,,26.0,Active
Shaq Hill,WR,,28.0,Active
Monty Madaris,WR,,28.0,Active
Romell Guerrier,WR,,,Inactive
Amar Johnson,RB,LAC,23.0,Active
Scooter Harrington,TE,,24.0,Active
Thomas Yassmin,TE,,26.0,Active
Gus Edwards,RB,,29.0,Active
Troy Franklin,WR,DEN,23.0,Active
Eric Tomlinson,TE,,32.0,Active
Cary Angeline,TE,,24.0,Active
Francis Owusu,WR,,27.0,Active
Hunter Renfrow,WR,,30.0,Active
Jam Miller,RB,NE,,Active
Marcus Lucas,WR,,29.0,Active
Justin Johnson,TE,,25.0,Active
Darren Fells,TE,TB,35.0,Active
Jalen Richard,RB,LV,28.0,Active
Equanimeous St. Brown,WR,,28.0,Inactive
Nick Kallerup,TE,SEA,25.0,Active
Da'Mari Scott,WR,,26.0,Inactive
Jeremiyah Love,RB,ARI,21.0,Active
Jamal Haynes,RB,CIN,23.0,Active
Cheyenne O'Grady,TE,,25.0,Active
Colt McCoy,QB,,36.0,Active
Cade McDonald,WR,,24.0,Active
Keeon Johnson,WR,,27.0,Active
Tyler Eifert,TE,,31.0,Inactive
Julian Edelman,WR,,35.0,Injured Reserve
Diego Pavia,QB,BAL,24.0,Active
Dante Miller,RB,NYG,27.0,Active
Chad Hansen,WR,,27.0,Active
Jacques Patrick,RB,,27.0,Active
Hajj-Malik Williams,QB,,26.0,Active
Roderick Daniels,WR,,,Active
Adam Trautman,TE,DEN,29.0,Active
Kyle Dixon,WR,NE,25.0,Active
Bobo Wilson,WR,,26.0,Active
Joshua Pitsenberger,RB,HOU,,Active
Wes Hills,RB,,26.0,Inactive
Deonte Harty,WR,,27.0,Active
Bijan Robinson,RB,ATL,24.0,Active
DeVonta Smith,WR,PHI,27.0,Active
Travis Hunter,WR,JAX,23.0,Active
Demetrius Wilson,WR,,33.0,Active
DaVaris Daniels,WR,,32.0,Active
Tommy DeVito,QB,NE,27.0,Active
Cade Brewer,TE,,24.0,Active
Devin Neal,RB,NO,22.0,Active
Kyric McGowan,WR,,24.0,Active
Garrett Griffin,TE,,29.0,Active
Will Howard,QB,PIT,24.0,Active
Shane Buechele,QB,BUF,28.0,Active
Chase Cota,WR,,24.0,Active
Amari Rodgers,WR,,24.0,Active
David Bell,WR,,24.0,Active
DJ Rogers,TE,DAL,24.0,Active
Jevoni Robinson,TE,,29.0,Inactive
Desmond Martin,RB,,32.0,Active
Nate Sudfeld,QB,,31.0,Active
Antoine Wesley,WR,,25.0,Active
Tyler Goodson,RB,ATL,25.0,Active
Josh Bist,TE,,,Active
Tyler Hoosman,RB,,24.0,Active
Bhayshul Tuten,RB,JAX,23.0,Active
Chris Boswell,K,PIT,35.0,Active
John Hoyland,K,,,Active
Nick Nash,WR,WAS,25.0,Active
Jaydon Blue,RB,DAL,22.0,Active
Myron Mitchell,WR,,24.0,Active
Tyler Vaughns,WR,,25.0,Active
Jalen Walthall,WR,HOU,23.0,Active
Lenny Krieg,K,,23.0,Active
Stanley Williams,RB,,26.0,Active
Keyarris Garrett,WR,,29.0,Active
Tyre Brady,WR,,26.0,Active
Dustin Crum,QB,,24.0,Active
Kevin Snead,WR,,30.0,Active
Moose Muhammad,WR,,24.0,Active
Cody White,WR,SEA,27.0,Active
John Brown,WR,,32.0,Active
Cole McDonald,QB,,23.0,Inactive
Allen Robinson,WR,,31.0,Active
Derek Carr,QB,,34.0,Active
Zach Mathis,WR,,24.0,Active
Dante Wright,WR,,,Inactive
Corey Sutton,WR,,25.0,Injured Reserve
Mario Williams,WR,LAR,23.0,Active
Nick Brossette,RB,,25.0,Active
DeWayne McBride,RB,,23.0,Active
Raheem Mostert,RB,,33.0,Active
Kwamie Lassiter,WR,,26.0,Active
Austin Duke,WR,,28.0,Active
Drake London,WR,ATL,24.0,Active
Malik Nabers,WR,NYG,22.0,Active
Mack Hollins,WR,NE,32.0,Active
Hal Presley,WR,,24.0,Active
Octavian Smith,WR,BAL,,Active
Malik McClain,WR,NYJ,,Active
Vincent Testaverde,QB,,25.0,Active
Quincy Enunwa,WR,,29.0,Active
Marquise Brown,WR,PHI,28.0,Active
Dresser Winn,QB,,26.0,Active
Bryant Koback,RB,,26.0,Inactive
Maddux Trujillo,K,,23.0,Active
Julian Hill,TE,NE,25.0,Inactive
Tay Martin,WR,,27.0,Active
Trenton Irwin,WR,,30.0,Active
Corey Crooms,WR,,23.0,Active
Will Pauling,WR,SF,23.0,Active
Rodney Smith,RB,,25.0,Active
Thomas Fidone,TE,NYG,23.0,Active
Billy Brown,TE,,28.0,Active
Anthony Hankerson,RB,MIA,22.0,Active
Stetson Bennett,QB,LAR,28.0,Active
Kasey Closs,WR,,32.0,Active
Noah Rauschenberg,K,,,Active
Anthony Richardson,QB,IND,24.0,Active
Joe Burrow,QB,CIN,29.0,Active
Xavier Worthy,WR,KC,23.0,Active
Kameron Johnson,WR,TB,24.0,Active
Changa Hodge,WR,,24.0,Active
Landen Akers,WR,,25.0,Active
Lachlan Pitts,TE,,,Active
Taylor Morin,WR,,,Active
Payne Durham,TE,TB,25.0,Active
Davis Allen,TE,LAR,25.0,Active
Isaiah Spiller,RB,,23.0,Active
Nick Bowers,TE,,28.0,Active
Jaylen Samuels,RB,,25.0,Active
Joshua Dobbs,QB,,31.0,Active
DeShawn Hanika,TE,,,Active
Holton Ahlers,QB,,23.0,Active
Aidan O'Connell,QB,LV,27.0,Active
Josh Magee,WR,,30.0,Inactive
Brett Rypien,QB,,29.0,Active
Jalen Simmons,RB,,29.0,Active
Elic Ayomanor,WR,TEN,23.0,Active
Jacob Copeland,WR,,25.0,Active
David Olson,QB,,,Inactive
O.J. Howard,TE,,28.0,Active
Caleb Wilson,TE,,25.0,Active
Mark Redman,TE,LAR,24.0,Active
Jimmy Kibble,WR,NE,,Active
Blake Whiteheart,TE,CLE,26.0,Active
Ajou Ajou,WR,,23.0,Active
Joseph Scates,WR,,24.0,Active
Joe Webb,QB,,35.0,Active
Cash Jones,RB,ATL,24.0,Active
Zavier Scott,RB,MIN,26.0,Active
Kyle Sheets,WR,,24.0,Active
Jahmyr Gibbs,RB,DET,24.0,Active
Chris Brown,WR,,28.0,Active
Lance Kendricks,TE,,33.0,Active
Roger Carter,TE,,23.0,Active
Al-Jay Henderson,RB,,,Active
Collin Hill,QB,,24.0,Inactive
Michael Crabtree,WR,,34.0,Active
Jake Herslow,WR,,,Active
Quintez Cephus,WR,,27.0,Active
Johnny Lumpkin,TE,,27.0,Active
Jared Goff,QB,DET,31.0,Active
Jordan Bly,WR,,,Active
Keshunn Abram,WR,,23.0,Active
B.J. Emmons,RB,,25.0,Active
Julian Hicks,WR,,26.0,Active
Andrew Price,TE,,28.0,Active
Toa Taua,RB,,25.0,Active
Quenton Bundrage,WR,,33.0,Active
Cooper Kupp,WR,SEA,32.0,Active
Tra Carson,RB,,29.0,Active
Stephen Guidry,WR,,24.0,Active
Braxton Burmeister,WR,,24.0,Active
Trey Lance,QB,LAC,26.0,Active
De'Chavon Hayes,RB,,29.0,Active
Hunter Bryant,TE,,23.0,Active
Jack Bech,WR,LV,23.0,Active
Juwann Winfree,WR,,28.0,Inactive
Cortez Braham,WR,BAL,,Active
Oscar Cardenas,TE,,24.0,Active
Jaden Shirden,RB,,22.0,Active
Ryan Finley,QB,,27.0,Inactive
,DEF,NO,,
Emmanuel Henderson,WR,SEA,23.0,Active
Brevin Jordan,TE,HOU,25.0,Active
Hank Beatty,WR,TEN,,Active
Anderson Castle,RB,IND,,Active
John Harris,WR,,,Active
Foster Moreau,TE,HOU,29.0,Active
Jalen Sample,WR,,24.0,Active
Jerell Adams,TE,,29.0,Active
Mike Meyer,K,,29.0,Active
John Diarse,WR,,27.0,Active
Chase Roberts,WR,LV,25.0,Active
Tyler McCloskey,RB,,27.0,Active
Trey Knox,TE,,23.0,Active
Terrill Davis,WR,MIN,,Active
,DEF,GB,,
Jalen White,RB,,23.0,Active
Javian Hawkins,RB,,22.0,Active
Seydou Traore,TE,MIA,23.0,Active
Connor Davis,TE,,27.0,Active
Abram Smith,RB,,24.0,Active
Jacob De Jesus,WR,KC,,Active
Reggie Bonnafon,RB,,27.0,Active
Antonio Brown,WR,,33.0,Active
DJ Turner,WR,,28.0,Active
Jason Witten,TE,,39.0,Injured Reserve
Keelan Cole,WR,,31.0,Active
Ross Travis,TE,,29.0,Active
Derius Davis,WR,LAC,25.0,Active
Bilal Powell,RB,,33.0,Active
Johnathon Johnson,WR,,25.0,Active
Feleipe Franks,TE,CAR,28.0,Active
Duece Watts,WR,,24.0,Active
Sawyer Robertson,QB,,,Active
Jordan Terrell,RB,,24.0,Active
DeSean Jackson,WR,,36.0,Active
Scotty Washington,WR,,28.0,Active
Trevon Grimes,WR,,,Inactive
Tre Walker,WR,,,Inactive
Evan Baylis,TE,,28.0,Active
JoJo Ward,WR,,24.0,Active
Cam Little,K,JAX,22.0,Active
Dez Bryant,WR,,33.0,Inactive
Gerrit Prince,TE,,26.0,Active
Cornell Powell,WR,,28.0,Active
Terrell Newby,RB,,26.0,Active
Marcus Baugh,TE,,27.0,Active
Jameson Williams,WR,DET,25.0,Active
Cedric Tillman,WR,CLE,26.0,Active
Darnell Mooney,WR,NYG,28.0,Active
Timothy Flanders,RB,,33.0,Active
Cole Beasley,WR,,34.0,Inactive
Kole Taylor,TE,,,Active
Devontae Jackson,RB,,25.0,Active
Jarvis Landry,WR,,30.0,Inactive
Valentine Holmes,RB,,26.0,Active
Tyree Mayfield,TE,,26.0,Active
Dee Eskridge,WR,,28.0,Active
Quinn Nordin,K,,24.0,Active
George Kittle,TE,SF,32.0,Active
Chris Autman-Bell,WR,,25.0,Active
Trevor Davis,WR,,28.0,Active
Moliki Matavao,TE,NO,23.0,Active
Khalfani Muhammad,RB,,27.0,Active
Austin Allen,TE,,24.0,Active
Ronald Jones,RB,,27.0,Active
Gary Brightwell,RB,CIN,28.0,Active
Marvin Harrison,WR,ARI,23.0,Active
Jake Hausmann,TE,,25.0,Active
Cameron Latu,TE,PHI,26.0,Active
Jameis Winston,QB,NYG,32.0,Active
Zach Terrell,QB,BAL,24.0,Active
Marshall Lang,TE,,24.0,Active
Keenan Allen,WR,,33.0,Active
Matt Fleming,WR,,25.0,Active
Nick Vannett,TE,,33.0,Active
Kahale Warring,TE,,25.0,Active
Adrian Peterson,RB,,37.0,Active
Dres Anderson,WR,,29.0,Active
Ryan Smith,TE,,25.0,Active
Darrel Williams,RB,,28.0,Active
Zimari Manning,WR,,26.0,Active
Jake Coker,QB,,32.0,Active
Justin Tucker,K,,35.0,Active
Devin Leary,QB,,25.0,Active
Justin Strong,RB,,,Active
Anthony Sherman,RB,,33.0,Injured Reserve
Taysom Hill,TE,,35.0,Active
Kurtis Rourke,QB,SF,25.0,Active
Jehu Chesson,WR,,28.0,Inactive
Isaiah McKoy,WR,,,Active
Reggie Gilliam,RB,NE,28.0,Active
Jordan Thomas,TE,,28.0,Active
Travis Jonsen,WR,,25.0,Active
Trey Burton,TE,,30.0,Inactive
Jamal Pettigrew,TE,,24.0,Active
Sony Michel,RB,,28.0,Active
Josh Cameron,WR,JAX,23.0,Active
Jordan Scarlett,RB,MIA,26.0,Inactive
Jared Wiley,TE,KC,25.0,Active
Trevor Etienne,RB,CAR,21.0,Active
Robert Wheelwright,WR,,,Active
Trenton Cannon,RB,,28.0,Inactive
Nathan Peterman,QB,,32.0,Active
Blake Mack,TE,,25.0,Active
Dalton Schoen,WR,,25.0,Active
Emeka Emezie,WR,,23.0,Inactive
Bryce Perkins,QB,,28.0,Active
Jack Sorenson,WR,,25.0,Active
Jeremy Sprinkle,TE,,28.0,Inactive
Shawn Poindexter,WR,,26.0,Inactive
Ricky Seals-Jones,TE,,28.0,Inactive
Patrick Taylor,RB,SF,28.0,Active
Darreus Rogers,WR,,28.0,Active
Kenji Bahar,QB,,,Active
Deon Cain,WR,,29.0,Active
Rory Starkey,WR,,,Active
Ty Pezza,TE,BAL,,Active
DJ Thomas-Jones,TE,,23.0,Active
Demetrius Harris,TE,,30.0,Active
Trey Smack,K,GB,22.0,Active
Qualan Jones,RB,,,Inactive
Mitch Leidner,QB,,27.0,Active
Jha'Quan Jackson,WR,HOU,26.0,Active
Justice Liggins,WR,,27.0,Active
Arian Smith,WR,NYJ,24.0,Active
Dan Chisena,WR,CAR,29.0,Active
John Lovett,RB,,23.0,Active
Dimitri Stanley,WR,,25.0,Active
Albert Okwuegbunam,TE,LV,28.0,Active
Oliver Martin,WR,,24.0,Active
Anthony Gordon,QB,,25.0,Active
Joaquin Davis,WR,MIN,23.0,Active
Ben Beise,TE,,,Active
Mante Morrow,WR,LAC,,Active
Valdez Showers,WR,,28.0,Active
Chris Herndon,TE,,26.0,Active
Amir Carlisle,WR,,32.0,Active
Clayton Thorson,QB,NYG,26.0,Active
Jalen Camp,WR,,26.0,Active
Tyreik McAllister,RB,,27.0,Active
Rodney Hammond,RB,DEN,23.0,Active
Ty Simpson,QB,LAR,23.0,Active
Jonathan Ward,RB,,28.0,Active
Lan Larison,RB,NE,24.0,Active
Brittain Brown,RB,CHI,28.0,Active
Travis Dye,RB,,24.0,Active
Stevo Klotz,TE,,,Active
Scott Orndoff,TE,,28.0,Active
Charlie Smyth,K,NO,24.0,Active
Brock Purdy,QB,SF,26.0,Active
Jonathan Brady,WR,LV,22.0,Active
Aidan Robbins,RB,,24.0,Active
Rashad Rochelle,WR,SEA,23.0,Active
Nathaniel Peat,RB,,24.0,Active
Jake Luton,QB,,28.0,Active
Jaray Jenkins,WR,,24.0,Active
Nick Vogel,K,,26.0,Active
Brian Johnson,K,,23.0,Active
Zachariah Branch,WR,ATL,22.0,Active
Russell Wilson,QB,,37.0,Active
Terrence Franks,RB,,32.0,Active
Dont'e Thornton,WR,LV,23.0,Active
Gavin Lutman,WR,,33.0,Active
La'Damian Webb,RB,,,Active
Austin Aune,QB,,29.0,Active
Dominic Lovett,WR,DET,23.0,Active
Kaylon Horton,WR,,,Active
Ken Seals,QB,,,Active
Brock Wright,TE,DET,27.0,Active
Dillon Stoner,WR,,25.0,Inactive
Fernando Mendoza,QB,LV,22.0,Active
Matt Barkley,QB,,33.0,Active
Bryce Lance,WR,NO,23.0,Active
Chris Pierce,TE,,25.0,Active
Brian Hill,RB,,27.0,Active
Brevyn Spann-Ford,TE,DAL,26.0,Active
Paul Richardson,WR,,29.0,Active
Quinshon Judkins,RB,CLE,22.0,Active
Latavius Murray,RB,,34.0,Active
Damion Ratley,WR,,26.0,Active
Jordan Watkins,WR,SF,24.0,Active
Clayton Hatfield,K,,,Active
JJ Howland,TE,,25.0,Active
Dylan Leonard,TE,,24.0,Active
Jake Butt,TE,,26.0,Injured Reserve
Jeremiah Webb,WR,NE,25.0,Active
Akrum Wadley,RB,,26.0,Active
T.Y. Hilton,WR,,33.0,Active
Nick Holley,WR,,27.0,Active
Terrace Marshall,WR,MIA,25.0,Active
James Blackman,QB,,24.0,Active
Shedrick Jackson,WR,LV,26.0,Active
Tavien Feaster,RB,ARI,24.0,Active
Marcus Santos-Silva,TE,,25.0,Active
Robert Woods,WR,,33.0,Active
Franko House,TE,CHI,23.0,Active
Stanley Berryhill,WR,,24.0,Active
Scottie Phillips,RB,,24.0,Active
Kaytron Allen,RB,WAS,23.0,Active
Trayveon Williams,RB,,28.0,Active
DeAndre Reaves,WR,,32.0,Active
Mike Bercovici,QB,,28.0,Active
Connor Heyward,TE,LV,27.0,Active
Brian Walker,TE,,24.0,Active
Damarea Crockett,RB,,25.0,Active
Kisean Johnson,WR,,,Active
Jalen Wayne,WR,,25.0,Active
Eno Benjamin,RB,,25.0,Active
Rohan Jones,TE,LAR,,Active
P.J. Walker,QB,,29.0,Active
Malcolm Lewis,WR,,28.0,Active
Alfonzo Graham,RB,,23.0,Inactive
Thaddeus Moss,TE,,24.0,Active
Kenneth Walker,RB,KC,25.0,Active
Isaiah Jacobs,RB,,,Active
Dalton Kincaid,TE,BUF,26.0,Active
Odell Beckham,WR,NYG,33.0,Active
Gunnar Watson,QB,,25.0,Active
John Jiles,WR,,25.0,Active
Jeremy Moussa,QB,,,Active
Fred Brown,WR,,28.0,Active
Cam Grandy,TE,CIN,26.0,Active
Mac Hippenhammer,WR,,24.0,Active
Levern Jacobs,WR,,29.0,Inactive
Damien Martinez,RB,GB,22.0,Active
Charles Scarff,TE,,25.0,Inactive
Nate McCollum,WR,,,Active
De'Mornay Pierson-El,WR,,26.0,Active
William Stanback,RB,,27.0,Active
Richard Mullaney,WR,,28.0,Active
Landon Rice,TE,,24.0,Inactive
Daniel Helm,TE,,28.0,Active
Amon-Ra St. Brown,WR,DET,26.0,Active
Jacob Kibodi,RB,,26.0,Active
Chris Oladokun,QB,KC,28.0,Active
Dylan Drummond,WR,ATL,26.0,Active
Darius Lassiter,WR,,25.0,Active
Steven Scheu,TE,,29.0,Active
Daylen Baldwin,WR,,24.0,Active
Jimmy Bell,TE,,25.0,Active
Brayden Lenius,TE,,25.0,Active
Austin Roberts,TE,,26.0,Active
Trishton Jackson,WR,,27.0,Inactive
Josiah Price,TE,,28.0,Active
Papi White,WR,,25.0,Active
Cyrus Allen,WR,KC,23.0,Active
Travis Fulgham,WR,,27.0,Active
Coleman Owen,WR,IND,25.0,Active
Noah Short,WR,,,Active
Michael Young,WR,,23.0,Active
DJ Uiagalelei,QB,LAC,25.0,Active
Caleb Repp,TE,,24.0,Active
Logan Kilgore,QB,,,Active
Konata Mumpfield,WR,LAR,23.0,Active
Luke Musgrave,TE,GB,25.0,Active
Camren McDonald,TE,,24.0,Active
Jaydn Ott,RB,KC,23.0,Active
Taj Williams,WR,,,Active
Noel Thomas,WR,,27.0,Active
Justin Jackson,RB,,26.0,Active
Anthony Tyus,RB,CAR,23.0,Active
Aaron Dykes,RB,,,Active
Bug Howard,TE,,27.0,Inactive
Malcolm Perry,WR,,25.0,Active
Lorenzo Lingard,RB,,25.0,Active
Dameon Pierce,RB,PHI,26.0,Active
Taylor Bertolet,K,,30.0,Inactive
Greg Joseph,K,,31.0,Active
John Mitchell,TE,,24.0,Active
Jordyn Tyson,WR,NO,21.0,Active
Thomas Hennigan,WR,,24.0,Active
Devlin Hodges,QB,,25.0,Active
ZaQuandre White,RB,,24.0,Active
DeAndre Torrey,RB,,24.0,Active
MarShawn Lloyd,RB,GB,25.0,Active
Cade Klubnik,QB,NYJ,22.0,Active
Tim Tebow,TE,,34.0,Inactive
Jaeden Graham,TE,,27.0,Inactive
Jack Coan,QB,,24.0,Active
Cameron Dorner,WR,NE,,Active
Jordan Akins,TE,,33.0,Active
Zay Jones,WR,,30.0,Active
Samaje Perine,RB,CIN,30.0,Active
Redford Jones,K,,27.0,Active
Mark Walton,RB,,24.0,Active
Mekale McKay,WR,,28.0,Active
Bart Houston,QB,,29.0,Active
T.J. Luther,WR,,25.0,Active
Brady Cook,QB,NYJ,24.0,Active
Cyril Grayson,WR,,28.0,Active
Jordan Waters,RB,LAR,25.0,Active
Kene Nwangwu,RB,NYJ,28.0,Active
Jaelen Gill,WR,,25.0,Active
Jalen Virgil,WR,BUF,27.0,Active
Garrett Walston,TE,,24.0,Active
Austin Proehl,WR,,26.0,Active
Ketron Jackson,WR,,,Active
Camden Brown,WR,DAL,,Active
J.J. Taylor,RB,,27.0,Active
Elijah Marks,WR,,26.0,Active
Tony Brooks-James,RB,,27.0,Active
Jaylin Noel,WR,HOU,23.0,Active
Beau Corrales,WR,,,Active
Eric Gray,RB,NYG,26.0,Active
Kenny Yeboah,TE,,27.0,Inactive
Pat Bryant,WR,DEN,23.0,Active
Josh Hammond,WR,,25.0,Active
Cole Kmet,TE,CHI,27.0,Active
L.J. Scott,RB,,25.0,Active
Sam Wiglusz,WR,,25.0,Active
Robert Foster,WR,,28.0,Active
Tetairoa McMillan,WR,CAR,23.0,Active
Ben Koyack,TE,,28.0,Active
Sam Brown,WR,,23.0,Active
Byron Pringle,WR,,30.0,Active
Cole Kelley,QB,,25.0,Active
Sammis Reyes,TE,,29.0,Active
Devwah Whaley,RB,,24.0,Active
T.J. Rahming,WR,,25.0,Active
Blake Grupe,K,IND,27.0,Active
Sean Mannion,QB,,31.0,Active
Makai Polk,WR,,23.0,Active
Andrew Vollert,TE,,26.0,Active
Omar Cooper,WR,NYJ,22.0,Active
Elijah Young,RB,,24.0,Active
Josh Johnson,RB,,24.0,Inactive
Nate Wieting,TE,,24.0,Inactive
Malik Heath,WR,ATL,25.0,Active
Lenard Tillery,RB,,28.0,Active
Nick DeGennaro,WR,NE,,Active
Sal Cannella,TE,,29.0,Active
Peyton Barber,RB,,27.0,Active
Nick Eubanks,TE,,26.0,Active
Mike Thomas,WR,,28.0,Active
Naz Bohannon,TE,,,Active
Marcedes Lewis,TE,,41.0,Active
Warren Jackson,WR,,23.0,Active
Justin Lockhart,WR,,,Active
Tru Edwards,WR,LAR,24.0,Active
Ben Yurosek,TE,MIN,24.0,Active
Gabe Davis,WR,,26.0,Active
Wil Lutz,K,DEN,31.0,Active
Allen Hurns,WR,MIA,30.0,Active
Jaden Bradley,WR,WAS,,Active
Jaaron Hayek,WR,,23.0,Active
Seth Green,TE,,27.0,Active
Cortrelle Simpson,WR,,25.0,Inactive
Deon Jackson,RB,,26.0,Active
Zach Laskey,RB,,29.0,Active
Justice Shelton-Mosley,WR,,24.0,Inactive
Connor Wedington,WR,,23.0,Active
Tyrie Cleveland,WR,,26.0,Active
Tejhaun Palmer,WR,ARI,26.0,Active
Bo Nix,QB,DEN,26.0,Active
Stefon Diggs,WR,,32.0,Active
Hunter Thedford,TE,,26.0,Active
Kenneth Gainwell,RB,TB,27.0,Active
DeAndre Thompkins,WR,GB,26.0,Inactive
Travis Etienne,RB,NO,27.0,Active
Shawn Bowman,TE,,25.0,Active
Kansei Matsuzawa,K,LV,27.0,Active
Racey McMath,WR,,25.0,Active
Curtis Hodges,TE,,25.0,Active
Brian Cobbs,WR,,23.0,Active
Trey Quinn,WR,,27.0,Active
Drew Sample,TE,CIN,30.0,Active
Stephen Houston,RB,,30.0,Active
Jordan Smallwood,WR,,26.0,Active
Kylin Hill,RB,,24.0,Active
Nick Stevens,QB,,24.0,Inactive
Sammy Watkins,WR,,29.0,Active
Kobe McCrary,RB,,27.0,Active
Alex Ellis,TE,,29.0,Active
Ben Skowronek,WR,PIT,28.0,Active
Stevie Scott,RB,,23.0,Active
Colton Theaker,K,,,Active
Stone Smartt,TE,PHI,27.0,Active
Darrell Daniels,TE,,28.0,Active
Vinny Anthony,WR,ATL,,Active
Giovani Bernard,RB,,31.0,Active
Donovan Peoples-Jones,WR,,26.0,Active
Daniel Rodriguez,WR,,37.0,Active
Da'Ron Brown,WR,,30.0,Active
Alex Smith,QB,,37.0,Injured Reserve
Chris Blewitt,K,,27.0,Active
Jeff Thomas,WR,,24.0,Inactive
Zion Bowens,WR,,24.0,Active
Nate Iese,TE,,27.0,Active
J.J. Arcega-Whiteside,WR,,26.0,Active
Coleman Bennett,RB,CHI,,Active
Austin Mack,WR,,26.0,Active
Josh McCown,QB,,42.0,Active
Davis Cheek,QB,,23.0,Active
CJ Dippre,TE,NE,24.0,Active
Nick Foles,QB,,34.0,Active
Jaylen Johnson,WR,,25.0,Active
Tyjae Spears,RB,TEN,24.0,Active
Rasheen Ali,RB,BAL,25.0,Active
Kyle Monangai,RB,CHI,23.0,Active
C.J. Board,WR,,29.0,Active
Jarveon Howard,RB,,25.0,Inactive
Ronnie Rivers,RB,LAR,27.0,Active
Nate Stanley,QB,,24.0,Active
Michael Briscoe,WR,,,Active
Trent Taylor,WR,,31.0,Active
Darwin Thompson,RB,,26.0,Active
Messiah Swinson,TE,GB,26.0,Active
Levine Toilolo,TE,NYG,30.0,Inactive
Matthew Caldwell,QB,LAR,23.0,Active
Tanner Conner,TE,NYG,28.0,Active
Desmond Ridder,QB,,26.0,Active
Daniel Brown,TE,,29.0,Inactive
Cam Worthy,WR,,32.0,Active
Lamar Atkins,WR,,27.0,Active
David Reeves,TE,,32.0,Active
Teddy Bridgewater,QB,DET,33.0,Active
Shaun Beyer,TE,,25.0,Active
E.J. Horton,WR,IND,,Active
Jack Heneghan,QB,,25.0,Active
Barion Brown,WR,NO,22.0,Active
Eddy Pineiro,K,SF,30.0,Active
Virgil Green,TE,,33.0,Inactive
Ricky Seale,RB,,33.0,Active
Bronson Rechsteiner,RB,,24.0,Active
Emmett Johnson,RB,KC,22.0,Active
Gage Larvadain,WR,CLE,24.0,Active
Noah Cain,RB,,24.0,Active
Chester Rogers,WR,,28.0,Active
Brian Thomas,WR,JAX,23.0,Active
Anthony Manzo-Lewis,TE,,26.0,Active
Cody Chrest,WR,,25.0,Active
Austin Stogner,TE,,25.0,Active
David Montgomery,RB,HOU,28.0,Active
Andrew Parchment,WR,,,Active
Kaidon Salter,QB,,,Active
Omari Kelly,WR,CHI,,Active
Ryquell Armstead,RB,,25.0,Active
Colin Jeter,TE,,26.0,Inactive
Kai Forbath,K,,34.0,Inactive
Korey Robertson,WR,,26.0,Active
Cody Core,WR,,28.0,Active
Maximilian Mang,TE,,25.0,Active
Eric Ebron,TE,PIT,28.0,Inactive
Austin MacGinnis,K,,26.0,Active
James Morgan,QB,,26.0,Active
Tavonn Salter,WR,,25.0,Inactive
Scotty Miller,WR,CHI,28.0,Active
Darius Cooper,WR,PHI,24.0,Active
Ryan Santoso,K,,27.0,Active
Carlos Washington,RB,MIA,27.0,Active
Jonathon Brooks,RB,CAR,22.0,Active
Gabriel Plascencia,K,CHI,,Active
Devin Phelps,WR,,25.0,Active
Kyle Allen,QB,BUF,30.0,Active
Kris Leach,TE,,,Active
Tory Horton,WR,SEA,23.0,Active
Sergio Bailey,WR,,27.0,Active
Dylan Sampson,RB,CLE,21.0,Active
Dan Light,TE,,31.0,Active
Isiah Ferguson,WR,,34.0,Active
Ross Dwelley,TE,,30.0,Active
Luke Willson,TE,,31.0,Injured Reserve
Justin Tukes,TE,,33.0,Active
Austin Appleby,QB,,28.0,Active
Kevin Shaa,WR,,25.0,Active
Kejon Owens,RB,MIN,,Active
Dane Key,WR,DEN,22.0,Active
Caden Prieskorn,TE,,26.0,Active
David Moore,WR,CAR,31.0,Active
Ja'seem Reed,WR,CAR,23.0,Active
Leddie Brown,RB,,22.0,Active
Zack Moss,RB,,27.0,Active
Chris Coleman,WR,,24.0,Active
Cody Hardy,TE,NO,,Active
Nate Becker,TE,,26.0,Inactive
Jalon Daniels,QB,TB,23.0,Active
Tyler Renew,RB,,27.0,Active
Darren Sproles,RB,,38.0,Injured Reserve
Matt Schaub,QB,,40.0,Injured Reserve
CJ Verdell,RB,,23.0,Active
Jelani Woods,TE,NYJ,27.0,Active
Gehrig Dieter,WR,,29.0,Active
Shi Smith,WR,,25.0,Active
,DEF,MIA,,
Dax Milne,WR,,25.0,Active
Donte Sylencieux,WR,,,Inactive
Shemar Bridges,WR,,25.0,Active
Mark Thompson,RB,,27.0,Active
Eli Stove,WR,,,Inactive
Reggie Virgil,WR,ARI,22.0,Active
Isaiah Searight,TE,,24.0,Active
Royce Freeman,RB,,29.0,Active
Caleb Bluiett,TE,,28.0,Active
Charlie Woerner,TE,ATL,28.0,Active
Chris Hogan,WR,,34.0,Injured Reserve
Gunnar Helm,TE,TEN,23.0,Active
Rashod Bateman,WR,BAL,26.0,Active
Kendric Pryor,WR,CIN,28.0,Active
Jackson Harris,TE,,24.0,Active
Nick Keizer,TE,,26.0,Injured Reserve
River Cracraft,WR,,31.0,Active
Spencer Ware,RB,,30.0,Inactive
Kenzel Doe,WR,,32.0,Active
Rico Gafford,WR,,26.0,Active
Jacoby Jones,WR,WAS,24.0,Active
Jase McClellan,RB,,23.0,Active
Cole Burgess,WR,PIT,26.0,Active
Dallen Bentley,TE,DEN,25.0,Active
Lance Mason,TE,SEA,,Active
Brandon Zylstra,WR,,29.0,Active
Scott Simonson,TE,,29.0,Active
Alize Mack,TE,,26.0,Active
Thomas Odukoya,TE,,28.0,Active
Andre Roberts,WR,,35.0,Active
Ainias Smith,WR,CAR,25.0,Active
Taj McGowan,RB,,25.0,Active
Taye Barber,WR,,23.0,Active
Xavier Gipson,WR,NYG,25.0,Active
Terry McLaurin,WR,WAS,30.0,Active
Tre' McKitty,TE,,26.0,Active
Samson Evans,RB,,,Active
Ishmael Hyman,WR,,27.0,Inactive
Trace McSorley,QB,,29.0,Active
Johnny Pascuzzi,TE,LAC,,Active
Larry Rose,RB,,26.0,Inactive
Aaron Jones,RB,MIN,31.0,Active
B.J. Johnson,WR,,28.0,Active
Tim Semisch,TE,,30.0,Active
Dorian Baker,WR,,25.0,Active
Benny Snell,RB,,25.0,Active
Christian Kirk,WR,SF,29.0,Active
Xavier Rush,WR,,29.0,Active
Kano Dillon,TE,,,Active
Josh Hill,TE,,31.0,Injured Reserve
Raheim Sanders,RB,CLE,23.0,Active
AJ Henning,WR,MIA,24.0,Active
Jalen Coker,WR,CAR,24.0,Active
Eric Rivers,WR,TB,23.0,Active
Chris Briggs,TE,,29.0,Inactive
Kendrick Bourne,WR,ARI,30.0,Active
Delanie Walker,TE,,37.0,Active
Mason Taylor,TE,NYJ,22.0,Active
Lawrance Toafili,RB,,24.0,Active
Adam Shaheen,TE,,28.0,Inactive
Cam Skattebo,RB,NYG,24.0,Active
Jordan Williams-Lambert,WR,,27.0,Active
M.J. McFarland,TE,,29.0,Active
Xavier Hutchinson,WR,HOU,26.0,Active
Devontres Dukes,WR,,24.0,Active
Reggie Brown,WR,,,Active
Tyler Neville,TE,,,Active
David Sills,WR,TB,30.0,Active
DeeJay Dallas,RB,JAX,27.0,Active
Michael Dyer,RB,,34.0,Active
Hakeem Butler,TE,,28.0,Active
Jordan Whittington,WR,LAR,25.0,Active
Andy Isabella,WR,,28.0,Active
Jamal Custis,WR,,24.0,Inactive
Riley Neal,QB,,25.0,Active
David Blough,QB,,28.0,Active
Cody Latimer,WR,,29.0,Inactive
Trevor Siemian,QB,ATL,34.0,Active
Kaylon Geiger,WR,,25.0,Active
Ian Thomas,TE,LV,29.0,Active
Carson Meier,TE,,26.0,Active
Xavier Grimble,TE,,29.0,Active
Tank Bigsby,RB,PHI,23.0,Active
Cam Sutton,TE,,25.0,Active
,DEF,DET,,
Ian Book,QB,,26.0,Active
Tyron Billy-Johnson,WR,,28.0,Active
Joe Mixon,RB,,29.0,Active
Mitch Van Vooren,WR,,,Active
Zavion Thomas,WR,CHI,22.0,Active
DeVante Parker,WR,,31.0,Active
AJ Barner,TE,SEA,24.0,Active
Carson Towt,TE,IND,25.0,Active
James Summers,RB,,27.0,Active
Shakeir Ryan,WR,,26.0,Active
Michael Jacobson,TE,,28.0,Active
J'Mari Taylor,RB,JAX,24.0,Active
Mason Schreck,TE,,29.0,Active
Leon Johnson,WR,,23.0,Active
Jason Bean,QB,,26.0,Active
Kelvin McKnight,WR,,24.0,Active
,DEF,BUF,,
JJ Molson,K,,25.0,Active
Seth Roberts,WR,,30.0,Inactive
Andre Levrone,WR,,26.0,Active
Jamal Robinson,WR,,28.0,Active
Kendre Miller,RB,NO,23.0,Active
Joshua Palmer,WR,BUF,26.0,Active
Kendrick Rogers,WR,,24.0,Active
Luke Deal,TE,,,Active
Garrett Gilbert,QB,,32.0,Active
Amba Etta-Tawo,WR,,28.0,Active
Austin Wolf,WR,,25.0,Inactive
Jeff Badet,WR,,27.0,Active
Rhamondre Stevenson,RB,NE,28.0,Active
Kyle Williams,WR,NE,23.0,Active
Damoun Patterson,WR,,27.0,Active
Mark Vital,TE,,25.0,Active
Temarrick Hemingway,TE,WAS,28.0,Active
Stevie Donatell,TE,,27.0,Active
Tajae Sharpe,WR,,27.0,Inactive
Tyler Hoppes,TE,,26.0,Active
Daijun Edwards,RB,,23.0,Active
Emmanuel Sanders,WR,,35.0,Active
Isaiah McKenzie,WR,,29.0,Active
Damien Harris,RB,,27.0,Active
Tarik Black,WR,,27.0,Active
Kyren Williams,RB,LAR,25.0,Active
,DEF,PHI,,
Malcolm Epps,TE,,25.0,Active
Romeo Doubs,WR,NE,26.0,Active
Hassan Haskins,RB,,26.0,Active
Bernhard Seikovits,TE,,27.0,Active
Jose Borregales,K,,24.0,Active
Carson Wentz,QB,MIN,33.0,Active
Javon Wims,WR,,28.0,Active
Gerald Holmes,RB,,27.0,Active
Graham Mertz,QB,HOU,25.0,Active
Pat Freiermuth,TE,PIT,27.0,Active
Dareke Young,WR,LV,26.0,Active
Moochie Dixon,WR,,,Active
Emari Demercado,RB,KC,27.0,Active
Qadree Ollison,RB,,27.0,Active
Danny Davis,WR,,24.0,Active
Javon Baker,WR,,23.0,Active
Damarr Aultman,WR,,33.0,Active
Theo Wease,WR,MIA,24.0,Active
Larry Fitzgerald,WR,,38.0,Inactive
Philip Rivers,QB,,44.0,Active
SaRodorick Thompson,RB,,24.0,Active
Jordan Chunn,RB,,27.0,Inactive
Cam Miller,QB,MIA,24.0,Active
Garrett Scantling,WR,ATL,,Active
Dillon Gabriel,QB,CLE,25.0,Active
Bryant Mitchell,WR,,29.0,Inactive
Josh Whyle,TE,GB,26.0,Active
Travis Vokolek,TE,ARI,27.0,Active
Parker White,K,,24.0,Active
Malik Willis,QB,MIA,27.0,Active
Terry Swanson,RB,,25.0,Active
Mike Glennon,QB,,33.0,Active
Whop Philyor,WR,,23.0,Active
DJ Chark,WR,,28.0,Active
Sione Vaki,RB,DET,24.0,Active
Ellis Merriweather,RB,,26.0,Active
Jaylen Warren,RB,PIT,27.0,Active
Adam Vinatieri,K,,49.0,Injured Reserve
Jhajuan Seales,WR,,28.0,Active
Cam Serigne,TE,,27.0,Active
Isaiah Weston,WR,,25.0,Injured Reserve
Spencer Rattler,QB,NO,25.0,Active
Ty Chandler,RB,NO,28.0,Active
Gardner Minshew,QB,ARI,30.0,Active
Mike White,QB,,30.0,Active
Seth DeValve,TE,,28.0,Inactive
,DEF,SF,,
Victor Bolden,WR,,28.0,Active
Colby Suits,QB,,,Active
Larry Clark,WR,,28.0,Active
Raleigh Webb,WR,,26.0,Active
Nick Truesdell,TE,,31.0,Active
Kellen Mond,QB,,24.0,Active
Jarrett Stidham,QB,DEN,29.0,Active
Mason Shipley,K,NO,,Active
Cameron Posey,WR,,28.0,Active
Michael Colubiale,TE,,26.0,Inactive
Jalen McCleskey,WR,,24.0,Active
Chamon Metayer,TE,PIT,,Active
Kevin Rader,TE,,29.0,Inactive
Kyle McCord,QB,GB,23.0,Active
Chris Naggar,K,,24.0,Active
Sahmir Hagans,WR,IND,,Active
Marcell Ateman,WR,,29.0,Active
Xavier Legette,WR,CAR,25.0,Active
Dede Westbrook,WR,,29.0,Active
Carson Steele,RB,PHI,23.0,Active
Keon Coleman,WR,BUF,23.0,Active
Antonio Nunn,WR,,25.0,Active
Justin Shorter,WR,LV,26.0,Inactive
Josh Babicz,TE,,23.0,Active
Zach Heins,TE,,24.0,Active
Frank Gore,RB,BUF,24.0,Active
Tanner Koziol,TE,JAX,22.0,Active
Jake Briningstool,TE,KC,23.0,Active
Robert Martin,RB,,26.0,Active
Ben Ellefson,TE,,26.0,Active
Noah Fant,TE,NO,28.0,Active
Ben Sauls,K,NYG,24.0,Active
Luke Lachey,TE,,24.0,Active
Quinn Ewers,QB,MIA,23.0,Active
Jordan Ta'amu,QB,,25.0,Active
Rashad Medaris,WR,,25.0,Active
Ryan Willis,QB,,25.0,Active
Ben Wooldridge,QB,,26.0,Active
Danny Amendola,WR,,36.0,Active
Trent Sherfield,WR,BUF,30.0,Active
Jake Rudock,QB,,28.0,Injured Reserve
Chase Brown,RB,CIN,26.0,Active
Levi Wentz,WR,SEA,,Active
Xavier Restrepo,WR,TEN,24.0,Active
Shaleak Knotts,WR,,,Active
Bo Melton,WR,GB,27.0,Active
Thayer Thomas,WR,,27.0,Active
Colbie Young,WR,CIN,23.0,Active
Elijah Arroyo,TE,SEA,23.0,Active
Shawn Bane,WR,,26.0,Active
Ryan Izzo,TE,,26.0,Active
Ja'Quinden Jackson,RB,,24.0,Active
Nic Shimonek,QB,,27.0,Active
Mark Andrews,TE,BAL,30.0,Active
Tre Harbison,RB,,23.0,Active
Jayden Higgins,WR,HOU,23.0,Active
Jaivon Heiligh,WR,,23.0,Active
Tylan Wallace,WR,CLE,27.0,Active
Michael Wortham,WR,JAX,,Active
Donald Parham,TE,,28.0,Active
Garrett Nussmeier,QB,KC,24.0,Active
Antwan Goodley,WR,,30.0,Inactive
Ian Bunting,TE,,27.0,Active
Cornelius Johnson,WR,BAL,25.0,Active
Jalen Williams,WR,,27.0,Inactive
Lincoln Victor,WR,,,Active
Ryan Grant,WR,,31.0,Active
Taylor Russolino,K,,32.0,Active
Colson Yankoff,TE,WAS,26.0,Active
Kentrel Bullock,RB,CIN,24.0,Active
Austin Hooper,TE,ATL,31.0,Active
Moritz Bohringer,TE,,28.0,Active
Justin Jefferson,WR,MIN,26.0,Active
Ryan Succop,K,,36.0,Active
Jonathan Kim,K,,21.0,Active
Chase Cota,WR,,25.0,Active
Jordan Byrd,WR,,23.0,Active
Tyrell Shavers,WR,BUF,26.0,Active
Daniel Arias,WR,,25.0,Active
Manasseh Bailey,WR,,24.0,Active
Riley Lees,WR,,,Active
Xavier Ubosi,WR,,27.0,Inactive
Devon Allen,WR,,29.0,Active
Mark Weisman,RB,,33.0,Active
Matt Bushman,TE,,28.0,Active
Michael Woods,WR,DEN,26.0,Active
Marvin Jones,WR,,33.0,Active
Chris Conley,WR,,32.0,Active
Ja'Tavion Sanders,TE,CAR,23.0,Active
Sefo Liufau,QB,,27.0,Inactive
Brian Vogler,TE,,29.0,Active
LeSean McCoy,RB,,33.0,Injured Reserve
Isaac Rex,TE,,26.0,Active
Andy Borregales,K,NE,23.0,Active
Austin Walter,RB,,27.0,Active
Myles Gaskin,RB,,28.0,Active
Taylor Gabriel,WR,,30.0,Injured Reserve
Tanner McKee,QB,PHI,26.0,Active
Durham Smythe,TE,BAL,30.0,Active
James Butler,RB,,26.0,Active
Ventell Bryant,WR,,25.0,Active
Armani Rogers,TE,,27.0,Active
Mohamed Ibrahim,RB,,25.0,Active
Josh Malone,WR,,26.0,Active
Kyle Shurmur,QB,,25.0,Active
Javess Blue,WR,,32.0,Active
Dominik Eberle,K,,26.0,Active
Quentin Johnston,WR,LAC,24.0,Active
Josh Crockett,WR,,26.0,Active
Jordan Nubin,RB,,,Active
Bo Scarbrough,RB,,25.0,Active
,DEF,NYG,,
Mike Davis,RB,,29.0,Active
Nicholas Singleton,RB,TEN,22.0,Active
Trent Steelman,WR,,35.0,Active
Justin Stockton,RB,,26.0,Active
Zach Conque,QB,,27.0,Active
Xavier Wade,WR,,,Active
Sean Brown,WR,,,Active
Michael Ezeike,TE,,23.0,Active
D.J. Montgomery,WR,,29.0,Active
Chris Warren,RB,,25.0,Active
Isaiah Bond,WR,CLE,22.0,Active
David Wells,TE,,29.0,Active
,DEF,TEN,,
John Franklin,WR,,27.0,Inactive
Hayden Hatten,WR,,24.0,Active
Dillon Johnson,RB,,23.0,Active
Corey Coleman,WR,,28.0,Active
Jordan Johnson,RB,,27.0,Active
Chad Beebe,WR,,28.0,Active
Winston Wright,WR,,,Active
Luke Drzewiecki,K,,,Active
Riley Nowakowski,TE,PIT,23.0,Active
Drake Dabney,TE,GB,24.0,Active
Matt Moore,QB,,37.0,Inactive
Jon Hilliman,RB,,26.0,Active
Mitchell Wilcox,TE,,28.0,Active
Anthony Landphere,TE,,,Active
Josh Woodrum,QB,,29.0,Active
Brandon Radcliff,RB,,28.0,Active
Micah Simon,WR,CAR,,Active
Adonai Mitchell,WR,NYJ,23.0,Active
Hayden Rucci,TE,SF,25.0,Active
Deante' Gray,WR,,27.0,Active
Kayaune Ross,WR,,27.0,Active
La'Michael Pettway,TE,,27.0,Active
Devin Mahina,TE,,36.0,Active
Cam Akers,RB,,26.0,Active
Will Hastings,WR,,25.0,Inactive
Malik Knowles,WR,,25.0,Active
Tony Poljan,TE,,25.0,Active
Jamal Agnew,WR,,30.0,Active
Speedy Noil,WR,,26.0,Active
Germie Bernard,WR,PIT,22.0,Active
Malik Henry,WR,,24.0,Active
Tahj Washington,WR,MIA,25.0,Active
Reggie Diggs,WR,,28.0,Active
T.J. Pledger,RB,,22.0,Active
Mario Hull,WR,,32.0,Active
Jaret Patterson,RB,LAC,26.0,Active
DJ Giddens,RB,IND,22.0,Active
Jordan James,RB,SF,22.0,Active
Beau Gardner,TE,,35.0,Active
Bryce Love,RB,,24.0,Inactive
Devante Davis,WR,,32.0,Active
Chris Lacy,WR,,27.0,Active
Hale Hentges,TE,,25.0,Injured Reserve
Erik Ezukanma,WR,,25.0,Active
Geronimo Allison,WR,,28.0,Active
Chris Olave,WR,NO,25.0,Active
Mike Washington,RB,LV,22.0,Active
Brenden Rice,WR,GB,24.0,Active
Chris Myarick,TE,,30.0,Active
Josh Allen,QB,BUF,30.0,Active
Antoine Green,WR,,25.0,Active
Maurice Ffrench,WR,,24.0,Active
James White,RB,,30.0,Active
Jackson Meeks,WR,DET,23.0,Active
Austin Watkins,WR,,26.0,Active
Tommy Thomas,WR,,,Active
Tyler Harrell,WR,,24.0,Active
Khalil McClain,WR,,22.0,Active
Al Riles,WR,IND,24.0,Active
Quentin Skinner,WR,NYJ,24.0,Active
Nick Folk,K,ATL,41.0,Active
Jerome Lane,WR,,26.0,Active
Julio Jones,WR,,35.0,Active
Reggie White,WR,,25.0,Active
Jhamon Ausbon,WR,,22.0,Active
Josh Downs,WR,IND,24.0,Active
Anthony Gould,WR,IND,25.0,Active
Kylen Granson,TE,TEN,28.0,Active
Kalel Mullings,RB,TEN,23.0,Active
David Martin-Robinson,TE,TEN,26.0,Active
Joshua Perkins,TE,NYJ,28.0,Active
Christian Trahan,TE,,24.0,Active
Pokey Wilson,WR,,26.0,Active
Jon Brown,K,,29.0,Active
Jordan Ellis,RB,,25.0,Active
Dean Connors,RB,LAR,22.0,Active
Lamar Miller,RB,,30.0,Active
Will Dissly,TE,,29.0,Active
Ty Johnson,RB,BUF,28.0,Active
Brandon Aiyuk,WR,SF,28.0,Active
LeQuint Allen,RB,JAX,21.0,Active
Chris Smith,RB,,23.0,Active
Zay Flowers,WR,BAL,25.0,Active
Ervin Philips,RB,,26.0,Active
Keelan Doss,WR,,28.0,Active
Squirrel White,WR,,,Active
Greg Dulcich,TE,MIA,26.0,Active
Sam Cotton,TE,,27.0,Active
Kody Case,WR,,24.0,Active
Chris Finke,WR,,26.0,Active
Ify Umodu,WR,,32.0,Active
Jadon Janke,WR,,25.0,Active
Zach Evans,RB,,24.0,Active
Sage Surratt,TE,,26.0,Active
Brock Rechsteiner,WR,NO,,Active
Harold Fannin,TE,CLE,21.0,Active
Jonathan Adams,WR,,23.0,Active
Josh Johnson,WR,,23.0,Active
Paul Geelen,K,,,Active
Breshad Perriman,WR,,29.0,Active
Geordon Porter,WR,,,Active
E.J. Perry,QB,,26.0,Active
Quentin Moore,TE,WAS,,Active
Ryan Miller,WR,NYG,26.0,Active
Chris Streveler,QB,,28.0,Inactive
Josiah Deguara,TE,,29.0,Active
Briley Moore,TE,,24.0,Active
Shaun Wilson,RB,,26.0,Active
Kehinde Oginni,TE,,25.0,Active
De'Lance Turner,RB,,26.0,Active
Jonnu Smith,TE,,30.0,Active
Jack Plummer,QB,,25.0,Active
Denzel Boston,WR,CLE,22.0,Active
Wan'Dale Robinson,WR,TEN,25.0,Active
Keilan Robinson,RB,,26.0,Active
Max Wittek,QB,,31.0,Active
Lucas Krull,TE,DEN,27.0,Active
Hayden Large,TE,CHI,24.0,Active
Luke Lundy,RB,,36.0,Active
Jonah Coleman,RB,DEN,22.0,Active
Xavier Smith,WR,LAR,28.0,Active
Van Jefferson,WR,WAS,29.0,Active
Andrew Mevis,K,,24.0,Active
Jeff Smith,WR,,27.0,Active
Ja'Kobi Lane,WR,BAL,22.0,Active
Wayne Taulapapa,RB,,25.0,Active
Jimmie Hunt,WR,,34.0,Active
Drew Ogletree,TE,IND,27.0,Active
Lamar Jordan,QB,,27.0,Active
Dennis Houston,WR,TB,27.0,Active
Kye Robichaux,RB,DET,23.0,Active
Ra'Shaun Henry,WR,,25.0,Inactive
Javorius Allen,RB,,30.0,Active
Michael Wiley,RB,,24.0,Active
Malik Taylor,WR,,29.0,Active
Dallas Daniels,WR,,,Active
Austin Allen,QB,,27.0,Active
Jerrion Ealy,RB,,23.0,Active
Sherman Badie,RB,,27.0,Active
Henry Ruggs,WR,,22.0,Active
Carter Bradley,QB,JAX,26.0,Active
Parker Romo,K,,28.0,Active
Joey Slye,K,TEN,30.0,Active
Samori Toure,WR,PHI,28.0,Active
Carter Runyon,TE,LV,24.0,Active
Skyy Moore,WR,GB,25.0,Active
MyCole Pruitt,TE,,32.0,Active
Bryan Bennett,QB,,32.0,Active
Garett Maag,WR,,23.0,Active
Marcus Rosemy-Jacksaint,WR,,23.0,Active
Keevan Lucas,WR,,26.0,Active
Courtland Sutton,WR,DEN,30.0,Active
Nolan Henderson,QB,,24.0,Active
Jalin Hyatt,WR,NYG,24.0,Active
,DEF,CHI,,
Charles Jones,TE,,25.0,Inactive
Chris Rowland,WR,,24.0,Active
Trey Palmer,WR,NO,25.0,Active
De'Mard Llorens,RB,,27.0,Active
Troymaine Pope,RB,,28.0,Active
Jody Fortson,TE,,29.0,Active
Courtney Jackson,WR,TEN,25.0,Active
Derek Wright,WR,,25.0,Active
Zonovan Knight,RB,ARI,25.0,Active
Chuba Hubbard,RB,CAR,26.0,Active
Danny Etling,QB,,29.0,Active
Jerod Evans,QB,,27.0,Active
Jason Croom,TE,,28.0,Active
DeSean Smith,TE,,27.0,Active
Quartney Davis,WR,,24.0,Active
Princeton Fant,TE,DAL,27.0,Active
LaQuvionte Gonzalez,WR,,28.0,Active
Jaydon Mickens,WR,,30.0,Active
Devaughn Vele,WR,NO,28.0,Active
Ross Scheuerman,RB,,32.0,Active
Joshua Karty,K,ARI,24.0,Active
Kyrese Rowan,WR,,25.0,Active
Josh Pearson,WR,,24.0,Active
Ray Lawry,RB,,25.0,Active
Jordan Murray,TE,,25.0,Inactive
Markese Stepp,RB,,24.0,Active
Jake Roh,TE,,27.0,Active
DT Sheffield,WR,NYJ,25.0,Active
Jimmy Williams,WR,,26.0,Active
Kolby Listenbee,WR,,27.0,Inactive
Harrison Bryant,TE,SEA,28.0,Active
Ray-Ray McCloud,WR,,29.0,Active
Tristan Vizcaino,K,,27.0,Active
Alstevis Squirewell,RB,,32.0,Active
Derrick Dillon,WR,,26.0,Active
Kareem Hunt,RB,,30.0,Active
Skyler Bell,WR,BUF,23.0,Active
Charlie Kolar,TE,LAC,27.0,Active
Lawrence Keys,WR,,25.0,Active
Joshua Simon,TE,ATL,25.0,Active
James Turner,K,,24.0,Active
John Lunsford,K,,31.0,Active
Dylan Cantrell,TE,,27.0,Active
Sterling Shepard,WR,,33.0,Active
Gerald Everett,TE,,30.0,Active
Dre Miller,TE,,25.0,Active
Josh Lambo,K,,32.0,Active
Jared Smart,WR,,,Active
Kerrith Whyte,RB,GB,25.0,Active
E.J. Warner,QB,,,Active
Tyler Kroft,TE,,31.0,Active
T.J. Yeldon,RB,,28.0,Inactive
Devin Fuller,WR,,27.0,Active
Kameron Brown,WR,,26.0,Active
Dare Ogunbowale,RB,,31.0,Active
Blake Haubeil,K,,,Active
Chase Garbers,QB,,24.0,Active
Ihmir Smith-Marsette,WR,ARI,26.0,Active
Milton Wright,WR,,22.0,Active
Jay Lee,WR,,31.0,Active
Malcolm Brown,RB,,29.0,Active
Bub Means,WR,NO,25.0,Active
Eldridge Massington,WR,NO,24.0,Active
Terrell Jennings,RB,NE,25.0,Active
Kevin Austin,WR,NO,26.0,Active
Taiwan Jones,RB,,35.0,Active
Najee Harris,RB,,27.0,Active
,DEF,CIN,,
Dominic Richardson,RB,DAL,,Active
Lance McCutcheon,WR,TEN,27.0,Active
Tyler Loop,K,BAL,24.0,Active
Jeff Cotton,WR,,26.0,Inactive
Raheem Blackshear,RB,,27.0,Active
Drew Plitt,QB,,26.0,Active
Michael Mayer,TE,LV,24.0,Active
Tony Jones,WR,,32.0,Active
Slade Bolden,WR,,24.0,Active
Ben Roethlisberger,QB,PIT,39.0,Active
Krishawn Hogan,WR,,26.0,Active
Tanner Mordecai,QB,,25.0,Active
Cairo Santos,K,CHI,34.0,Active
Devon Johnson,RB,,28.0,Active
Luke Benson,TE,,23.0,Active
Andre Lindsey,WR,,,Active
Joe Walker,WR,,26.0,Active
Tyler Bass,K,BUF,29.0,Active
Derrick Johnson,WR,,33.0,Active
C.J. Prosise,RB,,27.0,Active
Malik Davis,RB,DAL,27.0,Active
Nick Ralston,RB,,25.0,Active
Easop Winston,WR,,28.0,Active
Trayvon Rudolph,WR,,24.0,Active
Anthony Firkser,TE,WAS,31.0,Active
Max Klare,TE,LAR,22.0,Active
Luke Grimm,WR,LAC,24.0,Active
Rakeem Boyd,RB,,,Inactive
Sam Hartman,QB,WAS,26.0,Active
Talolo Limi-Jones,WR,,25.0,Active
Ricky Person,RB,,24.0,Active
A.T. Perry,WR,PIT,26.0,Active
Xavier Johnson,WR,CIN,27.0,Active
Jermaine Kearse,WR,,31.0,Injured Reserve
Roschon Johnson,RB,CHI,25.0,Active
Junior Bergen,WR,SF,23.0,Active
Ka'imi Fairbairn,K,HOU,32.0,Active
Laquon Treadwell,WR,IND,30.0,Active
Jacob Sirmon,QB,,,Active
Sam Howell,QB,DAL,25.0,Active
Caleb Williams,QB,CHI,24.0,Active
Will Kacmarek,TE,MIA,23.0,Active
Ty Fryfogle,WR,,24.0,Active
Keshawn Hill,RB,,31.0,Active
Travis Homer,RB,PIT,27.0,Active
Tyler Scott,WR,LAR,24.0,Active
Master Teague,RB,,23.0,Active
James O'Shaughnessy,TE,,31.0,Active
Auden Tate,WR,,26.0,Active
Drew Stanton,QB,,37.0,Active
Taquan Mizzell,RB,NYG,28.0,Inactive
Jake Kumerow,WR,,31.0,Inactive
Jalen Reagor,WR,MIA,27.0,Active
Kent Taylor,TE,,28.0,Active
Justin Hall,WR,,25.0,Active
Spencer Schnell,WR,,27.0,Inactive
C.J. Worton,WR,,25.0,Active
Kirk Merritt,WR,,26.0,Active
Max Tomczak,WR,,,Active
Josh Reese,WR,,34.0,Active
Ramon Jefferson,RB,,25.0,Active
John Hurst,WR,,25.0,Inactive
Shane Zylstra,TE,BUF,29.0,Active
Alvin Kamara,RB,NO,30.0,Active
D.J. Williams,RB,,25.0,Inactive
Jerry Lovelocke,QB,,32.0,Active
Brandon Johnson,WR,PIT,27.0,Active
Ryan Davis,WR,,24.0,Active
Jalan McClendon,QB,,,Active
Marquez North,WR,,26.0,Active
Tre Nixon,WR,,26.0,Active
Kenny Cook,WR,,29.0,Active
Jarquez Hunter,RB,LAR,23.0,Active
Armanti Foreman,WR,,,Active
Joshua Cephus,WR,,25.0,Active
Pig Howard,WR,,28.0,Active
Toriano Clinton,RB,,,Active
Elijhaa Penny,RB,,28.0,Active
Pete Guerriero,RB,,23.0,Active
Luis Perez,QB,,30.0,Active
Jacob Breeland,TE,,25.0,Active
Nikko Remigio,WR,KC,26.0,Active
Bauer Sharp,TE,TB,23.0,Active
Ayir Asante,WR,,23.0,Active
Tip Reiman,TE,ARI,24.0,Active
Derrick Gore,RB,,29.0,Active
Oscar Delp,TE,NO,22.0,Active
Reggie Begelton,WR,,28.0,Active
Trey Potts,RB,,,Active
Eric Dungey,QB,,25.0,Active
Graham Gano,K,,38.0,Active
DeShon Williams,TE,,,Active
Cedrick Wilson,WR,DET,30.0,Active
Ryan Flournoy,WR,DAL,26.0,Active
Treyvhon Saunders,WR,HOU,,Active
Joel Honigford,TE,,25.0,Active
Anthony Turner,WR,,,Active
Mike Harley,WR,,26.0,Active
Donatella Luckett,WR,,34.0,Active
Brandon Ross,RB,,32.0,Active
Aldrick Rosas,K,,27.0,Active
Colin Granger,TE,,,Active
Jeff Foreman,WR,,25.0,Active
Jake Fromm,QB,,26.0,Active
Kade Warner,WR,,24.0,Active
Keric Wheatfall,WR,,23.0,Active
Justyn Ross,WR,,25.0,Active
Grant DuBose,WR,,24.0,Active
Jeff Driskel,QB,,32.0,Active
Sone Ntoh,RB,,,Active
Kyle Sloter,QB,,28.0,Active
Aaron Bailey,QB,BAL,,Active
Ethan Sanchez,K,,24.0,Active
Luke Schoonmaker,TE,DAL,27.0,Active
Siaosi Mariner,WR,,24.0,Active
Jaylen Smith,WR,,25.0,Active
Montana Lemonious-Craig,WR,,23.0,Active
Garrett Celek,TE,,33.0,Injured Reserve
Ross Martin,K,,28.0,Active
Emanuel Wilson,RB,SEA,27.0,Active
Ryan Fitzpatrick,QB,,39.0,Active
JP Richardson,WR,CHI,24.0,Active
Jason Myers,K,SEA,35.0,Active
Devon Garrison,TE,,,Active
Jacoby Brissett,QB,ARI,33.0,Active
Ronnie Brown,RB,,23.0,Active
Michael Badgley,K,,30.0,Active
Ryan Griffin,TE,,33.0,Active
Rodney Anderson,RB,,25.0,Inactive
Shermari Jones,RB,,,Active
Robert Turbin,RB,,32.0,Active
C.J. Stroud,QB,HOU,24.0,Active
Michael Thomas,WR,,31.0,Active
Junior Vandeross,WR,,,Active
Elijah Higgins,TE,ARI,25.0,Active
Isaiah Coulter,WR,,24.0,Active
Tayon Fleet-Davis,RB,,,Active
T.J. Logan,RB,,27.0,Active
Kadarius Calloway,RB,TB,,Active
Mason Rudolph,QB,PIT,30.0,Active
Kobe Lewis,RB,,24.0,Active
Giles Jackson,WR,,24.0,Active
Shaquan Davis,WR,,24.0,Active
Branden Mack,WR,,23.0,Active
Jamel Johnson,WR,,30.0,Active
Matthew Slater,WR,,38.0,Active
Artavis Pierce,RB,,25.0,Active
Israel Abanikanda,RB,DAL,23.0,Active
Marcus Cooper,RB,,,Active
Kevorian Barnes,RB,,,Active
Dontae Strickland,RB,,24.0,Active
Lincoln Sefcik,TE,,25.0,Active
Jared Pinkney,TE,,26.0,Inactive
Devin Lucien,WR,,28.0,Active
James McCourt,K,,25.0,Active
Johnny Johnson,WR,,26.0,Inactive
Justin Sumpter,WR,,25.0,Active
Joel Wilson,TE,TEN,25.0,Active
Drake Stoops,WR,,26.0,Active
Greg Dortch,WR,DET,28.0,Active
Terrell Sinkfield,WR,,31.0,Active
Emanuel Hall,WR,,24.0,Inactive
Deshon Foxx,WR,,29.0,Active
Kamryn Pettway,RB,,26.0,Active
Chase Harrell,TE,,25.0,Active
J.T. Barrett,QB,,26.0,Active
Ben Braunecker,TE,,27.0,Active
Da'Quan Felton,WR,NYJ,25.0,Active
Myles Price,WR,MIN,24.0,Active
Rasheed Bailey,WR,,28.0,Active
Trent Howland,RB,,,Active
Justin Hardy,WR,,30.0,Active
Eric Frohnapfel,TE,,32.0,Active
Kevin White,WR,,30.0,Active
,DEF,DEN,,
KJ Hamler,WR,,26.0,Active
Nate Adkins,TE,DEN,26.0,Active
Josh Pederson,TE,,26.0,Inactive
Jordon Vaughn,RB,,,Active
Tank Dell,WR,HOU,26.0,Active
Stephen Gostkowski,K,,37.0,Inactive
Tre'Shaun Harrison,WR,,24.0,Inactive
Trevor Moore,K,,27.0,Active
D'Eriq King,QB,,25.0,Active
Pat Conroy,TE,,,Active
Tulu Griffin,WR,,24.0,Active
Marcus Mariota,QB,WAS,32.0,Active
Braylon Sanders,WR,,26.0,Active
Leonard Fournette,RB,,28.0,Active
Jake Bates,K,DET,27.0,Active
Jared Wayne,WR,HOU,25.0,Active
Travis Kelce,TE,KC,36.0,Active
Mike DiLiello,QB,,,Active
JJ Galbreath,TE,PIT,24.0,Active
Anthony Mahoungou,WR,,27.0,Active
Alex Larson,TE,,,Active
Jordan Mims,RB,SF,26.0,Active
Darius Slayton,WR,NYG,29.0,Active
Dillon Mitchell,WR,,24.0,Inactive
K.J. Maye,WR,,27.0,Active
Cole Turner,TE,MIA,26.0,Active
ShunDerrick Powell,RB,,23.0,Active
Jibri Blount,TE,,25.0,Active
Brian Riley,WR,,26.0,Active
Jamaal Williams,RB,,29.0,Active
Cameron Brate,TE,,31.0,Active
Deshaun Watson,QB,CLE,30.0,Active
Nick Mullens,QB,JAX,31.0,Active
Brennan Presley,WR,LAR,24.0,Active
Antonio Callaway,WR,,26.0,Active
Brelan Chancellor,WR,,33.0,Active
Malik Benson,WR,LV,23.0,Active
Adam Zaruba,TE,,30.0,Inactive
Zamir White,RB,,26.0,Active
Jawhar Jordan,RB,HOU,26.0,Active
Daniel Carlson,K,,31.0,Active
Dwayne Harris,WR,,34.0,Inactive
Ty'Son Williams,RB,,26.0,Active
JaVonta Payton,WR,,24.0,Active
Avery Williams,RB,,27.0,Active
Devon Bell,K,,31.0,Active
Evan Svoboda,TE,LAC,23.0,Active
EJ Smith,RB,KC,24.0,Active
Jalen Milroe,QB,SEA,23.0,Active
Eni Falayi,TE,,,Active
Brandon Peters,QB,,25.0,Active
Darren Waller,TE,,33.0,Active
Blake Bell,TE,,32.0,Active
Chris Collier,RB,LV,26.0,Active
Desmond Reid,RB,BUF,21.0,Active
DeAndre Hopkins,WR,,33.0,Active
Tommylee Lewis,WR,,29.0,Active
Jalen Jackson,RB,,24.0,Active
Elijah Dotson,RB,,26.0,Active
Godwin Igwebuike,RB,,29.0,Active
Corey Clement,RB,,29.0,Active
Jalen Brooks,WR,ARI,26.0,Active
Jack Westover,TE,NE,26.0,Active
TJ Sheffield,WR,,,Active
Mike Estes,TE,,,Active
Stephen Carlson,TE,CHI,29.0,Active
Chig Okonkwo,TE,WAS,26.0,Active
Miles Sanders,RB,,28.0,Active
KeAndre Lambert-Smith,WR,LAC,24.0,Active
Lance Lenoir,WR,,28.0,Active
Isaiah Bowser,RB,,23.0,Active
Kyle Lewis,WR,,26.0,Active
Zach Davidson,TE,,27.0,Active
Taylen Green,QB,CLE,23.0,Active
Tyrone Broden,WR,SEA,25.0,Active
Kyle Lauletta,QB,,26.0,Active
Tyson Bagent,QB,CHI,25.0,Active
Brett Maher,K,,34.0,Active
J. Michael Sturdivant,WR,GB,23.0,Active
Preston Williams,WR,,26.0,Active
Jalin Moore,RB,,26.0,Inactive
Marcus Leak,WR,,29.0,Active
Marquez Valdes-Scantling,WR,DAL,31.0,Active
Blake Watson,RB,,26.0,Active
Malik Rutherford,WR,,,Active
Rivaldo Fairweather,TE,ARI,23.0,Active
Jeshaun Jones,WR,MIN,26.0,Active
Brandon McManus,K,,34.0,Active
Wyatt Houston,TE,CAR,23.0,Active
Zakhari Franklin,WR,,25.0,Active
Damond Powell,WR,,32.0,Active
Corey Acosta,K,,33.0,Active
Drew Brees,QB,,42.0,Injured Reserve
Bryce Ford-Wheaton,WR,,26.0,Active
Patrick Laird,RB,,28.0,Active
Clay Burton,TE,,32.0,Active
Dwayne Washington,RB,,30.0,Active
Alex Tanney,QB,,34.0,Injured Reserve
Ted Hurst,WR,TB,21.0,Active
Ryan McDaniel,WR,,,Active
Noah Togiai,TE,,26.0,Active
Neal Johnson,TE,,24.0,Active
Joe Royer,TE,CLE,24.0,Active
Wayne Gallman,RB,,28.0,Active
Mekhi Sargent,RB,,25.0,Active
Logan Stokes,TE,,32.0,Active
Sam Pitz,TE,,,Active
Brandon Smith,WR,PIT,27.0,Active
B.T. Potter,K,,23.0,Active
Cedric O'Neal,RB,,27.0,Active
Aaron Peck,TE,,27.0,Active
Tyler Ervin,RB,,28.0,Inactive
Marquez Callaway,WR,,27.0,Active
Carsen Ryan,TE,CLE,22.0,Active
Jadon Haselwood,WR,,22.0,Active
Ethan Conner,TE,JAX,,Active
Neil Pau'u,WR,,27.0,Active
Josh Jacobs,RB,GB,28.0,Active
Julian Williams,WR,,,Active
Zach Charbonnet,RB,SEA,25.0,Active
Trevor Harman,WR,,33.0,Active
Qadir Ismail,WR,CHI,26.0,Active
Dan Bailey,K,,33.0,Active
Bud Sasser,WR,,,Active
Artayvious Lynn,TE,,25.0,Active
Adrian Martinez,QB,SF,26.0,Active
Parris Campbell,WR,,28.0,Active
Corey Knox,RB,,36.0,Active
Jake Retzlaff,QB,,23.0,Active
Johnny Mundt,TE,PHI,31.0,Active
Mac Jones,QB,SF,27.0,Active
Cullen Gillaspia,RB,,27.0,Inactive
Braylon Heard,RB,,33.0,Active
Matt Lauter,TE,,,Active
David Wallis,WR,,23.0,Active
Jesse Matthews,WR,,26.0,Active
Joe Fagnano,QB,BAL,25.0,Active
Deuce Vaughn,RB,,24.0,Active
Blaine Gabbert,QB,,34.0,Active
Romello Brinson,WR,DAL,24.0,Active
Rodney Smith,RB,,30.0,Active
Elliott Fry,K,,28.0,Active
Devonta Freeman,RB,,30.0,Active
Geoff Swaim,TE,,31.0,Active
Tim Cook,RB,,27.0,Active
Kaden Wetjen,WR,PIT,24.0,Active
Josh Love,QB,,25.0,Active
Drew Allar,QB,PIT,22.0,Active
Irv Smith,TE,,27.0,Inactive
Dalton Keene,TE,,26.0,Active
Brock Bowers,TE,LV,23.0,Active
Ulysses Bentley,RB,IND,25.0,Active
Jayden Daniels,QB,WAS,25.0,Active
Zach Pascal,WR,,30.0,Active
Tom Kennedy,WR,DET,29.0,Active
Matt Ammendola,K,,27.0,Active
Kevin Coleman,WR,MIA,22.0,Active
Gunnar Oakes,TE,,26.0,Active
Sam Roush,TE,CHI,22.0,Active
Harrison Mevis,K,LAR,24.0,Active
Jake Waters,QB,,32.0,Active
Jeret Smith,WR,,32.0,Active
Martavis Bryant,WR,,32.0,Active
Anthony Ratliff-Williams,WR,,24.0,Active
Jermiah Braswell,WR,,24.0,Active
Spencer Shrader,K,IND,27.0,Active
Christian Scotland-Williamson,TE,,28.0,Active
Rakim Jarrett,WR,,24.0,Active
Luke Altmyer,QB,DET,23.0,Active
Malik Cunningham,WR,DET,27.0,Active
Josh Bellamy,WR,,32.0,Active
C.J. Uzomah,TE,,32.0,Active
Levi Lewis,QB,,24.0,Active
Sean Riley,WR,,24.0,Active
Zach Zenner,RB,,30.0,Active
Danny Gray,WR,PHI,27.0,Active
Travin Dural,WR,,28.0,Active
Donte Moncrief,WR,,28.0,Active
Bisi Johnson,WR,,25.0,Inactive
Teo Redding,WR,,27.0,Active
Tanner Knue,WR,,26.0,Active
Dalton Schultz,TE,HOU,29.0,Active
Jaylen Wright,RB,MIA,23.0,Active
Trevon Wesco,TE,,29.0,Active
Corey Davis,WR,,28.0,Active
Tanner Arkin,TE,NE,22.0,Active
Jackson Hawes,TE,BUF,25.0,Active
John Wolford,QB,,30.0,Active
Demetris Robertson,WR,,25.0,Active
John Samuel Shenker,TE,,26.0,Active
Tyler Davis,TE,,28.0,Active
Jack Strand,QB,ATL,21.0,Active
William Thompson,QB,,,Active
Will Sheppard,WR,GB,24.0,Active
Kobe Prentice,WR,CAR,22.0,Active
Josh Pitsenburger,RB,,,Active
Troy Mangen,TE,,27.0,Active
Brandon Polk,WR,,25.0,Active
Luke Wysong,WR,MIN,,Active
Jalen Cropper,WR,,24.0,Active
Dalvin Cook,RB,,29.0,Active
Ahmani Marshall,RB,CLE,24.0,Active
Laith Marjan,K,PIT,,Active
Javon McKinley,WR,,24.0,Inactive
TJ Harden,RB,CLE,22.0,Active
Justin Watson,WR,HOU,30.0,Active
Ja'Lynn Polk,WR,NO,24.0,Active
Isaiah Washington,WR,,23.0,Active
Jordan Addison,WR,MIN,24.0,Active
Larry Rountree,RB,,24.0,Active
David Njoku,TE,LAC,29.0,Active
Dillon Bell,WR,MIN,22.0,Active
Marlon Mack,RB,,28.0,Active
Bryson Green,WR,ARI,23.0,Active
Matt Hibner,TE,BAL,24.0,Active
Darion Griswold,TE,,29.0,Active
Dontez Ford,WR,,27.0,Active
Fred Ross,WR,,26.0,Inactive
Artavis Scott,WR,,27.0,Active
KC Concepcion,WR,CLE,21.0,Active
Sam Scott,RB,NYJ,,Active
Daniel Sobkowicz,WR,HOU,23.0,Active
Ademola Faleye,TE,,24.0,Active
Ty Scott,WR,,25.0,Active
Dominique Dafney,TE,,28.0,Active
Connor Slomka,RB,,24.0,Active
Cole Stoudt,QB,,33.0,Active
CJ Marable,RB,,26.0,Active
Kyler Murray,QB,MIN,28.0,Active
Raylen Sharpe,WR,IND,,Active
Tanner Hudson,TE,CIN,31.0,Active
Wesley Grimes,WR,SF,,Active
Aeneas Dennis,QB,,,Active
Beaux Collins,WR,NYG,23.0,Active
Baylor Cupp,TE,,25.0,Active
Andre Baccellia,WR,,29.0,Active
Logan Paulsen,TE,,34.0,Active
Pro Wells,TE,,,Active
Tyler Johnson,WR,DAL,27.0,Active
Mitch Tinsley,WR,CIN,26.0,Active
Jarius Wright,WR,,32.0,Active
Isaiah Ford,WR,,27.0,Inactive
Michael Pittman,WR,PIT,28.0,Active
DeAndre Washington,RB,,28.0,Inactive
Ray Davis,RB,BUF,26.0,Active
Earnest Edwards,WR,,23.0,Inactive
Kendal Thompson,WR,,29.0,Inactive
Patrick Murtagh,TE,,25.0,Active
Juwan Johnson,TE,NO,29.0,Active
Tez Johnson,WR,TB,24.0,Active
Tucker Fisk,TE,,27.0,Active
Kolbe Katsis,WR,DEN,,Active
Damion Willis,WR,,24.0,Active
Marvin Hall,WR,,29.0,Active
Jermaine Burton,WR,,24.0,Active
Lewis Bond,WR,HOU,23.0,Active
Cody Chrest,WR,,,Active
Patrick Gurd,TE,LV,,Active
Phil Mafah,RB,DAL,23.0,Active
Nsimba Webster,WR,,29.0,Active
Zac Brooks,RB,,32.0,Active
Sam James,WR,,23.0,Active
Amara Darboh,WR,,27.0,Active
Trevontae Hights,WR,,24.0,Active
Napoleon Maxwell,RB,,25.0,Inactive
Kivon Cartwright,TE,,29.0,Active
Kazmeir Allen,WR,,25.0,Active
DK Metcalf,WR,PIT,28.0,Active
Matthew Eaton,WR,,26.0,Active
Breece Hall,RB,NYJ,25.0,Active
Reggie Roberson,WR,,24.0,Active
Jonathon Rumph,WR,,33.0,Active
Laviska Shenault,WR,,26.0,Active
Binjimen Victor,WR,,26.0,Active
Mikey Daniel,RB,,25.0,Active
Jameson Geers,TE,ARI,,Active
Rashod Owens,WR,,24.0,Active
James Quick,WR,,27.0,Active
Noah Whittington,RB,HOU,24.0,Active
Cody Fajardo,QB,,32.0,Active
Ray Hamilton,TE,,32.0,Active
Reece Horn,WR,,28.0,Active
R.J. Shelton,WR,,27.0,Inactive
Jakobie Keeney-James,WR,GB,25.0,Active
,DEF,KC,,
Devron Harper,WR,,24.0,Active
Michael Warren,RB,DET,23.0,Inactive
Roc Taylor,WR,,23.0,Active
John Bates,TE,WAS,28.0,Active
Nelson Agholor,WR,,31.0,Active
Tavon Austin,WR,,32.0,Active
Brogan Roback,QB,,27.0,Active
Freddie Swain,WR,,26.0,Inactive
Jace Sternberger,TE,,27.0,Active
Khalil Tate,WR,,23.0,Inactive
Durron Neal,WR,,31.0,Active
Payton Thorne,QB,,24.0,Active
Deion Burks,WR,IND,23.0,Active
Damon Bankston,RB,NYG,,Active
Kenneth Harper,RB,,32.0,Active
Zach D'Orazio,WR,,33.0,Active
Shaq Roland,WR,CHI,,Active
Nick Guggemos,TE,,27.0,Active
Ben Bryant,QB,,25.0,Active
Micah Bernard,RB,,24.0,Active
Colin Thompson,TE,,29.0,Active
Dontario Drummond,WR,,26.0,Active
Ashton Dulin,WR,IND,29.0,Active
Anthony Torres,TE,,26.0,Active
J.K. Dobbins,RB,DEN,27.0,Active
Jarvion Franklin,RB,,26.0,Active
Tayvion Robinson,WR,,24.0,Active
Pooka Williams,RB,,23.0,Active
Jonathan Taylor,RB,IND,27.0,Active
Drake Maye,QB,NE,23.0,Active
Key'Shawn Smith,WR,,,Active
Jordan Howard,RB,,28.0,Active
Josh Kattus,TE,CIN,,Active
Trevon Bradford,WR,,,Active
Bra'Lon Cherry,WR,,26.0,Active
AJ Dillon,RB,CAR,28.0,Active
Cole Fotheringham,TE,,27.0,Active
Marlon Williams,WR,,,Inactive
Riley Ridley,WR,,25.0,Active
Alonzo Moore,WR,,29.0,Inactive
Anthony Jones,RB,,24.0,Active
Alex McGough,QB,,29.0,Active
Dan Arnold,TE,,28.0,Active
Omar Bayless,WR,,25.0,Active
Jamarius Way,WR,,25.0,Active
Tanner Taula,TE,,27.0,Active
Talik Keaton,WR,,,Active
Dymere Miller,WR,,,Active
Joe Reed,WR,,25.0,Active
Jalon Calhoun,WR,,24.0,Active
Devin Culp,TE,TB,26.0,Active
Joseph Manjack,WR,DEN,23.0,Active
Javonte Williams,RB,DAL,26.0,Active
Chase Edmonds,RB,,29.0,Active
Mitchell Paige,WR,,28.0,Active
Rodney Williams,TE,,26.0,Active
Caleb Huntley,RB,,24.0,Active
Terrell Bynum,WR,,26.0,Active
DaeSean Hamilton,WR,,27.0,Active
,DEF,MIN,,
Cade Stover,TE,HOU,25.0,Active
Tyquan Thornton,WR,KC,25.0,Active
Christian Blake,WR,,26.0,Active
Kaare Vedvik,K,,27.0,Active
Darius Jennings,WR,,29.0,Active
Skyler Howard,QB,SEA,23.0,Active
Aaron Parker,WR,,24.0,Active
C.J. Johnson,WR,,22.0,Active
Phillip Dorsett,WR,LV,33.0,Active
Marqise Lee,WR,,30.0,Inactive
Xavier White,WR,,25.0,Active
Malik Flowers,WR,,24.0,Active
Colby Parkinson,TE,LAR,27.0,Active
Blake Sims,QB,,30.0,Active
Makai Lemon,WR,PHI,22.0,Active
Kevin Kassis,WR,,25.0,Active
Donovan Edwards,RB,MIA,23.0,Active
Matt Sokol,TE,,30.0,Active
Nick Williams,WR,,,Active
Kenny McIntosh,RB,SEA,26.0,Active
Rodrigo Blankenship,K,,26.0,Active
Riley Patterson,K,MIA,26.0,Active
Nate Noel,RB,,23.0,Active
Tyler Rutenbeck,WR,,33.0,Active
John Lovett,QB,,27.0,Active
Jalen Royals,WR,KC,23.0,Active
Daryl Virgies,RB,,29.0,Active
Matthew Golden,WR,GB,22.0,Active
Wendell Smallwood,RB,WAS,27.0,Active
Kenyan Drake,RB,,29.0,Active
De'Montre Tuggle,RB,,23.0,Active
Zach Olstad,RB,,28.0,Inactive
Kendrick Law,WR,DET,22.0,Active
Jordan Westerkamp,WR,,27.0,Active
Marcelias Sutton,RB,,,Active
Sam Sloman,K,,25.0,Active
Kalija Lipscomb,WR,,24.0,Active
Darius Anderson,RB,,25.0,Inactive
Damore'ea Stringfellow,WR,,27.0,Active
Darius Hagans,RB,,24.0,Active
Xavier Turner,RB,,27.0,Active
Nate McCrary,RB,,25.0,Active
Travis Benjamin,WR,,32.0,Active
Darius Jackson,RB,,28.0,Active
Logan Thomas,TE,,33.0,Active
Noah Brown,WR,,30.0,Active
John Hall,WR,,25.0,Active
John Robinson-Woodgett,RB,,28.0,Active
Alec Bloom,TE,,25.0,Active
Benjamin Watson,TE,,41.0,Injured Reserve
Quincy McDuffie,WR,,31.0,Active
Greg Ward,WR,,29.0,Active
