full_name,position,team,age,bye_week,status,years_exp,player_id,espn_id,yahoo_id,sportradar_id,gsis_id
Brandon Aubrey,K,DAL,31.0,,Active,3.0,11533,,,110e6fe0-1c34-11ee-8294-af17faac15de,00-0037692
Aaron Shampklin,RB,,25.0,,Active,3.0,8809,,,c09be300-d30d-11ec-8b77-45b1765fd110,00-0037609
Parker Washington,WR,JAX,24.0,,Active,3.0,9487,,,c05863ec-3414-4ae6-a8d2-830aed99b6d3,00-0038606
CeeDee Lamb,WR,DAL,27.0,,Active,6.0,6786,4241389.0,32687.0,a72ea15b-5199-4101-a300-846e1c655add,00-0036358
Bucky Irving,RB,TB,23.0,,Active,2.0,11584,,,c5249c6f-bd1b-4352-8228-de2bd499ca0d,00-0039361
Kendall Milton,RB,CIN,24.0,,Active,2.0,11649,,,d0dd8a70-072c-11ef-a49f-41e71daeb2e1,00-0039266
Jerry Jeudy,WR,CLE,27.0,,Active,6.0,6783,4241463.0,32685.0,eaaa4a61-c2a7-4926-8e9b-3ec71be2f991,00-0036407
Jacob Cowing,WR,SF,25.0,,Active,2.0,11616,,,9c145f4f-c9b1-4c2c-b011-8dc40167d0f1,00-0039365
Dante Pettis,WR,,30.0,,Active,8.0,4992,3127306.0,31014.0,20d16690-560b-4a01-af20-8870ef07ea70,00-0034860
Kayshon Boutte,WR,NE,24.0,,Active,3.0,9504,,,9c054866-5e6c-460b-9af3-ebf91e7d0a3e,00-0038608
John Ross,WR,,29.0,,Active,7.0,4038,3052177.0,30122.0,938b363a-6967-4cef-bcd2-bb358a9f6c98,00-0033460
Omarion Hampton,RB,LAC,23.0,,Active,1.0,12507,,,3e1b7908-79ee-4a23-97b9-5190725a2e5e,00-0040666
Jaleel McLaughlin,RB,DEN,25.0,,Active,3.0,11439,,,60b4ded0-f321-11ed-ab27-e38fa04fd6c0,00-0038794
Devontez Walker,WR,BAL,24.0,,Active,2.0,11629,,,b5d1ed29-c72a-45ff-ae60-337e13728b2f,00-0039792
Oronde Gadsden,TE,LAC,22.0,,Active,1.0,12493,,,6af50530-145a-4b34-946d-ce1a7f7d3166,00-0040189
LaJohntay Wester,WR,BAL,24.0,,Active,1.0,12699,,,f4e1d4de-95e9-452e-95ab-3555989d90bb,00-0040075
Kyle Pitts,TE,ATL,25.0,,Active,5.0,7553,,,1f3deb24-9ff8-4769-8f42-825eff7742f6,00-0036970
E.J. Jenkins,TE,PHI,27.0,,Active,3.0,11304,,,626a1dd0-ebab-11ed-bb4c-e536974648f2,00-0038498
Joe Flacco,QB,CIN,41.0,,Active,18.0,19,11252.0,8795.0,64797df2-efd3-4b27-86ee-1d48f7edb09f,00-0026158
Mo Alie-Cox,TE,IND,32.0,,Active,9.0,4054,2998565.0,30112.0,8809c0dd-786b-4255-a7d0-333c9498c19a,00-0033217
Robbie Chosen,WR,,32.0,,Active,10.0,3423,2574808.0,29785.0,e81fb788-1478-4936-ae12-f6ed7ec23476,00-0032688
Jordan Matthews,TE,,32.0,,Active,11.0,1800,16763.0,27570.0,7b96a836-666b-47b6-a0a7-9dbb0b4c53e8,00-0031299
Jake Tonges,TE,SF,26.0,,Active,4.0,8698,,,8d9236c0-ce09-11ec-9598-03840dd5f387,00-0037112
Brycen Tremayne,WR,CAR,26.0,,Active,3.0,11157,,,2a3cbc30-e8ed-11ed-bd02-25f41a9e059e,00-0038840
Pierre Strong,RB,GB,27.0,,Active,4.0,8116,,,8a9a3c7f-57a1-4064-9bda-2c7fad7b5c01,00-0038098
Davis Mills,QB,HOU,27.0,,Active,5.0,7585,,,7d51fab7-2d52-4d19-a021-19a123af0d10,00-0036898
Ameer Abdullah,RB,JAX,33.0,,Active,11.0,2359,2576336.0,28442.0,c5e430c5-7a8e-4e29-b30f-1a527f05cb89,00-0032104
Drew Lock,QB,SEA,29.0,,Active,7.0,5854,3924327.0,31874.0,94325301-e0ad-4a9f-a0e5-ffec0f529be3,00-0035704
Trey Sermon,RB,,26.0,,Active,5.0,7593,,,b7146193-fcd1-4b02-a6da-625fe467f60e,00-0036984
Audric Estime,RB,NO,22.0,,Active,2.0,11579,,,3b86dd7c-0b21-448d-a662-5675e87fd0da,00-0039373
,DEF,HOU,,,,,HOU,,,,
Dak Prescott,QB,DAL,32.0,,Active,10.0,3294,2577417.0,29369.0,86197778-8d4b-4eba-affe-08ef7be7c70b,00-0033077
Matthew Stafford,QB,LAR,38.0,,Active,17.0,421,12483.0,9265.0,ade43b1a-0601-4672-83b6-d246bc066a19,00-0026498
Johnny Wilson,WR,PHI,25.0,,Active,2.0,11636,,,e8d389b5-56c8-4276-9983-0dbcc1663507,00-0039236
Khalil Shakir,WR,BUF,26.0,,Active,4.0,8134,,,0ce9ddce-bdf6-469c-8a32-9cf0ed3714a4,00-0037261
Noah Gray,TE,KC,27.0,,Active,5.0,7828,,,c97dfcb6-b999-476f-8487-f3848e92df17,00-0036637
,DEF,NE,,,,,NE,,,,
Joe Milton,QB,DAL,26.0,,Active,2.0,11557,,,74043480-24ef-4c26-99d4-18f43d5b41d3,00-0039398
Justice Hill,RB,BAL,28.0,,Active,7.0,5995,4038441.0,31945.0,528e71ec-8fb3-4928-ace5-fc5ffbf26eb3,00-0034975
Colston Loveland,TE,CHI,22.0,,Active,1.0,12517,,,62cd2cd5-8b40-4ee6-bfb8-0083edd105a2,00-0040126
James Cook,RB,BUF,26.0,,Active,4.0,8138,,,ce5de0e5-9f76-42ee-b93a-3ef88af9b0a7,00-0037248
Jahan Dotson,WR,ATL,26.0,,Active,4.0,8119,,,d4a7917d-f327-431b-9b87-83af341c3e21,00-0037741
Efton Chism,WR,NE,24.0,,Active,1.0,12542,,,6704a490-2534-11f0-a084-3df705a62310,00-0040563
Jauan Jennings,WR,MIN,28.0,,Active,6.0,7049,3886598.0,32887.0,3ae9f0fa-c711-4663-80cf-4707856c07aa,00-0036259
Rachaad White,RB,WAS,27.0,,Active,4.0,8136,,,4d3f2f57-215c-4cb4-bf75-a7ecdcdded70,00-0037256
Malik Washington,WR,MIA,25.0,,Active,2.0,11610,,,d7f4fd2c-ba4f-49ca-bd92-443a506e9eb4,00-0039880
Sam Darnold,QB,SEA,29.0,,Active,8.0,4943,3912547.0,30973.0,13d826c5-9b22-4e0a-a877-02d8c84c546b,00-0034869
Charlie Jones,WR,CIN,27.0,,Active,3.0,10228,,,c634c231-61fb-4725-8533-2cce14bfebbf,00-0038576
Andy Dalton,QB,PHI,38.0,,Active,15.0,829,14012.0,24822.0,d2a0e5af-3850-4f16-8e40-a0b1d15c2ce1,00-0027973
Jayden Reed,WR,GB,26.0,,Active,3.0,10222,,,23a306bc-5f77-4574-a575-bd599f243185,00-0039146
Greg Zuerlein,K,,37.0,,Active,13.0,1266,14993.0,25881.0,93d11276-45d2-4168-a9b7-df0cbf12dabb,00-0029621
Jason Brownlee,WR,KC,27.0,,Active,3.0,11311,,,f286b160-eba8-11ed-87ba-cb97497fad29,00-0038492
Anders Carlson,K,,27.0,,Active,2.0,11008,,,5a6ae290-675d-401a-aaee-140a272cf061,00-0038402
Chris Brooks,RB,GB,26.0,,Active,3.0,11370,,,35a0d440-f017-11ed-bedb-53f19b227cc3,00-0038685
Dylan Laube,RB,LV,26.0,,Active,2.0,11574,,,de5b56bd-33f0-48bc-b1e3-9523bd6bba64,00-0039407
Andrew Beck,RB,NYJ,30.0,,Active,7.0,6323,3125107.0,32225.0,b556a98d-16aa-4a0d-9134-1b59c46cc640,00-0034959
Kadarius Toney,WR,,25.0,,Active,3.0,7606,,,b4af6462-3e3a-49d5-9d96-482ad9f3c0c8,00-0036913
Cade Otton,TE,TB,27.0,,Active,4.0,8111,,,f23517bd-ae85-484a-8ecb-1f7a2d851e48,00-0038129
Chris Moore,WR,,32.0,,Active,10.0,3269,2576581.0,29341.0,0b504d67-639b-4ba8-979a-498a3086257b,00-0032398
Stephen Sullivan,TE,,28.0,,Active,5.0,6970,4035426.0,32921.0,a41b8454-0326-4c56-87a2-f2aac3814961,00-0036438
Brenden Bates,TE,CLE,26.0,,Active,2.0,12374,,,eb055af0-0e1a-11ef-aa6c-9183e6948e0f,00-0039458
Kimani Vidal,RB,LAC,24.0,,Active,2.0,11647,,,ed923635-f021-4b76-9dbb-9f1901eeaab9,00-0039391
Khalil Herbert,RB,,27.0,,Active,5.0,7608,,,02af99e0-3c84-4d4e-937a-a9f29a02323b,00-0036906
Harrison Butker,K,KC,30.0,,Active,9.0,4227,3055899.0,30346.0,4ceb866c-8eaf-49b5-9043-56228e43a2e5,00-0033303
Steven Sims,WR,,28.0,,Active,7.0,6402,3917960.0,32187.0,4a213e4e-b0ba-4124-833e-33c528bd5908,00-0034928
Ko Kieft,TE,TB,28.0,,Active,4.0,8484,,,f96b8338-4ffb-4612-8c29-58dc3b12db69,00-0037311
Jaxon Smith-Njigba,WR,SEA,24.0,,Active,3.0,9488,,,6215db71-1e13-4c62-8f14-2005d33dee47,00-0038543
Lew Nichols,RB,PIT,24.0,,Active,3.0,9510,,,72e4032d-8d7b-484f-95a2-a73fbb2c67f4,00-0038409
Isaiah Davis,RB,NYJ,24.0,,Active,2.0,11571,,,849789be-b8f0-4d97-a777-2fcf336efa6a,00-0039798
Jaylen Waddle,WR,DEN,27.0,,Active,5.0,7526,,,0ff9a975-669d-4851-a95d-ab28d9fc29c4,00-0036613
Jahdae Walker,WR,CHI,23.0,,Active,1.0,13079,,,46352a70-25f5-11f0-83f2-77ca9eeac893,00-0040277
,DEF,BAL,,,,,BAL,,,,
Clyde Edwards-Helaire,RB,,26.0,,Active,6.0,6820,4242214.0,32702.0,8aa01565-4481-443a-9951-642c98ded113,00-0036360
Jaelon Darden,WR,,26.0,,Active,4.0,7713,,,ada174f6-9300-46ba-833f-018d007f20ce,00-0036877
Younghoe Koo,K,,31.0,,Active,9.0,4666,3049899.0,30426.0,a8c79523-3d0e-48dd-b4c6-e3d8afd24a13,00-0033702
Brandin Cooks,WR,,32.0,,Active,12.0,2197,16731.0,27548.0,b6b954eb-4591-4b7a-86b9-a481f15fdd58,00-0031236
Daniel Jones,QB,IND,29.0,,Active,7.0,5870,3917792.0,31838.0,0042266b-cb28-4012-bfd2-06650badad97,00-0035710
Darrynton Evans,RB,,27.0,,Inactive,5.0,7064,4036431.0,32763.0,eb3c219d-6489-4f2f-a542-bdbf7423a325,00-0036297
T.J. Hockenson,TE,MIN,28.0,,Active,7.0,5844,4036133.0,31840.0,bd1120b6-38b3-4225-a4b0-20660a149d0d,00-0035229
Ryan Fitzgerald,K,CAR,25.0,,Active,1.0,12961,,,7bf5a2e0-2512-11f0-9825-33176da47896,00-0040279
Chad Ryland,K,ARI,26.0,,Active,3.0,10955,,,c77efa70-0691-4a21-8064-a5880569b559,00-0038567
TreVeyon Henderson,RB,NE,23.0,,Active,1.0,12529,,,0d9788e6-03ee-416d-8ba2-deb57037d209,00-0040734
Isaac TeSlaa,WR,DET,24.0,,Active,1.0,12535,,,41e5e4a9-f04c-462e-a1d1-e35a8115b974,00-0040669
D'Andre Swift,RB,CHI,27.0,,Active,6.0,6790,4259545.0,32705.0,cc4b5f58-a11c-4450-a1df-617ad88336e4,00-0036275
Geno Smith,QB,NYJ,35.0,,Active,13.0,1373,15864.0,26662.0,cfc93f5e-105e-4a5e-88d3-f4279893cfa8,00-0030565
Corey Kiner,RB,ARI,24.0,,Active,1.0,12491,,,c7483e80-2574-11f0-b082-a1e374c45b00,00-0040556
Tua Tagovailoa,QB,ATL,28.0,,Active,6.0,6768,4241479.0,32675.0,26ad9c27-de38-495e-913c-6fb2428e76d3,00-0036212
Devin Singletary,RB,NYG,28.0,,Active,7.0,6130,4040761.0,31906.0,a961b0d4-5d7c-438e-90f0-2e1fa09f6c89,00-0035250
Jalen Hurts,QB,PHI,27.0,,Active,6.0,6904,4040715.0,32723.0,64bd0f02-6a5d-407e-98f1-fd02048ea21d,00-0036389
Zach Wilson,QB,NO,26.0,,Active,5.0,7538,,,17bb63b1-1b0e-48e1-baf7-55cd314d0e62,00-0037013
Elijah Mitchell,RB,PHI,28.0,,Active,5.0,7561,,,8ba68abf-e9d2-4927-bf8d-476f271d840c,00-0036567
Dustin Hopkins,K,,34.0,,Active,12.0,1348,15965.0,26800.0,058c99fc-470c-4579-a165-03e043335cc1,00-0030098
Ladd McConkey,WR,LAC,24.0,,Active,2.0,11635,,,473bc7e5-c393-4f21-9e49-3ffc16711238,00-0039915
Brian Robinson,RB,ATL,27.0,,Active,4.0,8154,,,795f636e-6f7f-4bc7-a346-2862272abead,00-0037746
Casey Washington,WR,ATL,25.0,,Active,2.0,11806,,,98b9b952-b31f-47c4-9fac-9d7516af34df,00-0039394
Jake Browning,QB,TB,30.0,,Active,7.0,6111,3886812.0,32138.0,f2f29019-7306-4b1c-a9d8-e9f802cb06e0,00-0035100
Jeff Wilson,RB,,30.0,,Active,8.0,5284,3122976.0,31394.0,72cf3127-3953-4fd8-8049-3de1b6fa9825,00-0034115
Rome Odunze,WR,CHI,24.0,,Active,2.0,11620,,,f64694e0-0381-11ef-973d-5176a0ecbee4,00-0039919
Michael Wilson,WR,ARI,26.0,,Active,3.0,10232,,,b91be982-fccd-448e-869b-e9b5148a1730,00-0038559
,DEF,PIT,,,,,PIT,,,,
Jordan Love,QB,GB,27.0,,Active,6.0,6804,4036378.0,32696.0,e5094779-e94f-4052-8597-bdbee3719f6b,00-0036264
Tyler Boyd,WR,,30.0,,Active,9.0,3225,3045144.0,29288.0,76a5edec-5ff7-49fa-a8ec-5768a372279d,00-0033009
Braxton Berrios,WR,NYG,30.0,,Active,8.0,5121,3123075.0,31180.0,18f0bd30-1432-4fae-9cb4-c212bad6d0bb,00-0034419
Matt Gay,K,LV,32.0,,Active,7.0,6083,4249087.0,31977.0,2b90e091-ef78-4753-93eb-0acf3632c206,00-0035269
,DEF,IND,,,,,IND,,,,
John Metchie,WR,CAR,25.0,,Active,4.0,8147,,,2995df34-ee81-4320-be1e-1c497b83c927,00-0037614
Erick All,TE,CIN,25.0,,Active,2.0,11592,,,5523779b-db60-4158-b232-8391bc7db65b,00-0039814
Nick Westbrook-Ikhine,WR,IND,29.0,,Active,6.0,7496,3929785.0,33348.0,5e63e674-adf3-4f4e-929e-4a0ff2cfb1df,00-0036182
Kalif Raymond,WR,CHI,31.0,,Active,10.0,3634,2973405.0,29631.0,e0a31d02-9d1c-4dab-adb4-a5d9bbee8b36,00-0032464
KhaDarel Hodge,WR,,31.0,,Active,8.0,5773,3047876.0,31769.0,6f124753-5c6c-454b-97c7-0f9b4d14e7c2,00-0034854
Cooper Rush,QB,,32.0,,Active,9.0,4574,2972515.0,30788.0,4595c8ea-9d85-4504-8a34-2c8a02349105,00-0033662
Hendon Hooker,QB,TEN,28.0,,Active,3.0,9998,,,25b10007-802d-4ebb-8314-3eb7b24ddc37,00-0038550
John FitzPatrick,TE,,25.0,,Active,4.0,8500,,,b221f4da-3c7c-4f51-b3f0-d2c68d5d9369,00-0037306
Chris Godwin,WR,TB,30.0,,Active,9.0,4037,3116165.0,30197.0,baa61bb5-f8d0-4f90-bbe2-028576b8d33d,00-0033921
Dallin Holker,TE,,25.0,,Active,1.0,11606,,,254a1f40-0572-11ef-8aed-f73fbdbd4575,00-0039613
Anthony Miller,WR,,30.0,,Active,7.0,5013,3050487.0,31021.0,bfaedf99-7618-4925-b362-90415c22a3b6,00-0034353
Dawson Knox,TE,BUF,29.0,,Active,7.0,5906,3930086.0,31928.0,5fb525c5-4e70-4ede-8c49-94ad0cf66b7d,00-0035689
Simi Fehoko,WR,ARI,28.0,,Active,5.0,7812,,,3860693c-99a2-4484-99db-1d43e3ff7fd4,00-0036646
K.J. Osborn,WR,TEN,29.0,,Active,6.0,7066,3916566.0,32846.0,3bf5c049-9daa-43ba-9758-c6c895a9d462,00-0036345
Montrell Washington,WR,,26.0,,Active,3.0,8475,,,90785e41-84ca-41b8-a7f8-47f20086275b,00-0037272
Xavier Weaver,WR,ARI,25.0,,Active,2.0,11921,,,ffd59710-0582-11ef-823c-c3942ac17525,00-0039521
Josh Johnson,QB,CIN,40.0,,Active,18.0,260,11394.0,8937.0,73e133bf-d3f7-4fda-bd25-2fde66cb8ee1,00-0026300
Taylor Heinicke,QB,,32.0,,Active,10.0,2711,2565969.0,28839.0,2c259733-ec2c-4e3c-bb7b-34dc0d37dc34,00-0031800
Collin Johnson,WR,,27.0,,Active,5.0,6857,4039043.0,32835.0,214ae0bc-d6ed-4216-a154-f253c85bb90b,00-0036254
Jimmy Garoppolo,QB,,34.0,,Active,12.0,1837,16760.0,27590.0,42de9d1d-0352-460b-9172-9452414fd7fd,00-0031345
Cameron Dicker,K,LAC,26.0,,Active,4.0,8259,,,ac5dd0b0-d060-11ec-b677-29e0f2526162,00-0037224
Will Mallory,TE,IND,26.0,,Active,3.0,10220,,,5d4a5e4f-7c74-4b4c-b8e5-33bb831e3057,00-0038394
Isiah Pacheco,RB,DET,27.0,,Active,4.0,8205,,,3a25c037-fa30-4740-b742-ec8e4f1a2a25,00-0037197
Kirk Cousins,QB,LV,37.0,,Active,14.0,1166,14880.0,25812.0,bbd0942c-6f77-4f83-a6d0-66ec6548019e,00-0029604
Allen Lazard,WR,,30.0,,Active,7.0,5185,3128390.0,31268.0,6a23db75-021b-4808-99e6-21a33d34202b,00-0034521
Jake Ferguson,TE,DAL,27.0,,Active,4.0,8110,,,f46eab3d-d7dd-4420-b3f9-6da9ac1308ab,00-0038041
Luke Farrell,TE,SF,28.0,,Active,5.0,7842,,,8a1f0e8e-6521-4a94-9934-ad4f76a25fd9,00-0036887
Curtis Samuel,WR,,29.0,,Active,9.0,4082,3121427.0,30153.0,66a21b6d-97e5-4732-8bb0-062145d6bbc6,00-0033282
Zach Ertz,TE,,35.0,,Active,13.0,1339,15835.0,26658.0,de3421f7-2147-4835-89a5-724e87bad463,00-0030061
Brady Russell,TE,SEA,27.0,,Active,3.0,11280,,,c3c08060-eb74-11ed-aecd-85bc826ed43e,00-0038488
Trey Benson,RB,ARI,23.0,,Active,2.0,11589,,,0c1253f2-1822-445d-8590-fea6fd32703f,00-0039921
Jake Bobo,WR,SEA,27.0,,Active,3.0,10867,,,7d80dd50-e9f5-11ed-9c34-3f26f2e7ed88,00-0038752
Isaiah Likely,TE,NYG,26.0,,Active,4.0,8131,,,f9279edb-cfa7-4f7d-91df-b81cbf3e133e,00-0037838
Patrick Mahomes,QB,KC,30.0,,Active,9.0,4046,3139477.0,30123.0,11cad59d-90dd-449c-a839-dddaba4fe16c,00-0033873
,DEF,ARI,,,,,ARI,,,,
Demarcus Robinson,WR,SF,31.0,,Active,10.0,3286,3043116.0,29360.0,46b16198-116f-4913-85db-2bc21462bd66,00-0032775
Isaiah Williams,WR,NYJ,25.0,,Active,2.0,11608,,,2ddb2f40-07bc-11ef-82d9-5f86367458d3,00-0039451
Shedeur Sanders,QB,CLE,24.0,,Active,1.0,12524,,,270e09bc-8bf8-44b0-87ed-1fd014de4ab7,00-0040668
Cody Thompson,WR,,29.0,,Active,6.0,6171,3126115.0,32367.0,16da963d-a300-4d72-8e4d-7771196c03e9,00-0035164
,DEF,SEA,,,,,SEA,,,,
Ja'Marr Chase,WR,CIN,26.0,,Active,5.0,7564,,,fa99e984-d63b-4ef4-a164-407f68a7eeaf,00-0036900
Grant Calcaterra,TE,PHI,27.0,,Active,4.0,8177,,,f6988cfa-2dcf-490b-ac80-9af8e4292efa,00-0037086
Calvin Austin,WR,NYG,27.0,,Active,4.0,8125,,,a95271f7-6dae-4b43-94fd-3ff04b15d4c4,00-0037837
Austin Trammell,WR,JAX,27.0,,Active,5.0,7746,,,c1d52f55-4c65-4b37-8457-f0dc028c85bc,00-0036841
Dyami Brown,WR,WAS,26.0,,Active,5.0,7587,,,0fb60ada-bdd3-4d74-8c98-058303a1649a,00-0036626
,DEF,LV,,,,,LV,,,,
Evan McPherson,K,CIN,26.0,,Active,5.0,7839,,,acc143ed-53b2-49c9-81bc-16e6c98ffcae,00-0036854
Jermaine Jackson,WR,,24.0,,Active,1.0,11897,,,9f2c6ea0-0570-11ef-af69-dfa5fe884ba6,00-0039614
Jalen Tolbert,WR,MIA,27.0,,Active,4.0,8117,,,c6fb9f3a-f8ff-4224-a5f6-4d2d09501c9c,00-0037666
Justin Herbert,QB,LAC,28.0,,Active,6.0,6797,4038941.0,32676.0,f0a8f8e3-b9e9-46ed-85e4-eec6452a8a44,00-0036355
Malik Turner,WR,SF,30.0,,Active,8.0,5781,3115928.0,31777.0,82a7e1ff-019a-4f4b-aeb6-c41420e44891,00-0034867
Tee Higgins,WR,CIN,27.0,,Active,6.0,6801,4239993.0,32703.0,7963b029-5de4-4541-b00a-44eefe4349af,00-0036410
Sam LaPorta,TE,DET,25.0,,Active,3.0,10859,,,3059f1e5-1871-4458-9e90-9b9917874c61,00-0039065
Maurice Alexander,WR,CHI,29.0,,Active,4.0,8921,,,8261c380-132b-11ed-86b5-f9dfd114f830,00-0037708
Jamari Thrash,WR,CLE,25.0,,Active,2.0,11633,,,1472d4aa-ffbf-4683-aa91-86bc4795b34e,00-0039379
Alex Erickson,WR,,32.0,,Active,9.0,3433,2977800.0,29703.0,6bb4d6f8-c8fb-4ca7-a416-a7010526114d,00-0032543
D'Onta Foreman,RB,,28.0,,Active,8.0,4111,3125116.0,30202.0,02779042-2b4e-4fa9-b598-364fe01b523a,00-0033925
Alex Bachman,WR,,29.0,,Active,7.0,6386,3919510.0,32124.0,427038d8-ff50-4d6e-a088-4fdb8bc2f0e3,00-0035602
Pharaoh Brown,TE,,31.0,,Active,9.0,4443,2971281.0,30627.0,6733b953-de77-44e5-acbf-c2d3a0940243,00-0033439
Jacob Saylors,RB,DET,25.0,,Active,3.0,11237,,,99a7f770-ea18-11ed-a93b-a93886fe0bfd,00-0038896
Britain Covey,WR,PHI,29.0,,Active,4.0,8414,,,75774350-ce18-11ec-bebb-4fec1e38b0e5,00-0037132
DeMario Douglas,WR,NE,25.0,,Active,3.0,9501,,,962496d4-9ffa-471b-8dd2-fc5e60fee84b,00-0038621
Jalen Nailor,WR,LV,27.0,,Active,4.0,8180,,,3f9e3634-54d7-46a4-bf26-67274500c907,00-0037291
Luther Burden,WR,CHI,22.0,,Active,1.0,12519,,,a4c21977-c9d1-40f8-abee-0862dfab9195,00-0040735
Dontayvion Wicks,WR,PHI,25.0,,Active,3.0,9486,,,ea3d1393-8c3b-4e81-a519-f636d28d692e,00-0038393
,DEF,NYJ,,,,,NYJ,,,,
Brashard Smith,RB,KC,23.0,,Active,1.0,12455,,,3170164a-1718-4a39-9ef2-e18104e35fef,00-0040078
Lamar Jackson,QB,BAL,29.0,,Active,8.0,4881,3916387.0,31002.0,e06a9c07-453a-4bb0-a7e9-2c3a64166dad,00-0034796
Jake Moody,K,WAS,26.0,,Active,3.0,10937,,,e7a7eaea-0f77-42ab-b6a2-12ebcf51227c,00-0038562
Jalen McMillan,WR,TB,24.0,,Active,2.0,11618,,,c2b25795-8c63-425a-8790-f6d626dbf0d3,00-0039855
Jeremy McNichols,RB,WAS,30.0,,Active,9.0,4219,3127586.0,30275.0,25cc3585-6194-4786-968a-2600db46b6c6,00-0033955
Dalevon Campbell,WR,LAC,24.0,,Active,1.0,13202,,,10e1f570-2f6d-11f0-83ff-1b0af9d7582e,00-0040629
Davante Adams,WR,LAR,33.0,,Active,12.0,2133,16800.0,27581.0,e7d6ae25-bf15-4660-8b37-c37716551de3,00-0031381
Aaron Rodgers,QB,PIT,42.0,,Active,21.0,96,8439.0,7200.0,0ce48193-e2fa-466e-a986-33f751add206,00-0023459
Deebo Samuel,WR,,30.0,,Active,7.0,5872,3126486.0,31868.0,628a6a0a-4fde-4024-8d7c-28674953d5af,00-0035719
Troy Hairston,RB,,26.0,,Active,3.0,8820,,,c4ae1ed0-d32c-11ec-a99e-3305165b8d4a,00-0037456
Brenton Strange,TE,JAX,25.0,,Active,3.0,9480,,,94f135f7-9d54-4cbd-b560-fcaf83d414b0,00-0038935
Tyler Shough,QB,NO,26.0,,Active,1.0,12545,,,94b8f9e1-3109-4429-8f71-4f79d7588237,00-0040743
Tyrod Taylor,QB,GB,36.0,,Active,15.0,827,14163.0,24967.0,7f3ef024-eb34-46af-8b9e-544cdf09378f,00-0028118
Chase McLaughlin,K,TB,30.0,,Active,7.0,6650,3150744.0,32417.0,12d28404-63e1-432f-adde-c93631a5c39c,00-0035358
Baker Mayfield,QB,TB,31.0,,Active,8.0,4892,3052587.0,30971.0,30198d30-9769-4e10-ac86-b4c91d940802,00-0034855
James Conner,RB,ARI,31.0,,Active,9.0,4137,3045147.0,30218.0,28a084c0-14df-499f-bd1f-b975603626b7,00-0033553
Dorian Thompson-Robinson,QB,,25.0,,Active,2.0,10862,,,d66ae3ad-8a60-47e7-a3b2-18a1e8377e1b,00-0038583
Jeremy Ruckert,TE,NYJ,25.0,,Active,4.0,8145,,,28f3732b-0910-4d09-9fd4-e43b821dc5bb,00-0037805
Tyler Warren,TE,IND,24.0,,Active,1.0,12518,,,c8fe3913-1210-4142-b9c1-c119ef702ca5,00-0040128
Andre Szmyt,K,CLE,27.0,,Active,4.0,11261,,,25f0b180-ead8-11ed-86b8-630d0ad2d5af,00-0038428
Nyheim Miller-Hines,RB,,29.0,,Active,8.0,5347,3916430.0,31074.0,ed5bcd2c-6335-4c0b-93b7-2116684a9b02,00-0034367
Sean Tucker,RB,TB,24.0,,Active,3.0,9506,,,6d616c10-f35e-11ed-b721-9b68b08a2e09,00-0038951
Michael Carter,RB,TEN,27.0,,Active,5.0,7607,,,7f119181-4c9f-4a9f-bccc-357277b64a8d,00-0036924
Christian Watson,WR,GB,27.0,,Active,4.0,8167,,,47d97f44-b4aa-46d2-816c-5b5a1fe48d46,00-0038124
Tyrion Davis-Price,RB,,24.0,,Active,3.0,8211,,,052cdbeb-f758-4110-ac1a-675cd0335db9,00-0037827
Jermar Jefferson,RB,,26.0,,Active,5.0,7599,,,de456390-b27b-4146-87b9-0267f1ea8db4,00-0036670
Nathan Carter,RB,ATL,24.0,,Active,1.0,12897,,,be0e5b20-2479-11f0-8e28-d7828261d278,00-0040547
Will Levis,QB,TEN,26.0,,Active,3.0,9999,,,4c8a2f7e-f982-4eca-9d52-cf53df6985a4,00-0039152
Tre' Harris,WR,LAC,24.0,,Active,1.0,12509,,,a45328a1-7d0e-451a-8176-ea30f0e1c86f,00-0040727
Jakobi Meyers,WR,JAX,29.0,,Active,7.0,5947,3916433.0,32231.0,73e194d1-a4b7-4de4-b1c2-3c24ef502918,00-0034960
Isaac Guerendo,RB,SF,25.0,,Active,2.0,11651,,,eac64b21-6e9e-447a-bf18-8a00b5c12871,00-0039363
Jude McAtamney,K,,25.0,,Active,1.0,12385,,,59390ff0-0eeb-11ef-966f-a152cdc308bf,00-0039934
Lucas Havrisik,K,GB,26.0,,Active,4.0,8932,,,acb45400-339b-11ed-bc62-03fa2e99e805,00-0038152
Tyler Higbee,TE,LAR,33.0,,Active,10.0,3271,2573401.0,29344.0,0df7912d-9e81-47ea-b4f7-d04986df4ee8,00-0033110
Nick Chubb,RB,,30.0,,Active,8.0,4988,3128720.0,31005.0,4bd60b33-9fbf-4156-ba2b-8264ac37b418,00-0034791
Cordarrelle Patterson,RB,,34.0,,Active,12.0,1535,15807.0,26652.0,da85107c-365c-4d58-90ab-479d97d798b4,00-0030578
Ricky Pearsall,WR,SF,25.0,,Active,2.0,11638,,,aca4c1b8-915f-4295-92e4-05b51feee6b1,00-0039916
Emeka Egbuka,WR,TB,23.0,,Active,1.0,12514,,,00cea287-1fa0-4584-803f-59f546ef8722,00-0040129
Kyle Trask,QB,,27.0,,Active,5.0,7605,,,13038760-a019-4e2a-9aea-f13d7dce5bda,00-0036928
Nico Collins,WR,HOU,27.0,,Active,5.0,7569,,,bd56a50c-5fae-4ee2-8363-f74ae07b6887,00-0036554
Craig Reynolds,RB,,29.0,,Active,7.0,6659,4421446.0,32596.0,0deb1dc9-0945-470d-8352-220d26d03d7d,00-0035567
Bryce Young,QB,CAR,24.0,,Active,3.0,9228,,,38475bfa-9773-4c3b-9157-a0dbd576fa22,00-0039150
Terrance Ferguson,TE,LAR,23.0,,Active,1.0,12487,,,fdfc7b8e-a202-4459-91f8-be6e053e5d29,00-0040737
,DEF,DAL,,,,,DAL,,,,
Ronnie Bell,WR,NO,26.0,,Active,3.0,10221,,,ba06804a-b84c-408a-8ef6-5226d8424479,00-0038647
Josh Oliver,TE,MIN,29.0,,Active,7.0,5973,3921690.0,31901.0,dc83f7af-7b30-4c4a-9c93-f67bd8db954b,00-0035249
Jordan Mason,RB,MIN,27.0,,Active,4.0,8408,,,af9f7390-ca80-11ec-97ae-e1573849d1a6,00-0037525
Luke McCaffrey,WR,WAS,25.0,,Active,2.0,11650,,,5cfd82f8-9e73-48d7-914e-9051ff52d67d,00-0039355
Jake Elliott,K,PHI,31.0,,Active,9.0,4195,3050478.0,30266.0,059e5bb7-1842-4558-9aaf-77c352a21216,00-0033787
Rico Dowdle,RB,PIT,28.0,,Active,6.0,7021,4038815.0,33100.0,bba755a2-63b6-4ac1-b806-0609816135de,00-0036139
Mason Tipton,WR,NO,25.0,,Active,2.0,11895,,,91918b20-0572-11ef-96c1-f73e6ad39631,00-0039623
Roman Wilson,WR,PIT,24.0,,Active,2.0,11630,,,43563ab6-46b9-44d3-aaf2-bc1eb4d1f8d1,00-0039739
Tyler Huntley,QB,BAL,28.0,,Active,6.0,7083,4035671.0,32993.0,7c226f73-a59f-4db6-ad98-2766d05d4d5a,00-0035993
George Pickens,WR,DAL,25.0,,Active,4.0,8137,,,018e8f25-54e5-44f1-967a-7ff237f1c52f,00-0037247
Alexander Mattison,RB,,27.0,,Active,7.0,5987,4048244.0,31934.0,ae4faec0-509d-4080-b5cb-d1a44d062858,00-0034972
Treylon Burks,WR,WAS,26.0,,Active,4.0,8135,,,45763342-0208-46ab-a5d2-6c6e4ff66b66,00-0037742
Tommy Tremble,TE,CAR,26.0,,Active,5.0,7694,,,cbee2fd3-e5f2-4316-bffd-531f1873f032,00-0037005
Tucker Kraft,TE,GB,25.0,,Active,3.0,9484,,,3a084c5f-6b9f-4703-a0c7-1566bc4b1129,00-0038996
Jake Haener,QB,,27.0,,Active,3.0,10215,,,70376919-8220-4128-a089-72d5b10f2346,00-0038998
Theo Johnson,TE,NYG,25.0,,Active,2.0,11597,,,a5d4bb1d-c130-47c2-808a-2dd1f85005fb,00-0039847
John Kelly,RB,,28.0,,Active,7.0,5076,3915381.0,31145.0,27156b0b-e82d-4d02-8a04-ca1891d77110,00-0034808
Braelon Allen,RB,NYJ,22.0,,Active,2.0,11576,,,d7f72deb-c1e2-47a2-b651-887f0e33dc44,00-0039794
Elijah Moore,WR,PHI,26.0,,Active,5.0,7596,,,b1935e20-6bd6-4863-8d7e-702ec403491f,00-0036980
Garrett Wilson,WR,NYJ,25.0,,Active,4.0,8146,,,68d72fe0-79b2-4fdb-afd5-6c79676e77f3,00-0037740
Mike Boone,RB,,30.0,,Active,7.0,5209,3139033.0,31228.0,9424475a-fba7-4bfd-b79c-f372ad28082a,00-0034208
Austin Ekeler,RB,,30.0,,Active,9.0,4663,3068267.0,30423.0,e5b8c439-a48a-4f83-b63b-1a4d30e04cd3,00-0033699
Keaton Mitchell,RB,LAC,24.0,,Active,3.0,9511,,,16341d80-f01f-11ed-97df-a94b89ac5704,00-0038454
Chris Blair,WR,ATL,28.0,,Active,5.0,7521,,,9281d541-8bcb-4785-a02e-76150910898e,00-0036463
Tahj Brooks,RB,CIN,24.0,,Active,1.0,12543,,,8d50af87-f6dc-42cb-a7e7-11716667a1dc,00-0040208
Kristian Wilkerson,WR,,29.0,,Active,6.0,7438,3910176.0,33349.0,b9a6720d-9c6f-46f2-bcee-b80550026437,00-0036183
Zane Gonzalez,K,MIA,31.0,,Active,9.0,4233,3043234.0,30337.0,cd0f4ef0-9914-4125-be4d-804a72350ceb,00-0033862
Tyler Badie,RB,DEN,26.0,,Active,4.0,8208,,,e62678b9-9816-420f-bf86-398e7fea7063,00-0037085
,DEF,WAS,,,,,WAS,,,,
Blake Corum,RB,LAR,25.0,,Active,2.0,11586,,,93ba1da2-3679-4ddc-9687-0802349f9ee2,00-0039738
Daniel Bellinger,TE,TEN,25.0,,Active,4.0,8225,,,42a1c03e-790e-46ba-b0d5-d304e44c02c7,00-0038115
Lil'Jordan Humphrey,WR,DEN,28.0,,Active,7.0,5938,4039057.0,32494.0,b7f930af-ddd2-4a48-9617-96bda81b0334,00-0035406
Kaleb Johnson,RB,PIT,22.0,,Active,1.0,12504,,,9738de9a-7626-460f-a786-28433ef70a1f,00-0040142
Woody Marks,RB,HOU,25.0,,Active,1.0,12474,,,b900661b-b5df-47c8-819d-bb13b106a60b,00-0040583
Cody Schrader,RB,DEN,26.0,,Active,2.0,11644,,,70c949c0-057f-11ef-ae83-716cc96c95b8,00-0039703
JuJu Smith-Schuster,WR,NYG,29.0,,Active,9.0,4040,3120348.0,30175.0,9547fbb1-0d4f-4d9e-83b9-e2fa30463bb9,00-0033857
Skylar Thompson,QB,BAL,29.0,,Active,4.0,8206,,,5ba2c367-a293-4d83-9268-a0e392ebca1a,00-0037327
British Brooks,RB,HOU,26.0,,Active,2.0,12171,,,2ef88b80-07cf-11ef-96cf-876a6c13e638,00-0039603
Tyreek Hill,WR,,31.0,,Active,10.0,3321,3116406.0,29399.0,01d8aee3-e1c4-4988-970a-8c0c2d08bd83,00-0033040
Tim Jones,WR,JAX,28.0,,Active,5.0,8013,,,b4dadef6-a938-4b34-b83c-b64d4a297e02,00-0036497
,DEF,LAC,,,,,LAC,,,,
Peyton Hendershot,TE,,25.0,,Active,3.0,8197,,,944893b0-d30e-11ec-8b77-45b1765fd110,00-0037569
Mike Evans,WR,SF,32.0,,Active,12.0,2216,16737.0,27535.0,c48c21d9-0ae5-478c-ad34-30a660cfa9b8,00-0031408
Tutu Atwell,WR,MIA,26.0,,Active,5.0,7562,,,7dc49535-f9dd-44b0-94f2-08ac6470130b,00-0036849
Tyler Allgeier,RB,ARI,26.0,,Active,4.0,8132,,,f4529909-1a02-4f4b-a1f3-315cad100683,00-0037263
Jimmy Horn,WR,CAR,23.0,,Active,1.0,12523,,,f15872a6-7bc1-41e4-a2cd-0a2fbc432bf7,00-0040218
Julius Chestnut,RB,TEN,25.0,,Active,4.0,8254,,,873860f0-cca2-11ec-9e80-cff885fdbae7,00-0037594
Nikola Kalinic,TE,CHI,29.0,,Active,4.0,8107,,,6aed0540-7ec8-11ec-8905-19cf1c3e187f,00-0037031
RJ Harvey,RB,DEN,25.0,,Active,1.0,12489,,,fc6dbb83-b2b1-4962-b793-e79b2378b525,00-0040730
Bailey Zappe,QB,NYJ,27.0,,Active,4.0,8157,,,14926860-abef-45a9-b8f6-e66103ca6029,00-0038108
Velus Jones,WR,SEA,29.0,,Active,4.0,8223,,,318b263d-8910-4e46-afe3-5860092ab260,00-0037745
Hunter Long,TE,JAX,27.0,,Active,5.0,7535,,,ebc576d0-a98b-4f82-aaf9-901a3911487d,00-0037004
Savion Williams,WR,GB,24.0,,Active,1.0,12482,,,06fb642c-b10b-4b23-966a-13668a7c4426,00-0040009
Owen Wright,RB,,27.0,,Active,3.0,11384,,,53cbf000-f01f-11ed-97df-a94b89ac5704,00-0038458
Bryce Oliver,WR,TEN,26.0,,Active,2.0,11959,,,e88c3c70-06fa-11ef-92ba-0de371d8ef1a,00-0039650
Deven Thompkins,WR,BUF,26.0,,Active,4.0,8253,,,4c6f79d0-d3dd-11ec-8afa-57d9afd0ecba,00-0037487
Irv Charles,WR,SEA,29.0,,Active,4.0,8861,,,f8578e10-d3bd-11ec-96a0-c3471a31202c,00-0037156
Tim Patrick,WR,NYJ,32.0,,Active,9.0,4351,3134353.0,30511.0,2a443351-5e63-4a49-819e-912b51a745f2,00-0033375
Jamison Crowder,WR,,31.0,,Active,10.0,2410,2576716.0,28493.0,8002dd5e-a75a-4d72-9a8c-0f4dbc80d459,00-0031941
Evan Hull,RB,HOU,25.0,,Active,3.0,9220,,,20d82a85-0128-499a-9330-2906af3cbb09,00-0038397
Tony Jones,RB,,27.0,,Active,5.0,6984,4046676.0,33114.0,83d4c4c3-3c40-49b1-8b86-25d256a0b5ad,00-0035860
Ben Sinnott,TE,WAS,24.0,,Active,2.0,11596,,,b5c717af-9116-483c-9ab3-c9db0a988ab8,00-0039912
Derrick Henry,RB,BAL,32.0,,Active,10.0,3198,3043078.0,29279.0,87c481c7-7414-43cc-82df-19ca0c2ae22e,00-0032764
Cam Ward,QB,TEN,24.0,,Active,1.0,12522,,,3c76cab3-3df2-43dd-acaa-57e055bd32d0,00-0040676
Ke'Shawn Vaughn,RB,,28.0,,Active,5.0,6885,3917612.0,32746.0,4b0a90db-f007-4ac1-8542-b531342b9da5,00-0036450
Jerome Ford,RB,WAS,26.0,,Active,4.0,8143,,,cdc61676-6592-43f9-a4a6-d29ce52ac8f4,00-0037267
D'Ernest Johnson,RB,,29.0,,Active,7.0,6694,3139602.0,32608.0,f46e812f-14c6-4af8-9316-01a880adebc5,00-0035628
Tai Felton,WR,MIN,23.0,,Active,1.0,12496,,,1eeea030-3313-4aab-b33c-9f836710354a,00-0040154
Robbie Ouzts,RB,SEA,23.0,,Active,1.0,12656,,,fc472cd5-1a00-4bd9-ab41-6eb7e50f0d21,00-0040649
Devin Duvernay,WR,ARI,28.0,,Active,6.0,6847,4039050.0,32762.0,d93dbc83-e604-4823-a24e-d162cbd8d4d9,00-0036331
Tim Boyle,QB,,30.0,,Active,7.0,5257,3045169.0,31431.0,d897b70f-29d9-477e-a72a-c9bfbadb70d3,00-0034177
DeAndre Carter,WR,,32.0,,Active,11.0,2750,2580216.0,28947.0,9ae2584a-40c1-4b30-be34-a9567659eacd,00-0031763
Puka Nacua,WR,LAR,25.0,,Active,3.0,9493,,,111be44d-7bc2-4cad-934d-c9e946293b2f,00-0039075
Andrei Iosivas,WR,CIN,26.0,,Active,3.0,10226,,,30c0df5e-bb77-4eee-8390-8fc13844e1c3,00-0038619
JaMycal Hasty,RB,,29.0,,Active,6.0,6996,3928925.0,33199.0,c6c50d09-f14f-41c2-9eb3-87514f0121f6,00-0035806
Malachi Corley,WR,CLE,24.0,,Active,2.0,11617,,,bae59933-8b94-4837-990e-f0a4ced3cdbb,00-0039920
,DEF,TB,,,,,TB,,,,
Calvin Ridley,WR,TEN,31.0,,Active,8.0,4981,3925357.0,30996.0,926e2674-52d6-4cec-9991-46ee85cc8cfd,00-0034837
Josh Reynolds,WR,,31.0,,Active,9.0,4171,3115306.0,30230.0,682eda79-0026-4ad8-8f45-a61ce42cb908,00-0033943
Jack Stoll,TE,CLE,28.0,,Active,5.0,7946,,,0560d134-d316-4cda-9d48-34d32267af68,00-0036741
Brayden Willis,TE,SF,26.0,,Active,3.0,10224,,,733cc366-53e3-4703-a2fc-2aa860272cf3,00-0038643
Kenny Pickett,QB,CAR,28.0,,Active,4.0,8160,,,ef7ae1f1-4ebe-4759-bbb3-32bd177ace08,00-0038102
Darnell Washington,TE,PIT,24.0,,Active,3.0,9479,,,1984b8b5-d206-4d6a-8204-c5dd0160e9f5,00-0038558
Will Shipley,RB,PHI,23.0,,Active,2.0,11577,,,796e223d-e8d5-42ab-afb4-557fa6183357,00-0039746
Chimere Dike,WR,TEN,24.0,,Active,1.0,12540,,,1e95c7fc-ecf7-4fcb-82d8-d77e2b6872d5,00-0040705
,DEF,CLE,,,,,CLE,,,,
A.J. Brown,WR,NE,28.0,,Active,7.0,5859,4047646.0,31883.0,a9e580f2-1fbe-46fb-887c-c84089b507e4,00-0035676
Christian McCaffrey,RB,SF,30.0,,Active,9.0,4034,3117251.0,30121.0,f96db0af-5e25-42d1-a07a-49b4e065b364,00-0033280
Gunner Olszewski,WR,NYG,29.0,,Inactive,7.0,6699,4424106.0,32612.0,625a1777-dd9a-48c6-b512-c450b0914450,00-0035645
Diontae Johnson,WR,,29.0,,Active,6.0,5937,3932905.0,31898.0,244c00c7-fe9a-4f4f-adff-1d5b9c8877e7,00-0035216
Justin Fields,QB,KC,27.0,,Active,5.0,7591,,,cf15be8f-9117-4531-a517-2b9c7cb3e9e1,00-0036945
Cade York,K,NYJ,25.0,,Active,4.0,8258,,,ddb98961-3c13-4f6b-9e9f-3bea91a080e8,00-0038097
Amari Cooper,WR,,31.0,,Active,10.0,2309,2976499.0,28392.0,00f88be8-45f9-4237-b2b8-3271ec790d07,00-0031544
Saquon Barkley,RB,PHI,29.0,,Active,8.0,4866,3929630.0,30972.0,9811b753-347c-467a-b3cb-85937e71e2b9,00-0034844
Mike Williams,WR,,30.0,,Active,8.0,4068,3045138.0,30120.0,12f27311-7cd6-4ca5-ba7d-571e9de5e1eb,00-0033536
James Mitchell,TE,CAR,26.0,,Active,4.0,8170,,,f461da0c-f764-414c-9e0d-2f02e22a68d8,00-0037282
Jason Sanders,K,NYJ,30.0,,Active,8.0,5119,3124679.0,31199.0,5ffb654f-0de5-424b-aa2f-ad511deb5b51,00-0034794
Tony Pollard,RB,TEN,29.0,,Active,7.0,5967,3916148.0,31960.0,33b0227d-4c21-4e71-b4cd-be35f7db9123,00-0035261
Michael Bandy,WR,DEN,28.0,,Active,5.0,8076,,,ec7af934-a7f3-40f5-9fc0-210022dd6180,00-0036959
George Holani,RB,SEA,26.0,,Active,2.0,12048,,,971a3930-0724-11ef-a47d-6f7fe8c7bc97,00-0039299
Clayton Tune,QB,,27.0,,Active,3.0,10217,,,b2810d1e-3ea7-4907-bb34-93b40e893c08,00-0038582
Jaylin Lane,WR,WAS,24.0,,Active,1.0,12641,,,2ec24c7a-8d5d-453a-b45d-03eb27c645d0,00-0040164
Tre Tucker,WR,LV,25.0,,Active,3.0,10213,,,9beb72c5-5a81-413c-ada3-ff4854c95cf4,00-0038563
Trey McBride,TE,ARI,26.0,,Active,4.0,8130,,,734d54cc-c869-4e2f-a60f-c59c493f5110,00-0037744
Quintin Morris,TE,JAX,27.0,,Active,5.0,7536,,,eab74cbc-ed11-46b3-bd16-1d4c997adc22,00-0036590
Alec Pierce,WR,IND,26.0,,Active,4.0,8142,,,a67ee8f8-e9de-4fb9-90b6-edca2f83f6d8,00-0037664
Joshua Kelley,RB,,27.0,,Active,5.0,7045,3910544.0,32782.0,62542e04-3c44-4b75-8165-be674c8be75f,00-0036370
Kedon Slovis,QB,ARI,25.0,,Active,2.0,11648,,,4842ee80-07d1-11ef-977b-d7c6de486031,00-0039577
Hunter Henry,TE,NE,31.0,,Active,10.0,3214,3046439.0,29269.0,705899da-3c20-4bc3-b5d0-2e6e40655131,00-0033090
Mitchell Trubisky,QB,TEN,31.0,,Active,9.0,3976,3039707.0,30115.0,7a1b8f1a-9024-4897-86b0-01c63e00305e,00-0033869
Trevor Lawrence,QB,JAX,26.0,,Active,5.0,7523,,,aaa8b42c-4d87-45f6-bfd2-e31cfed9a736,00-0036971
Jaxson Dart,QB,NYG,23.0,,Active,1.0,12508,,,53848cba-bcad-4cd0-bb35-0a1f6ed111d1,00-0040691
Jaheim Bell,TE,PIT,25.0,,Active,2.0,11605,,,c9b2f6f5-b8bc-48ca-ac33-fa18883c2f6b,00-0039420
Evan Engram,TE,DEN,31.0,,Active,9.0,4066,3051876.0,30136.0,e21365af-8d66-416e-b0a5-8816d18fcfd9,00-0033881
Jacory Croskey-Merritt,RB,WAS,25.0,,Active,1.0,12533,,,202b8be6-40d2-49ed-b256-312ac45ec70f,00-0040242
Chris Manhertz,TE,NYG,34.0,,Active,11.0,3048,2531358.0,28365.0,7c7b5515-7786-4e24-9ce0-34e6a8bd5727,00-0031484
Ezekiel Elliott,RB,,29.0,,Active,9.0,3164,3051392.0,29238.0,bef8b2b4-78bd-4a4d-bb5d-6b55ada9ef6a,00-0033045
Antonio Gibson,RB,,27.0,,Active,6.0,6945,4360294.0,32736.0,c0a8a5d0-583f-457a-9d96-70027d3f69e7,00-0036328
Josh Williams,RB,TB,25.0,,Active,1.0,12787,,,bfb346f0-2318-11f0-81b8-b7cb2fd8d89b,00-0040429
Matt Prater,K,,41.0,,Active,20.0,17,11122.0,8565.0,67f5e782-f91c-4536-9818-cf4a0e7e821d,00-0023853
Teagan Quitoriano,TE,ARI,26.0,,Active,4.0,8227,,,06cb6aff-c81e-4553-95ba-467187f408d4,00-0037277
J.J. McCarthy,QB,MIN,23.0,,Active,2.0,11565,,,587cc3c3-aeda-4ac7-8803-a7e4db195534,00-0039923
Sincere McCormick,RB,SF,25.0,,Active,4.0,8220,,,2e808f70-d3a3-11ec-96a0-c3471a31202c,00-0037509
Rashid Shaheed,WR,SEA,27.0,,Active,4.0,8676,,,e1ecc660-cc9f-11ec-952e-a10f2c98fc4d,00-0037545
Olamide Zaccheaus,WR,ATL,28.0,,Active,7.0,6271,3917914.0,32123.0,d8281390-f081-41e5-b55e-75779536fe94,00-0035208
Ramel Keyton,WR,,24.0,,Active,1.0,11885,,,fa040100-0500-11ef-a92c-7305b2360f34,00-0039543
Austin Seibert,K,,28.0,,Active,6.0,6219,3821683.0,32002.0,bd1f047a-978f-4643-b55f-f4d3b0719a4e,00-0035145
Will Reichard,K,MIN,25.0,,Active,2.0,11792,,,6f667582-b880-4c41-a105-59c347a36c0d,00-0039404
Isaiah Hodgins,WR,NYG,27.0,,Active,6.0,6920,4242540.0,32877.0,1d1c217b-6407-40d7-aebb-ba95fa05d127,00-0036165
Ashton Jeanty,RB,LV,22.0,,Active,1.0,12527,,,320fc4b7-76c7-43af-bbfd-1a22ba8f78cb,00-0040122
Jonathan Mingo,WR,DAL,25.0,,Active,3.0,10225,,,6cf0c82d-87e4-4cfc-8475-77667ed92796,00-0039062
Riley Leonard,QB,IND,23.0,,Active,1.0,12470,,,38b62d7f-4403-4e2b-8083-4d0cd08e81aa,00-0040206
Mitchell Evans,TE,CAR,23.0,,Active,1.0,12473,,,788b494d-d624-46ae-a956-81bd10f6a044,00-0040187
,DEF,ATL,,,,,ATL,,,,
Chris Rodriguez,RB,JAX,26.0,,Active,3.0,10219,,,ae5c4758-cb53-4f17-8763-b91381036af3,00-0038611
Mecole Hardman,WR,BUF,28.0,,Active,7.0,5917,4035004.0,31888.0,fe6dc768-d576-476c-b150-53b85af2a1d1,00-0035140
DJ Moore,WR,BUF,29.0,,Active,8.0,4983,3915416.0,30994.0,d8202e6d-d03b-4cd1-a793-ff8fd39d9755,00-0034827
Dallas Goedert,TE,PHI,31.0,,Active,8.0,5022,3121023.0,31019.0,e8029983-87cf-49a2-bc04-04c8233a0630,00-0034351
,DEF,CAR,,,,,CAR,,,,
Mason Kinsey,WR,TEN,27.0,,Active,6.0,7436,4057082.0,33351.0,4d14a6cd-273f-4cf4-aac0-7fe041b6c650,00-0036176
Adam Thielen,WR,,35.0,,Active,13.0,1689,16460.0,27277.0,2fa2b2da-4aa9-44b5-b27e-56876dfe2ad4,00-0030035
Ben Sims,TE,MIA,26.0,,Active,3.0,11082,,,cef32a80-e761-11ed-ac46-e3b4ebd723e5,00-0038809
Kaden Davis,WR,CHI,27.0,,Active,4.0,8755,,,acb316b0-d24f-11ec-b16e-cf7159baf83d,00-0037380
Brayden Narveson,K,,25.0,,Active,1.0,11949,,,4ba68790-06ef-11ef-86ff-fd9ee14639a0,00-0039649
Ollie Gordon,RB,MIA,22.0,,Active,1.0,12495,,,42753bb4-a416-4d40-bf81-f20d2181be2f,00-0040198
Robert Tonyan,TE,PIT,32.0,,Active,9.0,4602,2975674.0,30777.0,7c9c7800-69d0-459b-812b-a07ac48e9f2a,00-0033757
Eric Saubert,TE,SEA,32.0,,Active,9.0,4189,2975863.0,30287.0,582dc00e-e7ec-4ca7-bff0-f7b1d604017b,00-0033576
Brandon Powell,WR,,29.0,,Active,7.0,5695,3115255.0,31641.0,5ec01774-4a79-40aa-be4a-e33c71bd5bf4,00-0034646
Tyler Conklin,TE,DET,30.0,,Active,8.0,5133,3122920.0,31220.0,f0d17dfa-ebf3-416c-a8d2-c6bc30675103,00-0034270
Keaontay Ingram,RB,,26.0,,Active,4.0,8221,,,9b212b70-ccc3-4c77-ba73-09afeb929225,00-0037299
KaVontae Turpin,WR,DAL,29.0,,Active,4.0,8917,,,2dfd63d0-0e8a-11ed-a8f4-191ad3c6932a,00-0037801
Tyrone Tracy,RB,NYG,26.0,,Active,2.0,11655,,,fc6c7973-79a9-4974-855e-bc13400fe641,00-0039384
Max Brosmer,QB,MIN,25.0,,Active,1.0,12775,,,921d4a00-230f-11f0-8931-09b8041f90bf,00-0040494
Tyler Lockett,WR,,33.0,,Active,11.0,2374,2577327.0,28457.0,dffa69ad-331e-4f09-ae38-40a5a4406be6,00-0032211
James Proche,WR,,29.0,,Active,6.0,6957,3916204.0,32871.0,c65488d4-251e-40fc-9f32-7019bbdaf75e,00-0036133
Brandon Allen,QB,NYG,33.0,,Active,10.0,3357,2574511.0,29435.0,a8c3bcd7-69d0-4c5e-a876-6b33857942bc,00-0032434
Matthew Wright,K,,29.0,,Active,7.0,6268,3128444.0,32174.0,f0c7de3c-9e8b-4c3d-b42f-985f29ce163f,00-0035189
Rashee Rice,WR,KC,26.0,,Active,3.0,10229,,,cbd73c09-da07-48b0-a0d6-f248dfa631b6,00-0039067
,DEF,JAX,,,,,JAX,,,,
De'Von Achane,RB,MIA,24.0,,Active,3.0,9226,,,a4ef921b-8767-4b4f-a651-7675c00f9af0,00-0039040
Marvin Mims,WR,DEN,24.0,,Active,3.0,9494,,,fcd780e6-6d43-4c2e-b740-59ae09911345,00-0038976
Hayden Hurst,TE,,31.0,,Active,7.0,4973,3924365.0,30995.0,1b125fc4-5dd9-4eb9-a42f-048e61ca42b7,00-0034830
Michael Penix,QB,ATL,26.0,,Active,2.0,11559,,,6499a161-b221-4591-b122-d99ece1be64b,00-0039917
Mike Gesicki,TE,CIN,30.0,,Active,8.0,4993,3116164.0,31012.0,1012cbe0-7eba-4169-bfca-183a0204e1a7,00-0034829
,DEF,LAR,,,,,LAR,,,,
Amar Johnson,RB,LAC,23.0,,Active,1.0,12928,,,9ec3d420-250a-11f0-aaad-b190600d09cf,00-0040039
Gus Edwards,RB,,29.0,,Active,7.0,5248,3051926.0,31424.0,3ffc3993-461e-4477-9def-c9633b7feac1,00-0034184
Troy Franklin,WR,DEN,23.0,,Active,2.0,11627,,,765dffd8-8112-4078-86a1-924ccebf1069,00-0039868
Eric Tomlinson,TE,,32.0,,Active,10.0,2755,2511973.0,28658.0,b3d7169b-9cf6-4fea-815a-26e4fb0ec16a,00-0031690
Hunter Renfrow,WR,,30.0,,Active,7.0,5955,3135321.0,31981.0,34c523c7-bc58-49f0-a9cc-f9edd91fe00f,00-0034983
Dante Miller,RB,NYG,27.0,,Active,2.0,11654,,,6e0c07b0-f42a-11ee-88d0-f12fe77edfe4,00-0039230
Adam Trautman,TE,DEN,29.0,,Active,6.0,6869,3911853.0,32775.0,4e14183b-f974-4745-9d7f-8f5eb2a92a7d,00-0036422
Deonte Harty,WR,,27.0,,Active,6.0,6234,4411193.0,32398.0,8f1147cb-3040-4128-b113-5813816241ec,00-0035215
Bijan Robinson,RB,ATL,24.0,,Active,3.0,9509,,,f78d68c2-f9da-48e7-b954-26b69efd828d,00-0038542
DeVonta Smith,WR,PHI,27.0,,Active,5.0,7525,,,3555d07e-57ae-43de-97d5-b1b5bf055f17,00-0036912
Travis Hunter,WR,JAX,23.0,,Active,1.0,12530,,,4a975d4c-d7cd-45ef-b258-db45187140eb,00-0040718
Tommy DeVito,QB,NE,27.0,,Active,3.0,11292,,,a1ae8db0-eb91-11ed-a4cb-cd397e2b413c,00-0038476
Devin Neal,RB,NO,22.0,,Active,1.0,12476,,,4ef874c1-50c3-4120-9199-0d5a4ae7c6dd,00-0040202
Shane Buechele,QB,BUF,28.0,,Active,5.0,8002,,,d7c63db7-dfe8-4cd6-a684-90342d12fa26,00-0036679
David Bell,WR,,24.0,,Active,3.0,8118,,,169faab3-b52b-40ab-93ea-a08139f3fadb,00-0037257
Tyler Goodson,RB,ATL,25.0,,Active,4.0,8207,,,3fec8370-ca72-11ec-a83a-8732d3d5a7e3,00-0037120
Bhayshul Tuten,RB,JAX,23.0,,Active,1.0,12490,,,26d4b13e-a555-4519-9356-cd16c65384e7,00-0040719
Chris Boswell,K,PIT,35.0,,Active,12.0,1945,17372.0,28188.0,441eb531-1ec8-4f65-9174-78bc6adada63,00-0031136
Jaydon Blue,RB,DAL,22.0,,Active,1.0,12457,,,f5e6eb8e-2c76-4bf9-b47f-57c62659341d,00-0040586
Cody White,WR,SEA,27.0,,Active,6.0,7039,4241983.0,32948.0,d25a19a7-7de6-4476-b42a-833c8c3cb208,00-0035891
Allen Robinson,WR,,31.0,,Active,11.0,1992,16799.0,27589.0,0fd32417-8410-4a8f-8919-386c433bca43,00-0031428
Derek Carr,QB,,34.0,,Active,11.0,2028,16757.0,27564.0,9f026fc0-4449-4dc5-a226-2e2830619381,00-0031280
Raheem Mostert,RB,,33.0,,Active,11.0,2749,2576414.0,28654.0,b040e601-ec40-4757-bf3d-71bf64ef99cf,00-0031687
Drake London,WR,ATL,24.0,,Active,4.0,8112,,,5053f9ae-15d9-4730-833d-484886b6f890,00-0037238
Malik Nabers,WR,NYG,22.0,,Active,2.0,11632,,,55ef2022-50c2-465b-839e-c0f4c9e7c55c,00-0039337
Mack Hollins,WR,NE,32.0,,Active,9.0,4177,2991662.0,30231.0,93cb5790-1012-4c42-bccb-5748c27ba7d6,00-0033555
Marquise Brown,WR,PHI,29.0,,Active,7.0,5848,4241372.0,31857.0,feeee40a-dd63-41a7-89cd-6c95b5456833,00-0035662
Julian Hill,TE,NE,25.0,,Inactive,3.0,11371,,,516da3c0-f016-11ed-a518-572ef5cb73b6,00-0038720
Tay Martin,WR,,27.0,,Active,3.0,8250,,,8d74f600-ca80-11ec-97ae-e1573849d1a6,00-0037524
Trenton Irwin,WR,,30.0,,Active,7.0,6598,3931391.0,32438.0,ee79ad2e-353a-40cd-9344-c9d84f7e4b63,00-0035341
Thomas Fidone,TE,NYG,23.0,,Active,1.0,12715,,,0e21445d-6318-43ce-ba78-310ee648b602,00-0040225
Anthony Richardson,QB,IND,24.0,,Active,3.0,9229,,,5fc5b4a6-a583-4345-a810-4f982204ea5e,00-0039164
Joe Burrow,QB,CIN,29.0,,Active,6.0,6770,3915511.0,32671.0,3023ac10-4e7f-425f-9fc5-2b8e6332c92e,00-0036442
Xavier Worthy,WR,KC,23.0,,Active,2.0,11624,,,52e049b1-0a7a-4e7f-9866-d2848e9cc478,00-0039894
Kameron Johnson,WR,TB,24.0,,Active,2.0,11994,,,94c41960-0712-11ef-b01e-875e1e5d6ffb,00-0039589
Payne Durham,TE,TB,26.0,,Active,3.0,10227,,,c4a8b4c9-5db8-4187-852b-9557bef8724e,00-0039050
Davis Allen,TE,LAR,25.0,,Active,3.0,10214,,,02a77d8c-3b89-4a61-86a2-0c005c1e589a,00-0039074
Joshua Dobbs,QB,,31.0,,Active,9.0,4179,3044720.0,30248.0,15bedebc-839e-450a-86f6-1f5ad1f4f820,00-0033949
Aidan O'Connell,QB,LV,27.0,,Active,3.0,10866,,,5891a917-9071-4bc2-a652-7f702c44cbd2,00-0038579
Brett Rypien,QB,,29.0,,Active,7.0,6037,3722362.0,32221.0,9ab44516-2a26-4049-b630-66539c7a5dfd,00-0034955
Elic Ayomanor,WR,TEN,23.0,,Active,1.0,12499,,,6c773a16-1a93-4845-a519-d56c85e0090f,00-0040170
Blake Whiteheart,TE,CLE,26.0,,Active,3.0,11201,,,9a8395a0-e900-11ed-9cad-a989770811a8,00-0038710
Zavier Scott,RB,MIN,26.0,,Active,3.0,11299,,,3b133980-eb9a-11ed-8b52-a11a185238e2,00-0038440
Jahmyr Gibbs,RB,DET,24.0,,Active,3.0,9221,,,fef9457e-6497-47de-9bf2-cc3b95929375,00-0039139
Jared Goff,QB,DET,31.0,,Active,10.0,3163,3046779.0,29235.0,aba8f925-ffbf-4654-bfa7-a25d3d237494,00-0033106
Cooper Kupp,WR,SEA,33.0,,Active,9.0,4039,2977187.0,30182.0,2806e915-c46f-492f-8a29-71d3a85e5620,00-0033908
Trey Lance,QB,LAC,26.0,,Active,5.0,7610,,,676a508c-c65f-404a-a2b0-f861a4bfd072,00-0037012
Jack Bech,WR,LV,23.0,,Active,1.0,12483,,,01079767-a3a3-437d-b935-ea0ecb1fe68b,00-0040729
,DEF,NO,,,,,NO,,,,
Brevin Jordan,TE,HOU,25.0,,Active,5.0,7568,,,8ffb5c07-4aa1-4796-b1ab-30c1ab0ccc4c,00-0036556
Foster Moreau,TE,HOU,29.0,,Active,7.0,5985,3843945.0,31969.0,9c3a67fd-5c6e-4689-9e08-9ff6d4db6c9a,00-0034981
,DEF,GB,,,,,GB,,,,
DJ Turner,WR,,28.0,,Active,5.0,7989,,,1624b5cf-0032-4093-af56-e4dea4f64149,00-0036527
Derius Davis,WR,LAC,25.0,,Active,3.0,10234,,,21bf2521-3382-4e62-8249-a083435595b3,00-0038573
Feleipe Franks,TE,CAR,28.0,,Active,5.0,7531,,,79a849be-0552-4da9-89ff-11d20a7a764a,00-0036825
Cam Little,K,JAX,22.0,,Active,2.0,11786,,,42d90cdf-5494-4576-bc1e-4b5d3de99f5f,00-0039409
Jameson Williams,WR,DET,25.0,,Active,4.0,8148,,,590adb00-5598-47ad-b6d4-16a6c5519847,00-0037240
Cedric Tillman,WR,CLE,26.0,,Active,3.0,10444,,,148330d9-5182-4b58-b695-8067aaba4731,00-0038979
Darnell Mooney,WR,NYG,28.0,,Active,6.0,7090,4040655.0,32843.0,bafe8df1-66b5-4200-8fb3-ff188c25a4e2,00-0036309
Dee Eskridge,WR,,28.0,,Active,5.0,7612,,,4a76219c-34b8-4cfe-81ab-2bb011368367,00-0036620
George Kittle,TE,SF,32.0,,Active,9.0,4217,3040151.0,30259.0,2ada91b0-036e-454f-83c3-6d939ff584a9,00-0033288
Moliki Matavao,TE,NO,23.0,,Active,1.0,12480,,,140c137e-69f7-40a9-a92c-42e331b04109,00-0040244
Gary Brightwell,RB,CIN,28.0,,Active,5.0,7529,,,94bde2c7-7229-4bf0-a545-5950cf3c7927,00-0036569
Marvin Harrison,WR,ARI,23.0,,Active,2.0,11628,,,e8da21a8-796d-48a2-b644-57d08983ae01,00-0039849
Cameron Latu,TE,PHI,26.0,,Active,3.0,10210,,,3763a2ec-ee98-4cf4-9aa7-ee626057c56f,00-0038564
Jameis Winston,QB,NYG,32.0,,Active,11.0,2306,2969939.0,28389.0,fb3b36fc-b985-4807-8199-d038d7e62a93,00-0031503
Keenan Allen,WR,,33.0,,Active,13.0,1479,15818.0,26699.0,5f424505-f29f-433c-b3f2-1a143a04a010,00-0030279
Nick Vannett,TE,,33.0,,Active,10.0,3258,2576399.0,29328.0,c731aa8a-778b-4ccd-a19f-517eb66f47b7,00-0032394
Justin Tucker,K,,35.0,,Active,13.0,1264,15683.0,26534.0,20a0bad2-d530-4ff4-a2df-5c0a21a1f5db,00-0029597
Taysom Hill,TE,,35.0,,Active,9.0,4381,2468609.0,30614.0,3c8a55dd-20a8-4375-b711-49eb5e6e1d0e,00-0033357
Reggie Gilliam,RB,NE,28.0,,Active,6.0,7204,4039505.0,33357.0,4475bb8a-b5a6-4527-bfc7-8e7e03900984,00-0036187
Jared Wiley,TE,KC,25.0,,Active,2.0,11595,,,a952a370-a43f-45ec-8371-0665f0b9551e,00-0039824
Trevor Etienne,RB,CAR,21.0,,Active,1.0,12531,,,39e2d13c-0fb7-465f-ad8b-0b4bb73e1124,00-0040644
Patrick Taylor,RB,SF,28.0,,Active,6.0,6963,4039358.0,33235.0,ef87e355-8e0c-40ed-a85d-bca4896d4f1e,00-0035973
Jha'Quan Jackson,WR,HOU,26.0,,Active,2.0,11808,,,bcb054df-47e9-411c-8c9d-eef1a9a25487,00-0039392
Arian Smith,WR,NYJ,24.0,,Active,1.0,12539,,,8c7c7f4c-f8cc-4e02-aa0f-f794a1afd6ae,00-0040582
Dan Chisena,WR,CAR,29.0,,Active,6.0,7357,3929637.0,33023.0,92529995-41e9-48db-b429-c96540ad357b,00-0035976
Albert Okwuegbunam,TE,LV,28.0,,Active,6.0,6843,4035115.0,32788.0,617aee8a-70be-4bdf-9a71-2e2b74e647e6,00-0036423
Tyreik McAllister,RB,,27.0,,Active,3.0,8749,,,2a77de20-d253-11ec-b16e-cf7159baf83d,00-0037450
Jonathan Ward,RB,,28.0,,Active,6.0,7087,4039274.0,33088.0,1dc6b133-355f-451e-856f-d02839681578,00-0035924
Brittain Brown,RB,CHI,28.0,,Active,4.0,8423,,,387c8819-5892-4528-ac33-0ec72b24cc2f,00-0037329
Brock Purdy,QB,SF,26.0,,Active,4.0,8183,,,d5aef708-ad61-4ab8-a637-62ff96e92040,00-0037834
Russell Wilson,QB,,37.0,,Active,14.0,1234,14881.0,25785.0,409d4cac-ee90-4470-9710-ebe671678339,00-0029263
Dont'e Thornton,WR,LV,23.0,,Active,1.0,12541,,,483606b2-c0c9-4da2-8fcf-73d2615756c7,00-0040581
Dominic Lovett,WR,DET,23.0,,Active,1.0,12732,,,fb855b6b-16ca-4224-8e05-bcd9e51e7230,00-0040241
Brock Wright,TE,DET,27.0,,Active,5.0,7891,,,8f182089-7730-499e-8f2e-87bda32debfb,00-0036754
Brevyn Spann-Ford,TE,DAL,26.0,,Active,2.0,11593,,,efc8d800-072b-11ef-892f-5b772aae3c25,00-0039530
Quinshon Judkins,RB,CLE,22.0,,Active,1.0,12512,,,268c6ae2-278b-49f8-b7cd-b367944412f3,00-0040784
Jordan Watkins,WR,SF,24.0,,Active,1.0,12634,,,bd65c350-6044-415a-8749-e70a3b8f86e2,00-0040172
Terrace Marshall,WR,MIA,26.0,,Active,5.0,7565,,,69388223-d1e7-46c3-9106-e10edb7073e9,00-0036955
Shedrick Jackson,WR,LV,26.0,,Active,3.0,11257,,,4ee53be0-eacb-11ed-bff4-2305d99deffc,00-0038891
Robert Woods,WR,,33.0,,Active,12.0,1352,15880.0,26664.0,618bedee-9259-4536-b0ff-fec98d2a20de,00-0030431
Trayveon Williams,RB,,28.0,,Active,7.0,6144,4035222.0,32014.0,478fcd24-2617-41d5-a900-b272aa6ef515,00-0035291
Connor Heyward,TE,LV,27.0,,Active,4.0,8181,,,62e96d7c-e4dd-4a90-8c3a-8017eb69120d,00-0037304
Kenneth Walker,RB,KC,25.0,,Active,4.0,8151,,,22ee9bac-a64c-4d44-94fc-51d775465b3b,00-0038134
Dalton Kincaid,TE,BUF,26.0,,Active,3.0,10236,,,b961fa15-0676-4948-b95f-56d06319d40e,00-0038933
Odell Beckham,WR,NYG,33.0,,Active,12.0,2078,16733.0,27540.0,354dec38-b88b-4ba0-8974-859123f27c45,00-0031235
Cam Grandy,TE,CIN,26.0,,Active,2.0,12062,,,8e6c6eb0-0725-11ef-b490-715b3492492e,00-0039631
Amon-Ra St. Brown,WR,DET,26.0,,Active,5.0,7547,,,26ef0447-29b8-4dd1-9831-dcbf8132bb74,00-0036963
Jacob Kibodi,RB,,26.0,,Active,1.0,11900,,,228811b0-0575-11ef-8434-0f5c1f2e1cb4,00-0039617
Chris Oladokun,QB,KC,28.0,,Active,4.0,8413,,,7078cdfc-032b-4f85-8b4b-720f926ba1cb,00-0037324
Dylan Drummond,WR,ATL,26.0,,Active,3.0,11474,,,e34c6990-f35c-11ed-ac5f-715e78829103,00-0038953
Coleman Owen,WR,IND,25.0,,Active,1.0,12829,,,a9afb800-23ba-11f0-aa7d-833b948e6c02,00-0040352
Konata Mumpfield,WR,LAR,23.0,,Active,1.0,12718,,,ccb6d700-ac74-4f6b-9f86-d1aa74d0c318,00-0040590
Luke Musgrave,TE,GB,25.0,,Active,3.0,9481,,,77a4fb49-3c6c-4aa1-8a21-20956e2d2240,00-0039144
Dameon Pierce,RB,PHI,26.0,,Active,4.0,8129,,,5d4ef6da-a6b5-4d9c-adc0-28dfdbe9315e,00-0037258
Greg Joseph,K,,31.0,,Active,7.0,5272,3975763.0,31538.0,a2aab80d-174c-4639-beac-e2b70bb3625f,00-0034450
MarShawn Lloyd,RB,GB,25.0,,Active,2.0,11581,,,7b8967bc-a3a5-4aa4-bd1f-2846663ca831,00-0039811
Jordan Akins,TE,,33.0,,Active,8.0,5032,3128452.0,31068.0,0cb5a32a-a340-4671-ba2a-93f5fa6aee8d,00-0034364
Zay Jones,WR,,30.0,,Active,9.0,4080,3059722.0,30150.0,a28f7368-0306-4d20-855f-285a1a09c09c,00-0033891
Samaje Perine,RB,CIN,30.0,,Active,9.0,4147,3116389.0,30227.0,e601812f-ce24-4e99-bee0-e33c1e9014e4,00-0033526
Brady Cook,QB,NYJ,24.0,,Active,1.0,12538,,,4916c770-2501-11f0-aed8-c154e65d4269,00-0040398
Kene Nwangwu,RB,NYJ,28.0,,Active,5.0,7720,,,482c1032-765a-48d3-b46e-b47a809dbee4,00-0036842
Jalen Virgil,WR,BUF,27.0,,Active,4.0,8416,,,aa8d3730-d254-11ec-b16e-cf7159baf83d,00-0037387
J.J. Taylor,RB,,27.0,,Active,5.0,6973,4039607.0,33028.0,879325b1-c961-4c9a-a3a4-679d77a28293,00-0036096
Jaylin Noel,WR,HOU,23.0,,Active,1.0,12536,,,c4bab22e-a89a-41f6-b03a-07073a72f41b,00-0040138
Eric Gray,RB,NYG,26.0,,Active,3.0,10223,,,dcc536c1-36f2-4e34-8028-ccf32d930018,00-0038396
Kenny Yeboah,TE,ARI,27.0,,Active,5.0,7597,,,990c2825-ca25-4da9-9966-269363a9bb91,00-0036510
Pat Bryant,WR,DEN,23.0,,Active,1.0,12492,,,2858209e-4aa7-4539-9901-99a4d881229c,00-0040134
Cole Kmet,TE,CHI,27.0,,Active,6.0,6826,4258595.0,32713.0,036feeb6-9a22-43c5-a8e3-7ac611d8ff49,00-0036290
Tetairoa McMillan,WR,CAR,23.0,,Active,1.0,12526,,,874de000-586c-4999-ac12-02766563e200,00-0040124
Blake Grupe,K,IND,27.0,,Active,3.0,11058,,,2a1d4ce0-e6f6-11ed-abca-c7a3a205e21d,00-0038905
Malik Heath,WR,ATL,25.0,,Active,3.0,11210,,,c0fccfb0-e907-11ed-8194-c7505aa5766b,00-0038465
Sal Cannella,TE,,29.0,,Active,3.0,8089,,,57df4c36-e48c-45a4-a1ae-f6e86bf5d21e,00-0037015
Marcedes Lewis,TE,,41.0,,Active,20.0,111,9614.0,7777.0,9c21e9af-681c-41ef-9b00-fbc9e1668ed1,00-0024243
Ben Yurosek,TE,MIN,24.0,,Active,1.0,13121,,,1f3d48b0-2629-11f0-9dca-47cf7c5385b0,00-0040509
Gabe Davis,WR,,26.0,,Active,6.0,6943,4243537.0,32798.0,dc397432-7157-4ce4-976d-b9662cc6f551,00-0036196
Wil Lutz,K,DEN,31.0,,Active,10.0,3678,2985659.0,29754.0,c4cf84d0-6022-4ac1-a9ba-85587921c53f,00-0032569
Bo Nix,QB,DEN,26.0,,Active,2.0,11563,,,f056c8ed-6ee5-492c-af11-3f7e3d97195c,00-0039732
Stefon Diggs,WR,,32.0,,Active,11.0,2449,2976212.0,28534.0,a1c40664-b265-4083-aad2-54b4c734f2c5,00-0031588
Kenneth Gainwell,RB,TB,27.0,,Active,5.0,7567,,,e2a5882a-dcc1-4800-889f-3b957b21834f,00-0036919
Travis Etienne,RB,NO,27.0,,Active,5.0,7543,,,970693f0-0af4-4627-ac0c-bf519f7433ee,00-0036973
Drew Sample,TE,CIN,30.0,,Active,7.0,6001,3127310.0,31884.0,15a4f552-ecaf-45bd-9006-aa5dda93bee6,00-0035631
Ben Skowronek,WR,PIT,28.0,,Active,5.0,7757,,,5521ba64-e615-4d50-b9bf-490498571ac7,00-0036862
Stone Smartt,TE,PHI,27.0,,Active,4.0,8583,,,6ee105f0-ca2e-11ec-be96-e90abdfa0fef,00-0037475
Tyjae Spears,RB,TEN,25.0,,Active,3.0,9508,,,af71f149-7758-40b7-973a-9fe6320cf4f5,00-0039032
Rasheen Ali,RB,BAL,25.0,,Active,2.0,11570,,,9aeb79b0-e55b-4341-8c6b-233971b667a7,00-0039796
Kyle Monangai,RB,CHI,24.0,,Active,1.0,12534,,,6edec23b-f938-40f7-a151-1db5374880dd,00-0040236
Ronnie Rivers,RB,LAR,27.0,,Active,4.0,8195,,,246db560-cb4e-11ec-a667-6354702e3fca,00-0037557
Trent Taylor,WR,,31.0,,Active,9.0,4218,3040569.0,30290.0,3e2e74e9-18a8-4275-9437-b275db27e2ff,00-0033292
Tanner Conner,TE,NYG,28.0,,Active,4.0,8849,,,4f2ecf70-d3b2-11ec-96a0-c3471a31202c,00-0037348
Desmond Ridder,QB,,26.0,,Active,4.0,8159,,,6bf35760-217c-401d-b80b-2ae7cc5d7564,00-0038122
Teddy Bridgewater,QB,DET,33.0,,Active,12.0,2152,16728.0,27560.0,d4cb52a9-f6b4-42ed-b40b-27bff5f1eea7,00-0031237
Eddy Pineiro,K,SF,30.0,,Active,8.0,5189,4034949.0,31482.0,1c50997f-c56e-47f9-a750-33ab100ed28b,00-0034173
Gage Larvadain,WR,CLE,24.0,,Active,1.0,13101,,,a514f5d0-260d-11f0-81c1-eb0abefb169c,00-0040259
Brian Thomas,WR,JAX,23.0,,Active,2.0,11631,,,271a233e-68b3-4261-a3aa-7667eaf9d3cc,00-0039893
David Montgomery,RB,HOU,29.0,,Active,7.0,5892,4035538.0,31905.0,1c9e1cd5-8cb1-4a15-a2c8-3a0c0fd5423c,00-0035685
Scotty Miller,WR,CHI,28.0,,Active,7.0,6290,3914397.0,32040.0,85e18d5f-8a3f-4b6c-88fe-dfdaaed5554e,00-0035298
Darius Cooper,WR,PHI,24.0,,Active,1.0,13150,,,2aa4ddb0-2775-11f0-9d31-3b5afe6c6d5f,00-0040024
Jonathon Brooks,RB,CAR,22.0,,Active,2.0,11583,,,5c842941-844b-4f6a-bce4-26b377146674,00-0039344
Kyle Allen,QB,BUF,30.0,,Active,8.0,5127,3115293.0,31301.0,d2023f5b-f73b-43ad-a816-f10dadfdfaed,00-0034577
Tory Horton,WR,SEA,23.0,,Active,1.0,12497,,,66dd47a3-fb5d-434f-a580-b2069e2904f8,00-0040648
Dylan Sampson,RB,CLE,21.0,,Active,1.0,12469,,,6ea71d26-623a-4178-a93a-215678244902,00-0040162
Ross Dwelley,TE,,30.0,,Active,8.0,5285,3120303.0,31329.0,70473218-5ae3-47b4-86fd-151e68f1e8b9,00-0034073
David Moore,WR,CAR,31.0,,Active,9.0,4274,4212909.0,30339.0,aecc1809-4628-4c3a-8b2b-c8f2858d2492,00-0033589
Zack Moss,RB,,27.0,,Active,5.0,6845,4035676.0,32756.0,d8fef424-aa41-4c26-9bce-1265b53cd5e2,00-0036251
Jelani Woods,TE,NYJ,27.0,,Active,4.0,8219,,,321af8f8-b4de-4ed2-a86f-7f97a85a13d4,00-0037755
,DEF,MIA,,,,,MIA,,,,
Charlie Woerner,TE,ATL,28.0,,Active,6.0,7075,4035020.0,32860.0,527dfee0-a242-4dc7-830a-ab7028308259,00-0036429
Gunnar Helm,TE,TEN,23.0,,Active,1.0,12502,,,beb69cba-f240-43ed-88d3-50d066cf55d4,00-0040584
Rashod Bateman,WR,BAL,26.0,,Active,5.0,7571,,,d9f8b92b-69d4-4d83-9bf2-106ee523efed,00-0036550
Kendric Pryor,WR,CIN,28.0,,Active,4.0,8783,,,73f7ecc0-d2ee-11ec-96a0-c3471a31202c,00-0037422
River Cracraft,WR,,31.0,,Active,9.0,4854,3052056.0,30955.0,6124c4d4-337b-4926-b3f8-d2feb1c16fa9,00-0034054
Jacoby Jones,WR,WAS,24.0,,Active,1.0,13120,,,8f191b60-2628-11f0-a704-37f5177ae09e,00-0040317
Jase McClellan,RB,,23.0,,Active,1.0,11590,,,a23f5b88-d1a4-4321-8df9-425b9a1c1696,00-0039393
Ainias Smith,WR,CAR,25.0,,Active,2.0,11615,,,83a78cfb-5e71-4131-b706-3661bb6396e1,00-0039747
Xavier Gipson,WR,NYG,25.0,,Active,3.0,11306,,,840a7940-ebaa-11ed-a11b-41cbcb1c4445,00-0038496
Terry McLaurin,WR,WAS,30.0,,Active,7.0,5927,3121422.0,31908.0,7e8c4641-2beb-4213-ba22-69fe0307005f,00-0035659
Aaron Jones,RB,MIN,31.0,,Active,9.0,4199,3042519.0,30295.0,27dd5b6e-ea65-4622-a6b4-460fd144407c,00-0033293
Christian Kirk,WR,SF,29.0,,Active,8.0,4950,3895856.0,31017.0,ebcd87ce-218c-4144-810b-921c2f59d6e8,00-0034775
Raheim Sanders,RB,CLE,24.0,,Active,1.0,12472,,,09b7c5d0-23ca-11f0-97f8-1902f784caec,00-0040466
Jalen Coker,WR,CAR,24.0,,Active,2.0,11646,,,67977ab0-070b-11ef-978d-05d80704d329,00-0039491
Kendrick Bourne,WR,ARI,30.0,,Active,9.0,4454,3045523.0,30551.0,5aba3610-ab55-4922-ac46-806ded5eb8bf,00-0033307
Mason Taylor,TE,NYJ,22.0,,Active,1.0,12498,,,07d2be51-73c2-4f26-81d5-bc6e9b88bff2,00-0040736
Cam Skattebo,RB,NYG,24.0,,Active,1.0,12481,,,e1f0c72d-f4d0-4c24-93a4-8a12b9a2efd2,00-0040715
Xavier Hutchinson,WR,HOU,26.0,,Active,3.0,10218,,,aed98af2-b228-4b74-a804-2d210bd11122,00-0038618
David Sills,WR,TB,30.0,,Active,7.0,6154,3871102.0,32418.0,97f6c20c-1110-4551-82c1-41d3247397a2,00-0035359
DeeJay Dallas,RB,JAX,27.0,,Active,6.0,6931,4240631.0,32814.0,48ef5bfa-7b91-4ed1-ad12-e94c0bc101c2,00-0036425
Jordan Whittington,WR,LAR,25.0,,Active,2.0,11623,,,7cc58a3b-157a-4f43-a7de-5bc403f9ce6b,00-0039751
Ian Thomas,TE,LV,30.0,,Active,8.0,4995,4045305.0,31071.0,ed8a8fd2-df67-45e7-a34f-984afb82f6ea,00-0034365
Tank Bigsby,RB,PHI,23.0,,Active,3.0,9225,,,2034916c-8062-46e3-8d0c-d0dec694e2d1,00-0038555
,DEF,DET,,,,,DET,,,,
Joe Mixon,RB,,29.0,,Active,9.0,4018,3116385.0,30161.0,7797f36e-87e8-4282-b6d2-bdb1774fc3b3,00-0033897
AJ Barner,TE,SEA,24.0,,Active,2.0,11603,,,e96127b4-d381-43d4-b0ae-8790c706756f,00-0039793
,DEF,BUF,,,,,BUF,,,,
Kendre Miller,RB,NO,24.0,,Active,3.0,9757,,,66627686-34fe-4599-84ac-e436fd7d798a,00-0038551
Joshua Palmer,WR,BUF,26.0,,Active,5.0,7670,,,857fcc59-10e8-4194-bd7d-41bc5f72a47f,00-0036988
Rhamondre Stevenson,RB,NE,28.0,,Active,5.0,7611,,,6260e78a-64e2-4f7e-9bf8-39948a17a370,00-0036875
Kyle Williams,WR,NE,23.0,,Active,1.0,12547,,,3aa9330e-5201-4e99-ba55-0102f76bfe05,00-0040131
Kyren Williams,RB,LAR,25.0,,Active,4.0,8150,,,19d44771-8f1d-4127-9b7d-230da137f15d,00-0037840
,DEF,PHI,,,,,PHI,,,,
Romeo Doubs,WR,NE,26.0,,Active,4.0,8121,,,5f559fde-3a5f-4df6-99a2-cd1a4b103c68,00-0037816
Hassan Haskins,RB,,26.0,,Active,4.0,8123,,,f3a50b5d-0197-4ae8-b5a5-bb54484b8941,00-0037617
Carson Wentz,QB,MIN,33.0,,Active,10.0,3161,2573079.0,29236.0,e9a5c16b-4472-4be9-8030-3f77be7890cb,00-0032950
Pat Freiermuth,TE,PIT,27.0,,Active,5.0,7600,,,04f0fefe-9d9d-44f5-94ea-6df2a42df3c6,00-0036894
Dareke Young,WR,LV,27.0,,Active,4.0,8527,,,2da144c9-7845-4199-bcc1-48405c14d436,00-0037093
Emari Demercado,RB,KC,27.0,,Active,3.0,11199,,,44b4cbf0-e8fe-11ed-bc6e-a5c4d3ccbdd1,00-0038705
Javon Baker,WR,,23.0,,Active,2.0,11645,,,901992cc-f4b7-45e8-800e-c2dce6ae5199,00-0039853
Theo Wease,WR,MIA,24.0,,Active,1.0,12860,,,277f6ff0-2442-11f0-ac20-e1591f73b631,00-0040311
Philip Rivers,QB,,44.0,,Active,22.0,331,5529.0,6763.0,e47706c7-e14d-41fb-b13b-83a835a1f3bc,00-0022942
Dillon Gabriel,QB,CLE,25.0,,Active,1.0,12486,,,299d4fe8-188c-43d1-95d3-8a8f103da5c5,00-0040704
Josh Whyle,TE,GB,26.0,,Active,3.0,10212,,,601467c7-b593-472d-a147-b8e7bfdbe990,00-0038589
Travis Vokolek,TE,ARI,27.0,,Active,3.0,11381,,,1d1eb430-f01e-11ed-97df-a94b89ac5704,00-0038456
Malik Willis,QB,MIA,27.0,,Active,4.0,8161,,,55aefcf9-4dfb-4994-883f-4d537a6f1ddb,00-0038128
DJ Chark,WR,,28.0,,Active,7.0,4951,3115394.0,31031.0,c2a7bd8a-d141-423a-8810-0988a59ff0b4,00-0034777
Sione Vaki,RB,DET,24.0,,Active,2.0,11729,,,f5e0334b-b5f1-422f-a437-199c36cc108d,00-0039364
Jaylen Warren,RB,PIT,27.0,,Active,4.0,8228,,,7e397190-ca24-11ec-9f1c-b7114d38a85b,00-0037228
Spencer Rattler,QB,NO,25.0,,Active,2.0,11562,,,e0eecf78-86b2-4ee8-8ac9-d7713a138765,00-0039376
Ty Chandler,RB,NO,28.0,,Active,4.0,8230,,,a0833a94-60ce-4a3a-a32a-d067fe7b253d,00-0037276
Gardner Minshew,QB,ARI,30.0,,Active,7.0,6011,4038524.0,32010.0,dabb52c0-455b-48fe-996b-abf758120623,00-0035289
Mike White,QB,,30.0,,Active,8.0,5089,3051381.0,31141.0,f4808328-86e9-459d-a2bc-18e90c7d211e,00-0034401
,DEF,SF,,,,,SF,,,,
Jarrett Stidham,QB,DEN,29.0,,Active,7.0,6136,3892775.0,31965.0,582fe465-135a-4901-beef-60aebce99067,00-0035264
Xavier Legette,WR,CAR,25.0,,Active,2.0,11626,,,0bb0c37c-e76b-4529-92b0-b026be4f7d6c,00-0039342
Carson Steele,RB,PHI,23.0,,Active,2.0,11582,,,56312980-07cc-11ef-ae1a-ef16ff05bbda,00-0039325
Keon Coleman,WR,BUF,23.0,,Active,2.0,11637,,,6752915f-efe5-473d-a520-78cadfab6dda,00-0039901
Justin Shorter,WR,LV,26.0,,Inactive,3.0,9489,,,0e4f0529-f178-463e-8aa6-0b8cfa3e916f,00-0038590
Frank Gore,RB,BUF,24.0,,Active,2.0,11573,,,cd4c8e90-06f7-11ef-a3ab-0317e25dec4e,00-0039471
Noah Fant,TE,NO,28.0,,Active,7.0,5857,4036131.0,31852.0,cdc98acc-9eb6-4b44-81bb-61d7b8a3b55f,00-0035644
Quinn Ewers,QB,MIA,23.0,,Active,1.0,12500,,,d89f0384-21a6-44e4-8aa6-324cb2103bf6,00-0040234
Trent Sherfield,WR,BUF,30.0,,Active,8.0,5154,3122168.0,31320.0,18ccb826-5584-4f6a-8434-cf9a3b927b0f,00-0034487
Chase Brown,RB,CIN,26.0,,Active,3.0,9224,,,d74ff06d-905d-4fed-8f98-b5f6d4549333,00-0038597
Xavier Restrepo,WR,TEN,24.0,,Active,1.0,12520,,,3ac9d7c0-2560-11f0-af22-1731557928d7,00-0040522
Bo Melton,WR,GB,27.0,,Active,4.0,8204,,,36953df8-fbc3-4505-b5b3-dec8433620dc,00-0037091
Elijah Arroyo,TE,SEA,23.0,,Active,1.0,12521,,,98bc7c8c-e6e4-4694-a0ef-d3f25274223e,00-0040739
Mark Andrews,TE,BAL,30.0,,Active,8.0,5012,3116365.0,31056.0,0618f387-9b72-4270-8b8f-dec4cccc9e4a,00-0034753
Jayden Higgins,WR,HOU,23.0,,Active,1.0,12484,,,f55444a9-ccad-4343-bb03-caca6ea3de99,00-0040130
Tylan Wallace,WR,CLE,27.0,,Active,5.0,7595,,,29269863-13cf-4c66-ac3c-5d9a47e2040a,00-0036630
Colson Yankoff,TE,WAS,26.0,,Active,2.0,11942,,,8344b150-0667-11ef-8407-311b2612bbe3,00-0039686
Austin Hooper,TE,ATL,31.0,,Active,10.0,3202,3043275.0,29315.0,90c2a93f-d837-4e1b-b57c-56648903a8db,00-0032392
Justin Jefferson,WR,MIN,27.0,,Active,6.0,6794,4262921.0,32692.0,4131d4ee-0318-4bb5-832a-4dec80668a4f,00-0036322
Tyrell Shavers,WR,BUF,26.0,,Active,3.0,11377,,,07eb12f0-f011-11ed-ac82-d7e41925e5ba,00-0038679
Michael Woods,WR,DEN,26.0,,Active,4.0,8202,,,70c462de-b1b5-4c07-8ba2-eb33f3075893,00-0037300
Chris Conley,WR,,32.0,,Active,10.0,2381,2578533.0,28464.0,bd01d907-cd57-48cb-9136-5692a4764a20,00-0032128
Ja'Tavion Sanders,TE,CAR,23.0,,Active,2.0,11600,,,ffd2ff3f-4b56-4232-be8e-bf163c29f406,00-0039356
Andy Borregales,K,NE,23.0,,Active,1.0,12713,,,80dce1ba-c997-47e6-a37e-e92fefcbdc1b,00-0040200
Myles Gaskin,RB,,28.0,,Active,6.0,5980,3886818.0,32066.0,cad49098-1523-4e52-9f50-caa3423e1bb6,00-0035311
Tanner McKee,QB,PHI,26.0,,Active,3.0,9230,,,93147c90-09c8-471d-a6b2-0b9d19739ba1,00-0038400
Durham Smythe,TE,BAL,30.0,,Active,8.0,5008,3052897.0,31093.0,7e42a22a-c47b-4387-aeeb-2cc2e76dc1d8,00-0034798
Quentin Johnston,WR,LAC,24.0,,Active,3.0,9754,,,e648bc98-bc81-44d0-8d4b-b9223c497ff4,00-0038544
,DEF,NYG,,,,,NYG,,,,
Isaiah Bond,WR,CLE,22.0,,Active,1.0,12503,,,6ceb1330-795d-11f0-aadf-fbc926339e02,00-0040782
,DEF,TEN,,,,,TEN,,,,
Adonai Mitchell,WR,NYJ,23.0,,Active,2.0,11625,,,190dbc97-2b7c-4023-b6b0-5729b854b60b,00-0039890
Cam Akers,RB,,26.0,,Active,6.0,6938,4240021.0,32722.0,74980532-8158-4b56-91db-5053878737b4,00-0036414
Jamal Agnew,WR,,30.0,,Active,8.0,4198,3061612.0,30278.0,c871b3a8-72c4-425e-a357-2de37e033c8d,00-0033572
Tahj Washington,WR,MIA,25.0,,Active,2.0,11821,,,298d990d-9fd4-4cdf-8fcd-a7c3043d17fd,00-0039884
Jaret Patterson,RB,LAC,26.0,,Active,5.0,7537,,,82996e3b-b72d-41ca-8eb1-91e462ceff85,00-0036755
DJ Giddens,RB,IND,22.0,,Active,1.0,12471,,,73ffa6e6-7fb3-4f34-a856-38bfd62cca15,00-0040179
Jordan James,RB,SF,22.0,,Active,1.0,12467,,,c16040c3-7534-4eeb-956c-8ed3be9972ec,00-0040177
Erik Ezukanma,WR,PHI,26.0,,Active,4.0,8114,,,7934c2db-a5f1-404c-a313-74a8aacd5946,00-0038092
Chris Olave,WR,NO,25.0,,Active,4.0,8144,,,2375d572-a36c-4365-bb3f-87e156526e2f,00-0037239
Josh Allen,QB,BUF,30.0,,Active,8.0,4984,3918298.0,30977.0,3069db07-aa43-4503-ab11-2ae5c0002721,00-0034857
Nick Folk,K,ATL,41.0,,Active,19.0,650,10621.0,8432.0,b37c621e-1125-4c35-bea0-fcabb1527060,00-0025565
Josh Downs,WR,IND,24.0,,Active,3.0,9500,,,dd227f4a-0785-482d-a28b-f231c7f3b73f,00-0038997
Anthony Gould,WR,IND,25.0,,Active,2.0,11762,,,f1f3f15f-f4a5-4d6e-b075-95f4815a384e,00-0039816
Kylen Granson,TE,TEN,28.0,,Active,5.0,7602,,,bcc0167c-05fd-4b23-981e-60b8784ceb33,00-0036876
Kalel Mullings,RB,TEN,23.0,,Active,1.0,12516,,,9983d47b-c955-4546-882f-4bd2a2a5ad42,00-0040205
David Martin-Robinson,TE,TEN,26.0,,Active,2.0,12357,,,dad0d560-0c9e-11ef-b2f4-ab1e3a869265,00-0039648
Will Dissly,TE,,29.0,,Active,8.0,5010,3127292.0,31090.0,383f4814-6836-4766-a297-fc063e8509cc,00-0034159
Ty Johnson,RB,BUF,28.0,,Active,7.0,6039,3915411.0,32018.0,96e6687b-2b89-4dd9-98df-6e7507cd82cf,00-0035537
Brandon Aiyuk,WR,SF,28.0,,Active,6.0,6803,4360438.0,32695.0,c90471cc-fa60-4416-9388-5aebb5d877eb,00-0036261
LeQuint Allen,RB,JAX,21.0,,Active,1.0,12544,,,14aedd06-41a6-41db-8c5e-05483f91570d,00-0040238
Zay Flowers,WR,BAL,25.0,,Active,3.0,9997,,,2b6d74b7-10fb-4f17-99c8-9bb557fb475b,00-0039064
Greg Dulcich,TE,MIA,26.0,,Active,4.0,8172,,,b9e4a022-d15c-4cef-9879-170277f17207,00-0037252
Harold Fannin,TE,CLE,21.0,,Active,1.0,12506,,,8bdf2df7-b51c-4404-b153-8dc62b1e0845,00-0040663
Ryan Miller,WR,NYG,26.0,,Active,3.0,11421,,,edb7de00-f1b8-11ed-9bf1-7fd77a26dc1f,00-0038824
Josiah Deguara,TE,,29.0,,Active,6.0,7050,3914151.0,32764.0,7874d188-0fcd-4af9-9289-27c27e2bbd16,00-0036332
Jonnu Smith,TE,,30.0,,Active,9.0,4144,3054212.0,30213.0,e4f25a37-74de-4bfb-b6c9-f50a4fab0b87,00-0033858
Wan'Dale Robinson,WR,TEN,25.0,,Active,4.0,8126,,,582dfe0e-98f3-48a5-8a2d-a52baa926b05,00-0038117
Keilan Robinson,RB,,26.0,,Active,2.0,11773,,,de79955a-99ab-492e-9161-3544fd812dbd,00-0039385
Lucas Krull,TE,DEN,27.0,,Active,4.0,8249,,,767b4820-cc9f-11ec-952e-a10f2c98fc4d,00-0037539
Xavier Smith,WR,LAR,28.0,,Active,3.0,11168,,,98b88de0-e8e5-11ed-ad77-290d92d9e505,00-0038359
Van Jefferson,WR,WAS,29.0,,Active,6.0,6853,3930066.0,32727.0,8e1285f7-6e4c-41e4-aac9-92e09f9f32b2,00-0036415
Drew Ogletree,TE,IND,27.0,,Active,4.0,8489,,,59f460a8-b5af-40e6-840c-429762b278b3,00-0037292
Parker Romo,K,,28.0,,Active,2.0,8670,,,80f1ebc0-cc9e-11ec-952e-a10f2c98fc4d,00-0037542
Joey Slye,K,TEN,30.0,,Active,7.0,6528,3124084.0,32384.0,ef4998e0-c9ef-4afe-88ab-d09b48975a08,00-0035192
Samori Toure,WR,PHI,28.0,,Active,4.0,8235,,,02c808d8-6074-43db-b0d9-f69fab78f6d9,00-0037098
Skyy Moore,WR,GB,25.0,,Active,4.0,8168,,,1c8a4510-786c-4bc2-a9e9-e491b688206f,00-0038090
MyCole Pruitt,TE,,32.0,,Active,10.0,2446,2508256.0,28531.0,f22b34cf-6ecf-4522-9c77-1da275dfda7d,00-0031585
Courtland Sutton,WR,DEN,30.0,,Active,8.0,5045,3128429.0,31010.0,b55ae5ba-593f-4560-9cab-14e10698e01d,00-0034348
Jalin Hyatt,WR,NYG,24.0,,Active,3.0,9497,,,e5f9d339-a89f-4e47-9a84-b89f14550c05,00-0038938
,DEF,CHI,,,,,CHI,,,,
Trey Palmer,WR,NO,25.0,,Active,3.0,9492,,,9a011241-f4b3-403a-af70-c9cdfd177054,00-0039052
Jody Fortson,TE,,29.0,,Active,6.0,6665,4408854.0,32600.0,a01ffd42-5fdb-42f8-95ab-157025e3fba8,00-0035547
Zonovan Knight,RB,ARI,25.0,,Active,4.0,8122,,,53df5e30-d3bd-11ec-96a0-c3471a31202c,00-0037157
Chuba Hubbard,RB,CAR,27.0,,Active,5.0,7594,,,32205e74-b23f-420a-b312-465b29260745,00-0036555
Princeton Fant,TE,DAL,27.0,,Active,3.0,11508,,,4b51e190-f674-11ed-88a9-a32a17c14014,00-0038735
Devaughn Vele,WR,NO,28.0,,Active,2.0,11834,,,2a638f35-a80a-46db-9722-12b49d45ab52,00-0039424
Joshua Karty,K,,24.0,,Active,2.0,11789,,,649bda12-5a56-45f7-aab9-e18ec3a88d96,00-0039750
Harrison Bryant,TE,SEA,28.0,,Active,6.0,6850,4040774.0,32785.0,f58a5899-8b78-46e8-a29a-ba6273b7d872,00-0036232
Ray-Ray McCloud,WR,,29.0,,Active,7.0,5096,3728262.0,31157.0,f7ff7599-a175-4a0c-b887-3ae9e596fc64,00-0034407
Kareem Hunt,RB,,30.0,,Active,9.0,4098,3059915.0,30199.0,0ef0d0ca-2d2d-455b-ab63-a20c01303e37,00-0033923
Charlie Kolar,TE,LAC,27.0,,Active,4.0,8127,,,3c048ac9-2c0f-4bf0-9ddc-ce99c9387ac8,00-0038046
Sterling Shepard,WR,,33.0,,Active,10.0,3200,2976592.0,29274.0,1ffc735b-74d8-44d2-ab32-00c5485c799f,00-0032385
Gerald Everett,TE,,30.0,,Active,8.0,4089,3918639.0,30157.0,ebeceb00-57e0-4b74-9cf7-853da2afed18,00-0033895
Dare Ogunbowale,RB,,31.0,,Active,9.0,4718,2983509.0,30860.0,42b57148-fc06-4aee-b40b-bb941271b5b7,00-0033854
Ihmir Smith-Marsette,WR,ARI,26.0,,Active,5.0,7559,,,39156891-0d05-470b-8b64-751602820bb1,00-0036635
Bub Means,WR,NO,25.0,,Active,2.0,11748,,,ef0feb13-57b8-474c-a723-cf03f57a321a,00-0039386
Terrell Jennings,RB,NE,25.0,,Active,2.0,12412,,,e6fc9a80-1168-11ef-8e6a-d7d3a1fb0861,00-0039757
Kevin Austin,WR,NO,26.0,,Active,4.0,8200,,,3173c5c0-cbb6-11ec-88c8-199e5defa0d2,00-0037231
Najee Harris,RB,,27.0,,Active,5.0,7528,,,48ec58c3-ec26-4434-b005-8d34035e6667,00-0036893
,DEF,CIN,,,,,CIN,,,,
Tyler Loop,K,BAL,24.0,,Active,1.0,12711,,,a6b8b5d3-a2f2-4532-ade3-dc122b6b240c,00-0040074
Raheem Blackshear,RB,,27.0,,Active,4.0,8255,,,f64a23e0-d457-11ec-9026-65785f74dc2a,00-0037429
Michael Mayer,TE,LV,24.0,,Active,3.0,9482,,,31f4645a-7ccb-4633-8580-2fca361beb4f,00-0039066
Cairo Santos,K,CHI,34.0,,Active,12.0,2020,17427.0,28227.0,d96ff17c-841a-4768-8e08-3a4cfcb7f717,00-0031203
Tyler Bass,K,BUF,29.0,,Active,6.0,7042,3917232.0,32858.0,bfccbff4-bc01-41ed-aa11-be976160504c,00-0036162
Malik Davis,RB,DAL,27.0,,Active,4.0,8800,,,7caf1f90-d30d-11ec-8b77-45b1765fd110,00-0037563
Anthony Firkser,TE,WAS,31.0,,Active,9.0,4435,3049698.0,30571.0,b0719e3d-199b-46e5-a2b4-1091f6fd5c0d,00-0033455
Roschon Johnson,RB,CHI,25.0,,Active,3.0,10235,,,e3c414c0-be8c-4807-af9c-f91d89c83e60,00-0039021
Ka'imi Fairbairn,K,HOU,32.0,,Active,10.0,3451,2971573.0,29792.0,203b60aa-cb94-499c-a4ca-d3c6b94dddc4,00-0032726
Laquon Treadwell,WR,IND,31.0,,Active,10.0,3155,3051889.0,29257.0,2e0badcd-b78c-40ee-a83b-a1bbb36bc545,00-0032951
Sam Howell,QB,DAL,25.0,,Active,4.0,8162,,,7d85e9c2-f464-4654-9200-acfcffd7dfaf,00-0037077
Caleb Williams,QB,CHI,24.0,,Active,2.0,11560,,,49d4b627-3f19-49a8-ae33-f539e0fb1f88,00-0039918
Travis Homer,RB,PIT,27.0,,Active,7.0,6012,4037457.0,32036.0,4afb77d8-4564-469b-be4c-5a8587df8046,00-0035594
Tyler Scott,WR,LAR,24.0,,Active,3.0,9490,,,6833ad69-9f24-4780-989c-83bdb090ec5e,00-0038941
Jalen Reagor,WR,MIA,27.0,,Active,6.0,6798,4241802.0,32691.0,06ff7f42-5fe7-4899-84a5-9ba5349d17e8,00-0036387
Shane Zylstra,TE,BUF,29.0,,Active,5.0,8041,,,0cafaac9-20fb-4e5a-9362-158d8a4e7904,00-0036534
Alvin Kamara,RB,NO,30.0,,Active,9.0,4035,3054850.0,30180.0,d9c857b2-97da-4fb8-a527-afbbb2a67413,00-0033906
D.J. Williams,RB,,25.0,,Inactive,1.0,11989,,,38f29610-0713-11ef-80af-99b01a8e5b02,00-0039595
Brandon Johnson,WR,LV,27.0,,Active,4.0,8756,,,d90f8660-d251-11ec-b16e-cf7159baf83d,00-0037382
Jarquez Hunter,RB,LAR,23.0,,Active,1.0,11569,,,e71d4c32-3233-467f-ab01-71de34e5d9b4,00-0040692
Nikko Remigio,WR,KC,26.0,,Active,3.0,11320,,,52b850b0-ec3b-11ed-aeaf-cb0dc6206dc5,00-0038519
Tip Reiman,TE,ARI,24.0,,Active,2.0,11716,,,44767e85-080f-4212-b2f2-cba160c81a9f,00-0039737
Graham Gano,K,,38.0,,Active,17.0,503,12460.0,9526.0,63f8a401-f308-4463-9d0b-4335b98da682,00-0026858
Cedrick Wilson,WR,DET,30.0,,Active,8.0,5113,4036335.0,31178.0,a964f59b-af2b-48e1-b64d-c376cc1d8c28,00-0034418
Ryan Flournoy,WR,DAL,26.0,,Active,2.0,11783,,,ebf6bc25-5e74-4588-86d6-5dadba3f9bcd,00-0039410
Justyn Ross,WR,,25.0,,Active,3.0,8140,,,cce91700-ce0c-11ec-8f7c-f5226825ea6a,00-0037216
Grant DuBose,WR,,24.0,,Active,2.0,11024,,,3b590cad-60c1-471d-a54a-d593a676afa9,00-0038507
Luke Schoonmaker,TE,DAL,27.0,,Active,3.0,10871,,,143957a7-4649-4a19-b351-e606edc75ebd,00-0038547
Emanuel Wilson,RB,SEA,27.0,,Active,3.0,11435,,,05266280-f323-11ed-bd27-0bcbcaae8d67,00-0038797
Jason Myers,K,SEA,35.0,,Active,11.0,2747,2473037.0,28378.0,7af4c94b-529b-4403-ab66-2bfed3fcf0c7,00-0031492
Jacoby Brissett,QB,ARI,33.0,,Active,10.0,3257,2578570.0,29325.0,ad2258ab-67f0-41c2-bcf3-f3ba145187dc,00-0033119
Michael Badgley,K,,30.0,,Active,7.0,5230,3123052.0,31366.0,375b0d7f-8d03-4111-8c1b-62907f0326a1,00-0034084
C.J. Stroud,QB,HOU,24.0,,Active,3.0,9758,,,7e91086f-9ca4-4bd9-a099-b88b2f37e6c6,00-0039163
Elijah Higgins,TE,ARI,25.0,,Active,3.0,10231,,,a01b7698-d67f-4b60-b2fb-4c667336b718,00-0039041
Mason Rudolph,QB,PIT,30.0,,Active,8.0,4972,3116407.0,31046.0,be4ca0ad-f3d6-4b98-a37f-79d0cbc06390,00-0034771
Greg Dortch,WR,DET,28.0,,Active,7.0,5970,4037235.0,32523.0,4484c7d1-025a-4f26-8e9b-48503afb0c68,00-0035500
Myles Price,WR,MIN,24.0,,Active,1.0,13075,,,c17f53c0-25de-11f0-b2c4-1fd68bf02b2c,00-0040506
,DEF,DEN,,,,,DEN,,,,
Nate Adkins,TE,DEN,26.0,,Active,3.0,11433,,,bcd0ae60-f31c-11ed-819c-fd03d0cc2698,00-0038783
Tank Dell,WR,HOU,26.0,,Active,3.0,9502,,,25e7b423-f716-4d1a-9623-cee3e7d822ab,00-0038977
Marcus Mariota,QB,WAS,32.0,,Active,11.0,2307,2576980.0,28390.0,7c16c04c-04de-41f3-ac16-ad6a9435e3f7,00-0032268
Jake Bates,K,DET,27.0,,Active,3.0,11539,,,3a724be0-3075-11ee-bdab-4565792ee2a3,00-0039172
Jared Wayne,WR,HOU,25.0,,Active,3.0,11056,,,28c09980-e6ea-11ed-8605-b736dbb934f2,00-0038728
Travis Kelce,TE,KC,36.0,,Active,13.0,1466,15847.0,26686.0,c3859e06-5f23-4302-a71b-04820a899d5f,00-0030506
Jordan Mims,RB,,26.0,,Active,3.0,11378,,,6d91ccf0-f013-11ed-88ef-07b7f7d6320c,00-0038678
Darius Slayton,WR,NYG,29.0,,Active,7.0,6149,3916945.0,32003.0,82ed30a5-54a8-4ed0-b040-99c3a78fb055,00-0035535
Jamaal Williams,RB,,29.0,,Active,8.0,4149,2980453.0,30247.0,122e131c-b08c-4b10-901d-481a20aeffb8,00-0033948
Deshaun Watson,QB,CLE,30.0,,Active,9.0,4017,3122840.0,30125.0,eec5265c-7731-4bb6-8af2-4f98a67f9ab7,00-0033537
Nick Mullens,QB,JAX,31.0,,Active,9.0,4464,3059989.0,30563.0,7738fea8-7ea2-4c4c-b589-bca90b070819,00-0033319
Zamir White,RB,,26.0,,Active,4.0,8139,,,440d7750-672e-4293-8eb0-89b241a498eb,00-0038040
Jawhar Jordan,RB,HOU,26.0,,Active,2.0,11588,,,d3ddb80f-6f08-4594-be42-4c2f0716f4ef,00-0039405
Daniel Carlson,K,,31.0,,Active,8.0,5095,3051909.0,31137.0,7bb70550-c28a-4e47-9a13-cc0c0fef8b38,00-0034161
Avery Williams,RB,,27.0,,Active,4.0,7809,,,6b2ee61f-463f-478a-9bfa-e43c8e9b0c2e,00-0036950
Jalen Milroe,QB,SEA,23.0,,Active,1.0,12510,,,b0eb5b67-4ef2-462d-bfe7-e73bcce1f6b0,00-0040673
Darren Waller,TE,,33.0,,Active,11.0,2505,2576925.0,28592.0,14c97c9f-26e8-4944-9299-f90de6aeada3,00-0031610
Chris Collier,RB,LV,26.0,,Active,2.0,11963,,,7fcfe130-06fc-11ef-9592-67ed152bdb91,00-0039244
DeAndre Hopkins,WR,,33.0,,Active,13.0,1426,15795.0,26650.0,5c48ade7-4b9a-4757-9643-87a6e3839e2b,00-0030564
Jalen Brooks,WR,ARI,26.0,,Active,3.0,11034,,,66f7bbe1-eb89-4b48-83db-d947b04ff1fd,00-0038640
Jack Westover,TE,NE,27.0,,Active,2.0,12045,,,22926aa0-0725-11ef-bcfc-752f39cb55fa,00-0039305
Chig Okonkwo,TE,WAS,26.0,,Active,4.0,8210,,,14e11f9b-58c8-437f-abc0-a4e4df9a7c47,00-0037809
Miles Sanders,RB,,28.0,,Active,7.0,6151,4045163.0,31885.0,ef3ceaf4-b733-4e06-a7f4-a94fc67361c1,00-0035243
KeAndre Lambert-Smith,WR,LAC,24.0,,Active,1.0,12670,,,2f6580d2-6f19-4a03-99e8-4dbd9ebf2a73,00-0040184
Zach Davidson,TE,,27.0,,Active,5.0,7943,,,cb5e14e8-87a7-4bad-9fd4-abdd50628abb,00-0036640
Tyson Bagent,QB,CHI,26.0,,Active,3.0,11256,,,9bdeb910-ead2-11ed-999e-03b49558b5db,00-0038416
Marquez Valdes-Scantling,WR,DAL,31.0,,Active,8.0,5086,3051738.0,31144.0,e7f0a505-8060-403e-a3b3-9d4e88dda1dc,00-0034272
Blake Watson,RB,,26.0,,Active,2.0,11568,,,51f21920-0730-11ef-9a3c-99c1643e1512,00-0039573
Brandon McManus,K,,34.0,,Active,13.0,1433,16339.0,27120.0,6444feb1-f5a4-4b45-9a45-79308a4445fd,00-0029822
Bryce Ford-Wheaton,WR,,26.0,,Active,3.0,9499,,,eb139db0-eb91-11ed-bf4f-cdefdf74a897,00-0038477
Josh Jacobs,RB,GB,28.0,,Active,7.0,5850,4047365.0,31856.0,61694ab9-b099-408e-b48d-6a643dd069ec,00-0035700
Zach Charbonnet,RB,SEA,25.0,,Active,3.0,9753,,,7d7f1628-85a7-4633-9ffe-d82fc2761b00,00-0039165
Adrian Martinez,QB,SF,26.0,,Active,3.0,11065,,,e95a83c0-e6f6-11ed-88d6-7977d3a68019,00-0038658
Parris Campbell,WR,,28.0,,Active,7.0,5880,3121410.0,31891.0,db0c3b1c-8d18-435a-864a-cdd696f963b6,00-0035639
Johnny Mundt,TE,PHI,31.0,,Active,9.0,4314,3052096.0,30373.0,6414998b-5831-44aa-8bd8-39e42a323c2c,00-0033246
Mac Jones,QB,SF,27.0,,Active,5.0,7527,,,1fd00ec3-b758-46d2-a2c1-cca521ea8a54,00-0036972
Deuce Vaughn,RB,,24.0,,Active,3.0,9505,,,e444229e-c262-40a7-bb89-61d4b774da55,00-0038622
Geoff Swaim,TE,,31.0,,Active,10.0,2545,3046704.0,28634.0,d0f9112d-2496-450a-9fc5-d2d01b4d2454,00-0032141
Irv Smith,TE,,27.0,,Inactive,6.0,6126,4040980.0,31882.0,ed0e6a30-83d5-4f4b-bf49-f7ff80e21304,00-0034970
Brock Bowers,TE,LV,23.0,,Active,2.0,11604,,,ad9fc7e3-0a6d-4e41-84c2-cf43b71aee13,00-0039338
Ulysses Bentley,RB,IND,25.0,,Active,1.0,12826,,,f71d0370-23b2-11f0-b632-8947e146a0ae,00-0040476
Jayden Daniels,QB,WAS,25.0,,Active,2.0,11566,,,bab8c65a-9fff-410d-8e34-dc2f636d890e,00-0039910
Zach Pascal,WR,,30.0,,Active,8.0,4319,2978109.0,30502.0,7fc949b6-a1cb-4f9d-a06d-b65773409a44,00-0033251
Tom Kennedy,WR,DET,29.0,,Active,7.0,6588,3126997.0,32561.0,dc51b38c-dc82-44ee-a88b-764d681ce58a,00-0035544
Harrison Mevis,K,LAR,24.0,,Active,2.0,12015,,,663ada70-0717-11ef-94de-1b2fbd1e412b,00-0039498
Spencer Shrader,K,IND,27.0,,Active,2.0,12185,,,2d7fa2f0-07d6-11ef-b188-b11373ae105b,00-0039576
Rakim Jarrett,WR,,24.0,,Active,2.0,9495,,,39428290-f1b8-11ed-9bf1-7fd77a26dc1f,00-0038821
Malik Cunningham,WR,DET,27.0,,Active,3.0,10860,,,2bf2f410-e6f2-11ed-abca-c7a3a205e21d,00-0038911
C.J. Uzomah,TE,,32.0,,Active,10.0,2460,2574576.0,28545.0,19858900-5c8e-49a7-ab02-34ef625724ca,00-0032134
Dalton Schultz,TE,HOU,29.0,,Active,8.0,5001,3117256.0,31107.0,8caec1b4-e0b6-4a84-b8c8-617d6e91ef6a,00-0034383
Jaylen Wright,RB,MIA,23.0,,Active,2.0,11643,,,ba9e1390-028b-47c9-8710-84cee3fa25de,00-0039874
Jackson Hawes,TE,BUF,25.0,,Active,1.0,12658,,,87304bcd-83f1-4e59-b9cb-6474f7e0dc01,00-0040194
John Samuel Shenker,TE,,26.0,,Active,2.0,11467,,,fe763ef0-f332-11ed-9cc8-4bf4102a06b2,00-0038920
Jalen Cropper,WR,,24.0,,Active,3.0,11506,,,d67c1e40-f66d-11ed-823b-d335e7ef7897,00-0038740
Dalvin Cook,RB,,29.0,,Active,8.0,4029,3116593.0,30154.0,8960d61e-433b-41ea-a7ad-4e76be87b582,00-0033893
Justin Watson,WR,HOU,30.0,,Active,8.0,5374,3118892.0,31114.0,bdb77276-7191-4454-85c2-e1693a33d709,00-0034386
Ja'Lynn Polk,WR,NO,24.0,,Active,2.0,11619,,,446ecdc5-470d-4cb6-9a77-b54c108e3d3a,00-0039907
Jordan Addison,WR,MIN,24.0,,Active,3.0,9756,,,63fdd64e-1a23-4b77-9536-b1609f3a708c,00-0038994
David Njoku,TE,LAC,29.0,,Active,9.0,4033,3123076.0,30142.0,8f86fcea-90e8-49ea-bc78-5c7659313e57,00-0033885
Kyler Murray,QB,MIN,28.0,,Active,7.0,5849,3917315.0,31833.0,dd5a6b6e-ffae-45a5-b8e6-718a9251f374,00-0035228
Tanner Hudson,TE,CIN,31.0,,Active,8.0,5409,3050481.0,31257.0,2fa75e05-cac4-4b40-8924-dbc9ae0c959c,00-0034613
Beaux Collins,WR,NYG,23.0,,Active,1.0,12889,,,24597d60-247a-11f0-8324-3170fad3f2ab,00-0040432
Baylor Cupp,TE,,25.0,,Active,1.0,12256,,,e23e66a0-0a4b-11ef-81ea-4d1e02cb9588,00-0039316
Andre Baccellia,WR,,29.0,,Active,6.0,7233,3886809.0,32943.0,58266b36-fa48-4f51-b41c-909bf82748f3,00-0035876
Tyler Johnson,WR,DAL,27.0,,Active,6.0,6960,2310331.0,32831.0,93c17735-5275-45cf-b3ef-620351c62313,00-0036427
Mitch Tinsley,WR,CIN,26.0,,Active,3.0,11068,,,0ac39560-e760-11ed-ad1e-4d786886cff5,00-0038839
Michael Pittman,WR,PIT,28.0,,Active,6.0,6819,4035687.0,32704.0,1aefd5e2-1f85-471a-91a5-4aad4cf6fe6d,00-0036252
Ray Davis,RB,BUF,26.0,,Active,2.0,11575,,,a856dd59-ed95-471a-bfb9-fbd0566bd1a9,00-0039875
Juwan Johnson,TE,NO,29.0,,Active,6.0,7002,3929645.0,33113.0,0226b03b-f91d-4223-9813-9fcd2e9c3acc,00-0036040
Tez Johnson,WR,TB,24.0,,Active,1.0,12485,,,ad756d40-39a0-4f5c-bbf5-f31f4c3ee0a6,00-0040237
Tucker Fisk,TE,,27.0,,Active,4.0,8885,,,5d01b190-d51e-11ec-8f44-c7121c9cec59,00-0037654
Jermaine Burton,WR,,24.0,,Active,1.0,11640,,,dc363b05-4551-4cb0-9bfc-ba462cb1cd5b,00-0039810
Phil Mafah,RB,DAL,23.0,,Active,1.0,12738,,,54b97d06-1639-46a3-9dcc-67320687281d,00-0040021
DK Metcalf,WR,PIT,28.0,,Active,7.0,5846,4047650.0,31896.0,754faf0f-40f7-45f0-b23b-6ce990ecaf26,00-0035640
Breece Hall,RB,NYJ,25.0,,Active,4.0,8155,,,db1053d7-3343-43a3-9aab-8353f10f1221,00-0038120
Laviska Shenault,WR,,26.0,,Active,5.0,6814,4243160.0,32712.0,131d3b1a-5746-499e-98ee-4bbf67cd377e,00-0036268
,DEF,KC,,,,,KC,,,,
John Bates,TE,WAS,28.0,,Active,5.0,7716,,,3208880b-949f-4926-85eb-1940770550ea,00-0036628
Nelson Agholor,WR,,31.0,,Active,10.0,2325,2971618.0,28408.0,cfb0ff68-51cb-4dad-ba81-f9e019a93a91,00-0031549
Ashton Dulin,WR,IND,29.0,,Active,7.0,6427,4061956.0,32292.0,f374262b-d642-4d05-9584-5955548ee4d1,00-0035021
J.K. Dobbins,RB,DEN,27.0,,Active,6.0,6806,4241985.0,32725.0,a57b9914-4315-4295-98b4-9b348c52d6a1,00-0036158
Jonathan Taylor,RB,IND,27.0,,Active,6.0,6813,4242335.0,32711.0,925195a4-06ba-4e37-ae7d-a3d6a5419139,00-0036223
Drake Maye,QB,NE,23.0,,Active,2.0,11564,,,d0c0630e-8925-4b81-a32b-e4146d95f01f,00-0039851
AJ Dillon,RB,CAR,28.0,,Active,6.0,6828,4239934.0,32732.0,e10bfeb8-ea01-47bc-bfa8-45f6dcbf71b3,00-0036265
Devin Culp,TE,TB,26.0,,Active,2.0,11820,,,c62dcaf1-79e3-4e15-8fb0-e7cb30a18fe4,00-0039754
Javonte Williams,RB,DAL,26.0,,Active,5.0,7588,,,889dcdc5-3d88-45df-9677-5ad7ff87c011,00-0036997
Chase Edmonds,RB,,29.0,,Active,8.0,5000,3119195.0,31104.0,d8d9b161-7ef4-42bf-89b7-7edf806a0ad1,00-0034681
,DEF,MIN,,,,,MIN,,,,
Cade Stover,TE,HOU,26.0,,Active,2.0,11599,,,559d5222-0403-4a14-94c7-c7bd5072c939,00-0039359
Tyquan Thornton,WR,KC,25.0,,Active,4.0,8188,,,74cda487-2026-42e0-ae32-77f3502cfb11,00-0038104
Colby Parkinson,TE,LAR,27.0,,Active,6.0,6865,4242557.0,32803.0,1ea7affb-e5e7-491a-aaa3-55e200b2eb48,00-0036244
Kenny McIntosh,RB,SEA,26.0,,Active,3.0,10216,,,9956eabc-16da-4a1c-ab80-fe0910bcaa12,00-0038636
Riley Patterson,K,MIA,26.0,,Active,5.0,7922,,,deac735c-af0a-4f01-ada8-379ef66917ba,00-0036816
Jalen Royals,WR,KC,23.0,,Active,1.0,12505,,,0ef78810-a38b-4444-b3b9-fb8b293c567d,00-0040646
Matthew Golden,WR,GB,22.0,,Active,1.0,12501,,,d1963360-c011-4764-9a36-9e627073f68f,00-0040667
Noah Brown,WR,,30.0,,Active,9.0,4234,3121409.0,30352.0,36f62824-1cdb-4e9e-8a11-55df97e562b9,00-0033591
