"RK",TIERS,"PLAYER NAME",TEAM,"POS","BYE WEEK","UPSIDE ","BUST ","SOS SEASON","ECR VS. ADP"
"1",1,"Ja'Marr Chase",CIN,"WR1","6","Coach Upside rating","Coach Bust rating","4 out of 5 stars","+2"
"2",1,"Bijan Robinson",ATL,"RB1","11","Coach Upside rating","Coach Bust rating","2 out of 5 stars","0"
"3",1,"Puka Nacua",LAR,"WR2","11","Coach Upside rating","Coach Bust rating","1 out of 5 stars","+1"
"4",1,"Jahmyr Gibbs",DET,"RB2","6","Coach Upside rating","Coach Bust rating","5 out of 5 stars","-3"
"5",1,"Jaxon Smith-Njigba",SEA,"WR3","11","Coach Upside rating","Coach Bust rating","3 out of 5 stars","0"
"6",2,"Amon-Ra St. Brown",DET,"WR4","6","Coach Upside rating","Coach Bust rating","4 out of 5 stars","+1"
"7",2,"CeeDee Lamb",DAL,"WR5","14","Coach Upside rating","Coach Bust rating","2 out of 5 stars","+5"
"8",2,"Christian McCaffrey",SF,"RB3","8","Coach Upside rating","Coach Bust rating","2 out of 5 stars","-2"
"9",2,"Justin Jefferson",MIN,"WR6","6","Coach Upside rating","Coach Bust rating","5 out of 5 stars","+1"
"10",2,"Jonathan Taylor",IND,"RB4","13","Coach Upside rating","Coach Bust rating","4 out of 5 stars","-2"
"11",2,"Drake London",ATL,"WR7","11","Coach Upside rating","Coach Bust rating","3 out of 5 stars","+7"
"12",3,"Nico Collins",HOU,"WR8","8","Coach Upside rating","Coach Bust rating","3 out of 5 stars","+11"
"13",3,"De'Von Achane",MIA,"RB5","6","Coach Upside rating","Coach Bust rating","3 out of 5 stars","+3"
"14",3,"Ashton Jeanty",LV,"RB6","13","Coach Upside rating","Coach Bust rating","2 out of 5 stars","-5"
"15",3,"A.J. Brown",NE,"WR9","11","Coach Upside rating","Coach Bust rating","2 out of 5 stars","+5"
"16",3,"George Pickens",DAL,"WR10","14","Coach Upside rating","Coach Bust rating","2 out of 5 stars","+8"
"17",3,"Trey McBride",ARI,"TE1","14","Coach Upside rating","Coach Bust rating","2 out of 5 stars","+5"
"18",3,"Chris Olave",NO,"WR11","8","Coach Upside rating","Coach Bust rating","3 out of 5 stars","+11"
"19",3,"James Cook III",BUF,"RB7","7","Coach Upside rating","Coach Bust rating","2 out of 5 stars","-8"
"20",3,"Brock Bowers",LV,"TE2","13","Coach Upside rating","Coach Bust rating","3 out of 5 stars","-1"
"21",3,"Chase Brown",CIN,"RB8","6","Coach Upside rating","Coach Bust rating","2 out of 5 stars","-6"
"22",4,"Rashee Rice",KC,"WR12","5","Coach Upside rating","Coach Bust rating","2 out of 5 stars","+4"
"23",4,"Josh Allen",BUF,"QB1","7","Coach Upside rating","Coach Bust rating","3 out of 5 stars","+4"
"24",4,"Omarion Hampton",LAC,"RB9","7","Coach Upside rating","Coach Bust rating","3 out of 5 stars","-10"
"25",4,"Tetairoa McMillan",CAR,"WR13","5","Coach Upside rating","Coach Bust rating","2 out of 5 stars","+15"
"26",4,"Saquon Barkley",PHI,"RB10","10","Coach Upside rating","Coach Bust rating","4 out of 5 stars","-13"
"",4
"27",4,"DeVonta Smith",PHI,"WR14","10","Coach Upside rating","Coach Bust rating","4 out of 5 stars","+1"
"28",4,"Garrett Wilson",NYJ,"WR15","13","Coach Upside rating","Coach Bust rating","4 out of 5 stars","+9"
"29",4,"Malik Nabers",NYG,"WR16","8","Coach Upside rating","Coach Bust rating","4 out of 5 stars","+5"
"30",4,"Kenneth Walker III",KC,"RB11","5","Coach Upside rating","Coach Bust rating","3 out of 5 stars","-13"
"31",4,"Tee Higgins",CIN,"WR17","6","Coach Upside rating","Coach Bust rating","4 out of 5 stars","+7"
"32",4,"Lamar Jackson",BAL,"QB2","13","Coach Upside rating","Coach Bust rating","3 out of 5 stars","+17"
"33",4,"Drake Maye",NE,"QB3","11","Coach Upside rating","Coach Bust rating","2 out of 5 stars","+28"
"34",4,"Zay Flowers",BAL,"WR18","13","Coach Upside rating","Coach Bust rating","4 out of 5 stars","-2"
"35",4,"Ladd McConkey",LAC,"WR19","7","Coach Upside rating","Coach Bust rating","2 out of 5 stars","0"
"36",5,"Jeremiyah Love",ARI,"RB12","14","Coach Upside rating","Coach Bust rating","2 out of 5 stars","-11"
"37",5,"Derrick Henry",BAL,"RB13","13","Coach Upside rating","Coach Bust rating","3 out of 5 stars","-16"
"38",5,"Colston Loveland",CHI,"TE3","10","Coach Upside rating","Coach Bust rating","2 out of 5 stars","+3"
"39",5,"Jaylen Waddle",DEN,"WR20","10","Coach Upside rating","Coach Bust rating","2 out of 5 stars","+7"
"40",5,"Breece Hall",NYJ,"RB14","13","Coach Upside rating","Coach Bust rating","3 out of 5 stars","-10"
"41",5,"Terry McLaurin",WAS,"WR21","7","Coach Upside rating","Coach Bust rating","2 out of 5 stars","+3"
"42",5,"Kyren Williams",LAR,"RB15","11","Coach Upside rating","Coach Bust rating","5 out of 5 stars","-11"
"43",5,"Emeka Egbuka",TB,"WR22","10","Coach Upside rating","Coach Bust rating","4 out of 5 stars","-4"
"44",5,"Joe Burrow",CIN,"QB4","6","Coach Upside rating","Coach Bust rating","3 out of 5 stars","+14"
"45",5,"Josh Jacobs",GB,"RB16","11","Coach Upside rating","Coach Bust rating","4 out of 5 stars","-3"
"46",5,"Luther Burden III",CHI,"WR23","10","Coach Upside rating","Coach Bust rating","3 out of 5 stars","-3"
"47",5,"Travis Etienne Jr.",NO,"RB17","8","Coach Upside rating","Coach Bust rating","3 out of 5 stars","-14"
"48",5,"Javonte Williams",DAL,"RB18","14","Coach Upside rating","Coach Bust rating","4 out of 5 stars","-12"
"49",5,"Davante Adams",LAR,"WR24","11","Coach Upside rating","Coach Bust rating","1 out of 5 stars","-2"
"50",5,"Mike Evans",SF,"WR25","8","Coach Upside rating","Coach Bust rating","2 out of 5 stars","+5"
"51",5,"Jameson Williams",DET,"WR26","6","Coach Upside rating","Coach Bust rating","4 out of 5 stars","0"
"52",6,"DJ Moore",BUF,"WR27","7","Coach Upside rating","Coach Bust rating","4 out of 5 stars","+2"
"53",6,"Tyler Warren",IND,"TE4","13","Coach Upside rating","Coach Bust rating","3 out of 5 stars","+10"
"54",6,"Jalen Hurts",PHI,"QB5","10","Coach Upside rating","Coach Bust rating","5 out of 5 stars","+19"
"55",6,"Cam Skattebo",NYG,"RB19","8","Coach Upside rating","Coach Bust rating","4 out of 5 stars","-10"
"56",6,"Bucky Irving",TB,"RB20","10","Coach Upside rating","Coach Bust rating","2 out of 5 stars","+3"
"57",6,"Christian Watson",GB,"WR28","11","Coach Upside rating","Coach Bust rating","5 out of 5 stars","-1"
"58",6,"Jayden Daniels",WAS,"QB6","7","Coach Upside rating","Coach Bust rating","2 out of 5 stars","+6"
"59",6,"TreVeyon Henderson",NE,"RB21","11","Coach Upside rating","Coach Bust rating","2 out of 5 stars","-7"
"60",6,"Quinshon Judkins",CLE,"RB22","11","Coach Upside rating","Coach Bust rating","3 out of 5 stars","-7"
"61",6,"Rome Odunze",CHI,"WR29","10","Coach Upside rating","Coach Bust rating","3 out of 5 stars","-1"
"62",6,"D'Andre Swift",CHI,"RB23","10","Coach Upside rating","Coach Bust rating","2 out of 5 stars","-12"
"63",6,"Carnell Tate",TEN,"WR30","9","Coach Upside rating","Coach Bust rating","3 out of 5 stars","-1"
"64",6,"Jaylen Warren",PIT,"RB24","9","Coach Upside rating","Coach Bust rating","2 out of 5 stars","+6"
"65",6,"Caleb Williams",CHI,"QB7","10","Coach Upside rating","Coach Bust rating","3 out of 5 stars","+4"
"66",6,"David Montgomery",HOU,"RB25","8","Coach Upside rating","Coach Bust rating","4 out of 5 stars","-18"
"67",6,"Harold Fannin Jr.",CLE,"TE5","11","Coach Upside rating","Coach Bust rating","3 out of 5 stars","+30"
"68",6,"Tucker Kraft",GB,"TE6","11","Coach Upside rating","Coach Bust rating","2 out of 5 stars","+16"
"69",6,"Justin Herbert",LAC,"QB8","7","Coach Upside rating","Coach Bust rating","2 out of 5 stars","+6"
"70",6,"Marvin Harrison Jr.",ARI,"WR31","14","Coach Upside rating","Coach Bust rating","2 out of 5 stars","-2"
"71",7,"Alec Pierce",IND,"WR32","13","Coach Upside rating","Coach Bust rating","4 out of 5 stars","+10"
"72",7,"Courtland Sutton",DEN,"WR33","10","Coach Upside rating","Coach Bust rating","2 out of 5 stars","+4"
"73",7,"DK Metcalf",PIT,"WR34","9","Coach Upside rating","Coach Bust rating","3 out of 5 stars","-1"
"74",7,"Bhayshul Tuten",JAC,"RB26","7","Coach Upside rating","Coach Bust rating","4 out of 5 stars","-17"
"75",7,"Trevor Lawrence",JAC,"QB9","7","Coach Upside rating","Coach Bust rating","4 out of 5 stars","+5"
"76",7,"Chuba Hubbard",CAR,"RB27","5","Coach Upside rating","Coach Bust rating","1 out of 5 stars","-2"
"77",7,"Chris Godwin Jr.",TB,"WR35","10","Coach Upside rating","Coach Bust rating","4 out of 5 stars","+11"
"78",7,"Jadarian Price",SEA,"RB28","11","Coach Upside rating","Coach Bust rating","4 out of 5 stars","-13"
"79",7,"RJ Harvey",DEN,"RB29","10","Coach Upside rating","Coach Bust rating","2 out of 5 stars","+3"
"80",7,"Kyle Pitts Sr.",ATL,"TE7","11","Coach Upside rating","Coach Bust rating","3 out of 5 stars","+14"
"81",7,"Michael Wilson",ARI,"WR36","14","Coach Upside rating–No rating available","Coach Bust rating–No rating available","2 out of 5 stars","+9"
"82",7,"Jaxson Dart",NYG,"QB10","8","Coach Upside rating","Coach Bust rating","4 out of 5 stars","+9"
"83",7,"Dak Prescott",DAL,"QB11","14","Coach Upside rating","Coach Bust rating","2 out of 5 stars","-4"
"84",7,"Michael Pittman Jr.",PIT,"WR37","9","Coach Upside rating","Coach Bust rating","3 out of 5 stars","+3"
"85",7,"Jordyn Tyson",NO,"WR38","8","Coach Upside rating","Coach Bust rating","3 out of 5 stars","-14"
"86",7,"Wan'Dale Robinson",TEN,"WR39","9","Coach Upside rating","Coach Bust rating","3 out of 5 stars","+25"
"87",7,"Rhamondre Stevenson",NE,"RB30","11","Coach Upside rating","Coach Bust rating","2 out of 5 stars","-10"
"88",7,"Rico Dowdle",PIT,"RB31","9","Coach Upside rating","Coach Bust rating","2 out of 5 stars","+1"
"89",7,"Tony Pollard",TEN,"RB32","9","Coach Upside rating","Coach Bust rating","3 out of 5 stars","-11"
"90",7,"Sam LaPorta",DET,"TE8","6","Coach Upside rating","Coach Bust rating","3 out of 5 stars","+8"
"",7
"91",7,"Jakobi Meyers",JAC,"WR40","7","Coach Upside rating","Coach Bust rating","4 out of 5 stars","+14"
"92",7,"Brian Thomas Jr.",JAC,"WR41","7","Coach Upside rating","Coach Bust rating","4 out of 5 stars","-26"
"93",7,"Makai Lemon",PHI,"WR42","10","Coach Upside rating","Coach Bust rating","4 out of 5 stars","-8"
"94",7,"Brock Purdy",SF,"QB12","8","Coach Upside rating","Coach Bust rating","1 out of 5 stars","+1"
"95",7,"Parker Washington",JAC,"WR43","7","Coach Upside rating","Coach Bust rating","4 out of 5 stars","-28"
"96",8,"Kyle Monangai",CHI,"RB33","10","Coach Upside rating","Coach Bust rating","2 out of 5 stars","+3"
"97",8,"Kenny Gainwell",TB,"RB34","10","Coach Upside rating","Coach Bust rating","2 out of 5 stars","-11"
"98",8,"Josh Downs",IND,"WR44","13","Coach Upside rating","Coach Bust rating","4 out of 5 stars","+2"
"99",8,"Patrick Mahomes II",KC,"QB13","5","Coach Upside rating","Coach Bust rating","2 out of 5 stars","-6"
"100",8,"Ricky Pearsall",SF,"WR45","8","Coach Upside rating","Coach Bust rating","2 out of 5 stars","+1"
"101",8,"Travis Kelce",KC,"TE9","5","Coach Upside rating","Coach Bust rating","4 out of 5 stars","+16"
"102",8,"Bo Nix",DEN,"QB14","10","Coach Upside rating","Coach Bust rating","3 out of 5 stars","+5"
"103",8,"Matthew Stafford",LAR,"QB15","11","Coach Upside rating","Coach Bust rating","3 out of 5 stars","-11"
"104",8,"Jake Ferguson",DAL,"TE10","14","Coach Upside rating","Coach Bust rating","2 out of 5 stars","+20"
"105",8,"Aaron Jones Sr.",MIN,"RB35","6","Coach Upside rating","Coach Bust rating","4 out of 5 stars","+16"
"106",8,"Jordan Addison",MIN,"WR46","6","Coach Upside rating","Coach Bust rating","5 out of 5 stars","-4"
"107",8,"J.K. Dobbins",DEN,"RB36","10","Coach Upside rating","Coach Bust rating","2 out of 5 stars","+3"
"108",8,"Blake Corum",LAR,"RB37","11","Coach Upside rating","Coach Bust rating","5 out of 5 stars","-4"
"109",8,"Dalton Kincaid",BUF,"TE11","7","Coach Upside rating","Coach Bust rating","3 out of 5 stars","+10"
"110",8,"Jared Goff",DET,"QB16","6","Coach Upside rating","Coach Bust rating","5 out of 5 stars","-4"
"111",8,"Quentin Johnston",LAC,"WR47","7","Coach Upside rating","Coach Bust rating","2 out of 5 stars","-28"
"112",8,"Jayden Reed",GB,"WR48","11","Coach Upside rating","Coach Bust rating","5 out of 5 stars","-16"
"113",8,"Kyler Murray",MIN,"QB17","6","Coach Upside rating","Coach Bust rating","5 out of 5 stars","-1"
"114",8,"Khalil Shakir",BUF,"WR49","7","Coach Upside rating","Coach Bust rating","4 out of 5 stars","+9"
"115",8,"George Kittle",SF,"TE12","8","Coach Upside rating","Coach Bust rating","3 out of 5 stars","+5"
"116",8,"Rachaad White",WAS,"RB38","7","Coach Upside rating","Coach Bust rating","4 out of 5 stars","-7"
"117",8,"Jordan Love",GB,"QB18","11","Coach Upside rating","Coach Bust rating","4 out of 5 stars","-4"
"118",8,"Jayden Higgins",HOU,"WR50","8","Coach Upside rating","Coach Bust rating","3 out of 5 stars","+7"
"119",8,"Baker Mayfield",TB,"QB19","10","Coach Upside rating","Coach Bust rating","2 out of 5 stars","-5"
"120",8,"Dallas Goedert",PHI,"TE13","10","Coach Upside rating","Coach Bust rating","4 out of 5 stars","+13"
"121",8,"Tyler Shough",NO,"QB20","8","Coach Upside rating","Coach Bust rating","3 out of 5 stars","-6"
"122",8,"Isaiah Likely",NYG,"TE14","8","Coach Upside rating","Coach Bust rating","3 out of 5 stars","+4"
"123",8,"Xavier Worthy",KC,"WR51","5","Coach Upside rating","Coach Bust rating","2 out of 5 stars","-15"
"124",8,"Tyrone Tracy Jr.",NYG,"RB39","8","Coach Upside rating","Coach Bust rating","4 out of 5 stars","+5"
"125",8,"Jacory Croskey-Merritt",WAS,"RB40","7","Coach Upside rating","Coach Bust rating","4 out of 5 stars","+6"
"126",9,"KC Concepcion",CLE,"WR52","11","Coach Upside rating","Coach Bust rating","3 out of 5 stars","+1"
"127",9,"Romeo Doubs",NE,"WR53","11","Coach Upside rating","Coach Bust rating","2 out of 5 stars","-9"
"128",9,"Jordan Mason",MIN,"RB41","6","Coach Upside rating","Coach Bust rating","4 out of 5 stars","-6"
"129",9,"Malik Willis",MIA,"QB21","6","Coach Upside rating","Coach Bust rating","3 out of 5 stars","-1"
"130",9,"Tyler Allgeier",ARI,"RB42","14","Coach Upside rating","Coach Bust rating","2 out of 5 stars","+18"
"131",9,"Jalen Coker",CAR,"WR54","5","Coach Upside rating","Coach Bust rating","2 out of 5 stars","-1"
"132",9,"Woody Marks",HOU,"RB43","8","Coach Upside rating","Coach Bust rating","4 out of 5 stars","+10"
"133",9,"Mark Andrews",BAL,"TE15","13","Coach Upside rating","Coach Bust rating","4 out of 5 stars","-1"
"134",9,"Zach Charbonnet",SEA,"RB44","11","Coach Upside rating","Coach Bust rating","4 out of 5 stars","+26"
"135",9,"C.J. Stroud",HOU,"QB22","8","Coach Upside rating","Coach Bust rating","4 out of 5 stars","+2"
"136",9,"Sam Darnold",SEA,"QB23","11","Coach Upside rating","Coach Bust rating","4 out of 5 stars","+3"
"137",9,"Juwan Johnson",NO,"TE16","8","Coach Upside rating","Coach Bust rating","2 out of 5 stars","+9"
"138",9,"Tyjae Spears",TEN,"RB45","9","Coach Upside rating","Coach Bust rating","3 out of 5 stars","+17"
"139",9,"Matthew Golden",GB,"WR55","11","Coach Upside rating","Coach Bust rating","5 out of 5 stars","-23"
"140",9,"Dylan Sampson",CLE,"RB46","11","Coach Upside rating","Coach Bust rating","3 out of 5 stars","+9"
"141",9,"Alvin Kamara",NO,"RB47","8","Coach Upside rating","Coach Bust rating","3 out of 5 stars","+29"
"142",9,"Cam Ward",TEN,"QB24","9","Coach Upside rating","Coach Bust rating","3 out of 5 stars","-6"
"143",9,"Jonathon Brooks",CAR,"RB48","5","Coach Upside rating","Coach Bust rating","1 out of 5 stars","-40"
"144",9,"Isiah Pacheco",DET,"RB49","6","Coach Upside rating","Coach Bust rating","5 out of 5 stars","+3"
"145",9,"Chris Rodriguez Jr.",JAC,"RB50","7","Coach Upside rating","Coach Bust rating","4 out of 5 stars","-10"
"146",9,"Brenton Strange",JAC,"TE17","7","Coach Upside rating","Coach Bust rating","3 out of 5 stars","+5"
"147",9,"Oronde Gadsden II",LAC,"TE18","7","Coach Upside rating","Coach Bust rating","4 out of 5 stars","-7"
"148",9,"Jerry Jeudy",CLE,"WR56","11","Coach Upside rating","Coach Bust rating","3 out of 5 stars","+27"
"149",9,"Rashid Shaheed",SEA,"WR57","11","Coach Upside rating","Coach Bust rating","3 out of 5 stars","-6"
"150",9,"Jauan Jennings",MIN,"WR58","6","Coach Upside rating","Coach Bust rating","5 out of 5 stars","+2"
"151",9,"Denzel Boston",CLE,"WR59","11","Coach Upside rating","Coach Bust rating","3 out of 5 stars","+7"
"152",9,"Hunter Henry",NE,"TE19","11","Coach Upside rating","Coach Bust rating","4 out of 5 stars","+4"
"153",9,"Daniel Jones",IND,"QB25","13","Coach Upside rating","Coach Bust rating","4 out of 5 stars","-9"
"154",9,"Bryce Young",CAR,"QB26","5","Coach Upside rating","Coach Bust rating","2 out of 5 stars","-1"
"155",9,"Omar Cooper Jr.",NYJ,"WR60","13","Coach Upside rating","Coach Bust rating","4 out of 5 stars","+4"
"156",9,"Keaton Mitchell",LAC,"RB51","7","Coach Upside rating","Coach Bust rating","3 out of 5 stars","-18"
"157",10,"Travis Hunter",JAC,"WR61","7","Coach Upside rating","Coach Bust rating","4 out of 5 stars","+8"
"158",10,"Jonah Coleman",DEN,"RB52","10","Coach Upside rating","Coach Bust rating","2 out of 5 stars","+3"
"159",10,"James Conner",ARI,"RB53","14","Coach Upside rating","Coach Bust rating","2 out of 5 stars","+56"
"160",10,"Adonai Mitchell",NYJ,"WR62","13","Coach Upside rating","Coach Bust rating","4 out of 5 stars","+20"
"161",10,"Dalton Schultz",HOU,"TE20","8","Coach Upside rating","Coach Bust rating","4 out of 5 stars","+12"
"162",10,"Houston Texans",HOU,"DST1","8","Coach Upside rating–No rating available","Coach Bust rating–No rating available","2 out of 5 stars","+37"
"163",10,"Chig Okonkwo",WAS,"TE21","7","Coach Upside rating","Coach Bust rating","1 out of 5 stars","-22"
"164",10,"Braelon Allen",NYJ,"RB54","13","Coach Upside rating","Coach Bust rating","3 out of 5 stars","+22"
"165",10,"Jalen McMillan",TB,"WR63","10","Coach Upside rating","Coach Bust rating","4 out of 5 stars","-20"
"166",10,"Brian Robinson Jr.",ATL,"RB55","11","Coach Upside rating","Coach Bust rating","2 out of 5 stars","+3"
"167",10,"Tre' Harris",LAC,"WR64","7","Coach Upside rating","Coach Bust rating","2 out of 5 stars","-5"
"168",10,"Kayshon Boutte",NE,"WR65","11","Coach Upside rating","Coach Bust rating","2 out of 5 stars","+39"
"169",10,"Tre Tucker",LV,"WR66","13","Coach Upside rating","Coach Bust rating","2 out of 5 stars","-19"
"170",10,"Emanuel Wilson",SEA,"RB56","11","Coach Upside rating","Coach Bust rating","4 out of 5 stars","+28"
"171",10,"Troy Franklin",DEN,"WR67","10","Coach Upside rating","Coach Bust rating","2 out of 5 stars","+37"
"172",10,"Deebo Samuel Sr.",FA,"WR68","-","Coach Upside rating–No rating available","Coach Bust rating–No rating available","-","-5"
"173",10,"Stefon Diggs",FA,"WR69","-","Coach Upside rating","Coach Bust rating","-","-39"
"174",10,"Tank Bigsby",PHI,"RB57","10","Coach Upside rating","Coach Bust rating","4 out of 5 stars","-6"
"175",10,"T.J. Hockenson",MIN,"TE22","6","Coach Upside rating","Coach Bust rating","4 out of 5 stars","-11"
"176",10,"Denver Broncos",DEN,"DST2","10","Coach Upside rating–No rating available","Coach Bust rating–No rating available","4 out of 5 stars","+38"
"177",10,"Seattle Seahawks",SEA,"DST3","11","Coach Upside rating–No rating available","Coach Bust rating–No rating available","2 out of 5 stars","+29"
"178",10,"Kimani Vidal",LAC,"RB58","7","Coach Upside rating–No rating available","Coach Bust rating–No rating available","3 out of 5 stars","+11"
"179",10,"Ryan Flournoy",DAL,"WR70","14","Coach Upside rating","Coach Bust rating","2 out of 5 stars","-13"
"180",10,"Los Angeles Rams",LAR,"DST4","11","Coach Upside rating–No rating available","Coach Bust rating–No rating available","2 out of 5 stars","+25"
"181",10,"Jacoby Brissett",ARI,"QB27","14","Coach Upside rating","Coach Bust rating","2 out of 5 stars","-5"
"182",10,"Brandon Aiyuk",SF,"WR71","8","Coach Upside rating","Coach Bust rating","2 out of 5 stars","+6"
"183",10,"Philadelphia Eagles",PHI,"DST5","10","Coach Upside rating–No rating available","Coach Bust rating–No rating available","0 out of 5 stars","+39"
"184",10,"Calvin Ridley",TEN,"WR72","9","Coach Upside rating","Coach Bust rating","3 out of 5 stars","+8"
"185",10,"Emmett Johnson",KC,"RB59","5","Coach Upside rating","Coach Bust rating","3 out of 5 stars","-8"
"186",10,"Jaylin Noel",HOU,"WR73","8","Coach Upside rating","Coach Bust rating","3 out of 5 stars","+60"
"187",10,"Kenyon Sadiq",NYJ,"TE23","13","Coach Upside rating","Coach Bust rating","4 out of 5 stars","-30"
"188",10,"AJ Barner",SEA,"TE24","11","Coach Upside rating","Coach Bust rating","3 out of 5 stars","-5"
"189",10,"Pat Bryant",DEN,"WR74","10","Coach Upside rating–No rating available","Coach Bust rating–No rating available","2 out of 5 stars","+55"
"190",10,"Isaac TeSlaa",DET,"WR75","6","Coach Upside rating","Coach Bust rating","4 out of 5 stars","-19"
"191",10,"Sean Tucker",TB,"RB60","10","Coach Upside rating","Coach Bust rating","2 out of 5 stars","-10"
"192",10,"Darnell Mooney",NYG,"WR76","8","Coach Upside rating–No rating available","Coach Bust rating–No rating available","4 out of 5 stars","+5"
"193",10,"Brandon Aubrey",DAL,"K1","14","Coach Upside rating","Coach Bust rating","2 out of 5 stars","-"
"194",10,"New England Patriots",NE,"DST6","11","Coach Upside rating–No rating available","Coach Bust rating–No rating available","3 out of 5 stars","+25"
"195",10,"Pittsburgh Steelers",PIT,"DST7","9","Coach Upside rating–No rating available","Coach Bust rating–No rating available","5 out of 5 stars","+33"
"196",10,"Jacksonville Jaguars",JAC,"DST8","7","Coach Upside rating–No rating available","Coach Bust rating–No rating available","3 out of 5 stars","+33"
"197",10,"Minnesota Vikings",MIN,"DST9","6","Coach Upside rating–No rating available","Coach Bust rating–No rating available","1 out of 5 stars","+30"
"198",11,"Chimere Dike",TEN,"WR77","9","Coach Upside rating","Coach Bust rating","3 out of 5 stars","+113"
"199",11,"Los Angeles Chargers",LAC,"DST10","7","Coach Upside rating–No rating available","Coach Bust rating–No rating available","3 out of 5 stars","+33"
"200",11,"Ray Davis",BUF,"RB61","7","Coach Upside rating–No rating available","Coach Bust rating–No rating available","2 out of 5 stars","-13"
"201",11,"Mike Washington Jr.",LV,"RB62","13","Coach Upside rating","Coach Bust rating","2 out of 5 stars","-8"
"202",11,"Cameron Dicker",LAC,"K2","7","Coach Upside rating–No rating available","Coach Bust rating–No rating available","2 out of 5 stars","-"
"203",11,"Ka'imi Fairbairn",HOU,"K3","8","Coach Upside rating","Coach Bust rating","2 out of 5 stars","-"
"204",11,"Jason Myers",SEA,"K4","11","Coach Upside rating–No rating available","Coach Bust rating–No rating available","4 out of 5 stars","-"
"205",11,"Gunnar Helm",TEN,"TE25","9","Coach Upside rating–No rating available","Coach Bust rating–No rating available","3 out of 5 stars","-20"
"206",11,"Cam Little",JAC,"K5","7","Coach Upside rating–No rating available","Coach Bust rating–No rating available","4 out of 5 stars","-"
"207",11,"Dontayvion Wicks",PHI,"WR78","10","Coach Upside rating–No rating available","Coach Bust rating–No rating available","4 out of 5 stars","+2"
"208",11,"Green Bay Packers",GB,"DST11","11","Coach Upside rating–No rating available","Coach Bust rating–No rating available","2 out of 5 stars","+37"
"209",11,"Malik Washington",MIA,"WR79","6","Coach Upside rating–No rating available","Coach Bust rating–No rating available","3 out of 5 stars","-30"
"210",11,"Antonio Williams",WAS,"WR80","7","Coach Upside rating–No rating available","Coach Bust rating–No rating available","2 out of 5 stars","-36"
"211",11,"Kansas City Chiefs",KC,"DST12","5","Coach Upside rating–No rating available","Coach Bust rating–No rating available","3 out of 5 stars","+40"
"212",11,"Jalen Nailor",LV,"WR81","13","Coach Upside rating–No rating available","Coach Bust rating–No rating available","2 out of 5 stars","-58"
"213",11,"Eddy Pineiro",SF,"K6","8","Coach Upside rating–No rating available","Coach Bust rating–No rating available","5 out of 5 stars","-"
"214",11,"Tyler Loop",BAL,"K7","13","Coach Upside rating–No rating available","Coach Bust rating–No rating available","3 out of 5 stars","-"
"215",11,"Baltimore Ravens",BAL,"DST13","13","Coach Upside rating–No rating available","Coach Bust rating–No rating available","5 out of 5 stars","+20"
"216",11,"Jaylen Wright",MIA,"RB63","6","Coach Upside rating–No rating available","Coach Bust rating–No rating available","3 out of 5 stars","+22"
"217",11,"Nicholas Singleton",TEN,"RB64","9","Coach Upside rating","Coach Bust rating","3 out of 5 stars","-26"
"218",11,"Kaytron Allen",WAS,"RB65","7","Coach Upside rating","Coach Bust rating","4 out of 5 stars","-36"
"219",11,"Evan McPherson",CIN,"K8","6","Coach Upside rating–No rating available","Coach Bust rating–No rating available","2 out of 5 stars","-"
"220",11,"Elic Ayomanor",TEN,"WR82","9","Coach Upside rating–No rating available","Coach Bust rating–No rating available","3 out of 5 stars","+80"
"221",11,"De'Zhaun Stribling",SF,"WR83","8","Coach Upside rating–No rating available","Coach Bust rating–No rating available","2 out of 5 stars","-21"
"222",11,"Geno Smith",NYJ,"QB28","13","Coach Upside rating–No rating available","Coach Bust rating–No rating available","4 out of 5 stars","-44"
"223",11,"Cleveland Browns",CLE,"DST14","11","Coach Upside rating–No rating available","Coach Bust rating–No rating available","5 out of 5 stars","+14"
"224",11,"Cairo Santos",CHI,"K9","10","Coach Upside rating–No rating available","Coach Bust rating–No rating available","0 out of 5 stars","-"
"225",11,"Andy Borregales",NE,"K10","11","Coach Upside rating–No rating available","Coach Bust rating–No rating available","1 out of 5 stars","-"
"226",11,"Cooper Kupp",SEA,"WR84","11","Coach Upside rating–No rating available","Coach Bust rating–No rating available","3 out of 5 stars","-10"
"227",11,"Detroit Lions",DET,"DST15","6","Coach Upside rating–No rating available","Coach Bust rating–No rating available","5 out of 5 stars","+22"
"228",11,"David Njoku",LAC,"TE26","7","Coach Upside rating–No rating available","Coach Bust rating–No rating available","4 out of 5 stars","-24"
"229",11,"Tyreek Hill",FA,"WR85","-","Coach Upside rating–No rating available","Coach Bust rating–No rating available","-","-8"
"230",11,"Tank Dell",HOU,"WR86","8","Coach Upside rating–No rating available","Coach Bust rating–No rating available","3 out of 5 stars","-29"
"231",11,"Aaron Rodgers",PIT,"QB29","9","Coach Upside rating–No rating available","Coach Bust rating–No rating available","2 out of 5 stars","-68"
"232",11,"Fernando Mendoza",LV,"QB30","13","Coach Upside rating–No rating available","Coach Bust rating–No rating available","1 out of 5 stars","-60"
"233",11,"Ted Hurst III",TB,"WR87","10","Coach Upside rating–No rating available","Coach Bust rating–No rating available","4 out of 5 stars","+8"
"234",11,"Jake Bates",DET,"K11","6","Coach Upside rating–No rating available","Coach Bust rating–No rating available","5 out of 5 stars","-"
"235",11,"Chase McLaughlin",TB,"K12","10","Coach Upside rating–No rating available","Coach Bust rating–No rating available","3 out of 5 stars","-"
"236",11,"Rashod Bateman",BAL,"WR88","13","Coach Upside rating–No rating available","Coach Bust rating–No rating available","4 out of 5 stars","+31"
"237",11,"Pat Freiermuth",PIT,"TE27","9","Coach Upside rating–No rating available","Coach Bust rating–No rating available","2 out of 5 stars","-41"
"238",11,"Buffalo Bills",BUF,"DST16","7","Coach Upside rating–No rating available","Coach Bust rating–No rating available","3 out of 5 stars","+12"
"239",11,"Germie Bernard",PIT,"WR89","9","Coach Upside rating–No rating available","Coach Bust rating–No rating available","3 out of 5 stars","-8"
"240",11,"Cade Otton",TB,"TE28","10","Coach Upside rating–No rating available","Coach Bust rating–No rating available","2 out of 5 stars","-45"
"241",11,"Terrance Ferguson",LAR,"TE29","11","Coach Upside rating–No rating available","Coach Bust rating–No rating available","4 out of 5 stars","-29"
"242",11,"Ollie Gordon II",MIA,"RB66","6","Coach Upside rating–No rating available","Coach Bust rating–No rating available","3 out of 5 stars","+82"
"243",11,"Colby Parkinson",LAR,"TE30","11","Coach Upside rating–No rating available","Coach Bust rating–No rating available","4 out of 5 stars","-30"
"244",11,"Mason Taylor",NYJ,"TE31","13","Coach Upside rating–No rating available","Coach Bust rating–No rating available","4 out of 5 stars","+74"
"245",11,"Harrison Butker",KC,"K13","5","Coach Upside rating–No rating available","Coach Bust rating–No rating available","5 out of 5 stars","-"
"246",11,"Jack Bech",LV,"WR90","13","Coach Upside rating–No rating available","Coach Bust rating–No rating available","2 out of 5 stars","+82"
"247",11,"Zachariah Branch",ATL,"WR91","11","Coach Upside rating–No rating available","Coach Bust rating–No rating available","3 out of 5 stars","-57"
"248",12,"Justice Hill",BAL,"RB67","13","Coach Upside rating–No rating available","Coach Bust rating–No rating available","3 out of 5 stars","-15"
"249",12,"Harrison Mevis",LAR,"K14","11","Coach Upside rating–No rating available","Coach Bust rating–No rating available","2 out of 5 stars","-"
"250",12,"Theo Johnson",NYG,"TE32","8","Coach Upside rating–No rating available","Coach Bust rating–No rating available","3 out of 5 stars","+19"
"251",12,"Keon Coleman",BUF,"WR92","7","Coach Upside rating–No rating available","Coach Bust rating–No rating available","4 out of 5 stars","-9"
"252",12,"Evan Engram",DEN,"TE33","10","Coach Upside rating–No rating available","Coach Bust rating–No rating available","4 out of 5 stars","+6"
"253",12,"Chris Boswell",PIT,"K15","9","Coach Upside rating–No rating available","Coach Bust rating–No rating available","4 out of 5 stars","-"
"254",12,"Devin Neal",NO,"RB68","8","Coach Upside rating–No rating available","Coach Bust rating–No rating available","3 out of 5 stars","+147"
"255",12,"Christian Kirk",SF,"WR93","8","Coach Upside rating–No rating available","Coach Bust rating–No rating available","2 out of 5 stars","-53"
"256",12,"Chris Bell",MIA,"WR94","6","Coach Upside rating–No rating available","Coach Bust rating–No rating available","3 out of 5 stars","-26"
"257",12,"Kaleb Johnson",PIT,"RB69","9","Coach Upside rating–No rating available","Coach Bust rating–No rating available","2 out of 5 stars","+142"
"258",12,"Trey Benson",ARI,"RB70","14","Coach Upside rating–No rating available","Coach Bust rating–No rating available","2 out of 5 stars","+132"
"259",12,"Isaiah Davis",NYJ,"RB71","13","Coach Upside rating–No rating available","Coach Bust rating–No rating available","3 out of 5 stars","+138"
"260",12,"MarShawn Lloyd",GB,"RB72","11","Coach Upside rating–No rating available","Coach Bust rating–No rating available","4 out of 5 stars","-50"
"261",12,"Ty Johnson",BUF,"RB73","7","Coach Upside rating–No rating available","Coach Bust rating–No rating available","2 out of 5 stars","+5"
"262",12,"Tory Horton",SEA,"WR95","11","Coach Upside rating–No rating available","Coach Bust rating–No rating available","3 out of 5 stars","+6"
"263",12,"Eli Stowers",PHI,"TE34","10","Coach Upside rating–No rating available","Coach Bust rating–No rating available","4 out of 5 stars","-39"
"264",12,"Marvin Mims Jr.",DEN,"WR96","10","Coach Upside rating–No rating available","Coach Bust rating–No rating available","2 out of 5 stars","+58"
"265",12,"Chris Brooks",GB,"RB74","11","Coach Upside rating–No rating available","Coach Bust rating–No rating available","4 out of 5 stars","+49"
"266",12,"Michael Penix Jr.",ATL,"QB31","11","Coach Upside rating–No rating available","Coach Bust rating–No rating available","4 out of 5 stars","-40"
"267",12,"Elijah Sarratt",BAL,"WR97","13","Coach Upside rating–No rating available","Coach Bust rating–No rating available","4 out of 5 stars","-19"
"268",12,"Malachi Fields",NYG,"WR98","8","Coach Upside rating–No rating available","Coach Bust rating–No rating available","4 out of 5 stars","-32"
"269",12,"Mack Hollins",NE,"WR99","11","Coach Upside rating–No rating available","Coach Bust rating–No rating available","2 out of 5 stars","+126"
"270",12,"DJ Giddens",IND,"RB75","13","Coach Upside rating–No rating available","Coach Bust rating–No rating available","4 out of 5 stars","+26"
"271",12,"Jaydon Blue",DAL,"RB76","14","Coach Upside rating–No rating available","Coach Bust rating–No rating available","4 out of 5 stars","-60"
"272",12,"Tua Tagovailoa",ATL,"QB32","11","Coach Upside rating–No rating available","Coach Bust rating–No rating available","4 out of 5 stars","-78"
"273",12,"Darius Slayton",NYG,"WR100","8","Coach Upside rating–No rating available","Coach Bust rating–No rating available","4 out of 5 stars","+29"
"274",12,"Kendre Miller",NO,"RB77","8","Coach Upside rating–No rating available","Coach Bust rating–No rating available","3 out of 5 stars","+63"
"275",12,"Kyle Williams",NE,"WR101","11","Coach Upside rating–No rating available","Coach Bust rating–No rating available","2 out of 5 stars","+132"
"276",12,"Xavier Legette",CAR,"WR102","5","Coach Upside rating–No rating available","Coach Bust rating–No rating available","2 out of 5 stars","+54"
"277",12,"Seth McGowan",IND,"RB78","13","Coach Upside rating–No rating available","Coach Bust rating–No rating available","4 out of 5 stars","+105"
"278",12,"Demond Claiborne",MIN,"RB79","6","Coach Upside rating–No rating available","Coach Bust rating–No rating available","4 out of 5 stars","-60"
"279",12,"Samaje Perine",CIN,"RB80","6","Coach Upside rating–No rating available","Coach Bust rating–No rating available","2 out of 5 stars","-27"
"280",12,"Malik Davis",DAL,"RB81","14","Coach Upside rating–No rating available","Coach Bust rating–No rating available","4 out of 5 stars","-3"
"281",12,"Wil Lutz",DEN,"K16","10","Coach Upside rating–No rating available","Coach Bust rating–No rating available","1 out of 5 stars","-"
"282",12,"Atlanta Falcons",ATL,"DST17","11","Coach Upside rating–No rating available","Coach Bust rating–No rating available","4 out of 5 stars","-35"
"283",12,"Brashard Smith",KC,"RB82","5","Coach Upside rating–No rating available","Coach Bust rating–No rating available","3 out of 5 stars","+122"
"284",12,"Jordan James",SF,"RB83","8","Coach Upside rating–No rating available","Coach Bust rating–No rating available","2 out of 5 stars","-81"
"285",12,"LeQuint Allen Jr.",JAC,"RB84","7","Coach Upside rating–No rating available","Coach Bust rating–No rating available","4 out of 5 stars","+22"
"286",12,"Keenan Allen",LAC,"WR103","7","Coach Upside rating–No rating available","Coach Bust rating–No rating available","2 out of 5 stars","-24"
"287",12,"Tyquan Thornton",KC,"WR104","5","Coach Upside rating–No rating available","Coach Bust rating–No rating available","2 out of 5 stars","-30"
"288",12,"Devaughn Vele",NO,"WR105","8","Coach Upside rating–No rating available","Coach Bust rating–No rating available","3 out of 5 stars","+10"
"289",12,"Chris Brazzell II",CAR,"WR106","5","Coach Upside rating–No rating available","Coach Bust rating–No rating available","2 out of 5 stars","-29"
"290",12,"San Francisco 49ers",SF,"DST18","8","Coach Upside rating–No rating available","Coach Bust rating–No rating available","3 out of 5 stars","-34"
"291",12,"Jerome Ford",WAS,"RB85","7","Coach Upside rating–No rating available","Coach Bust rating–No rating available","4 out of 5 stars","+89"
"292",12,"Jaleel McLaughlin",DEN,"RB86","10","Coach Upside rating–No rating available","Coach Bust rating–No rating available","2 out of 5 stars","-"
"293",12,"Will Reichard",MIN,"K17","6","Coach Upside rating–No rating available","Coach Bust rating–No rating available","2 out of 5 stars","-"
"294",12,"George Holani",SEA,"RB87","11","Coach Upside rating–No rating available","Coach Bust rating–No rating available","4 out of 5 stars","-54"
"295",12,"Oscar Delp",NO,"TE35","8","Coach Upside rating–No rating available","Coach Bust rating–No rating available","2 out of 5 stars","+98"
"296",12,"Devin Singletary",NYG,"RB88","8","Coach Upside rating–No rating available","Coach Bust rating–No rating available","4 out of 5 stars","+104"
"297",12,"Najee Harris",LAC,"RB89","7","Coach Upside rating–No rating available","Coach Bust rating–No rating available","3 out of 5 stars","-4"
"298",12,"Shedeur Sanders",CLE,"QB33","11","Coach Upside rating–No rating available","Coach Bust rating–No rating available","4 out of 5 stars","-78"
"299",12,"Charlie Smyth",NO,"K18","8","Coach Upside rating–No rating available","Coach Bust rating–No rating available","5 out of 5 stars","-"
"300",12,"Hollywood Brown",PHI,"WR107","10","Coach Upside rating–No rating available","Coach Bust rating–No rating available","4 out of 5 stars","+81"
"301",12,"Deshaun Watson",CLE,"QB34","11","Coach Upside rating–No rating available","Coach Bust rating–No rating available","4 out of 5 stars","-78"
"302",12,"Kirk Cousins",LV,"QB35","13","Coach Upside rating–No rating available","Coach Bust rating–No rating available","1 out of 5 stars","-68"
"303",12,"Emari Demercado",KC,"RB90","5","Coach Upside rating–No rating available","Coach Bust rating–No rating available","3 out of 5 stars","-19"
"304",13,"Indianapolis Colts",IND,"DST19","13","Coach Upside rating–No rating available","Coach Bust rating–No rating available","5 out of 5 stars","-45"
"305",13,"Mike Gesicki",CIN,"TE36","6","Coach Upside rating–No rating available","Coach Bust rating–No rating available","3 out of 5 stars","-62"
"306",13,"Greg Dulcich",MIA,"TE37","6","Coach Upside rating–No rating available","Coach Bust rating–No rating available","5 out of 5 stars","-122"
"307",13,"Jake Tonges",SF,"TE38","8","Coach Upside rating–No rating available","Coach Bust rating–No rating available","3 out of 5 stars","-82"
"308",13,"Joe Mixon",FA,"RB91","-","Coach Upside rating–No rating available","Coach Bust rating–No rating available","-","+55"
"309",13,"Adam Randall",BAL,"RB92","13","Coach Upside rating–No rating available","Coach Bust rating–No rating available","3 out of 5 stars","+17"
"310",13,"Trevor Etienne",CAR,"RB93","5","Coach Upside rating–No rating available","Coach Bust rating–No rating available","1 out of 5 stars","+15"
"311",13,"Isaac Guerendo",SF,"RB94","8","Coach Upside rating–No rating available","Coach Bust rating–No rating available","2 out of 5 stars","+38"
"312",13,"Tahj Brooks",CIN,"RB95","6","Coach Upside rating–No rating available","Coach Bust rating–No rating available","2 out of 5 stars","+79"
"313",13,"Isaiah Bond",CLE,"WR108","11","Coach Upside rating–No rating available","Coach Bust rating–No rating available","3 out of 5 stars","-8"
"314",13,"Kaelon Black",SF,"RB96","8","Coach Upside rating–No rating available","Coach Bust rating–No rating available","2 out of 5 stars","-97"
"315",13,"Skyler Bell",BUF,"WR109","7","Coach Upside rating–No rating available","Coach Bust rating–No rating available","4 out of 5 stars","-33"
"316",13,"Jarquez Hunter",LAR,"RB97","11","Coach Upside rating–No rating available","Coach Bust rating–No rating available","5 out of 5 stars","+7"
"317",13,"Ja'Kobi Lane",BAL,"WR110","13","Coach Upside rating–No rating available","Coach Bust rating–No rating available","4 out of 5 stars","-22"
"318",13,"Andrei Iosivas",CIN,"WR111","6","Coach Upside rating–No rating available","Coach Bust rating–No rating available","4 out of 5 stars","-54"
"319",13,"Audric Estime",NO,"RB98","8","Coach Upside rating–No rating available","Coach Bust rating–No rating available","3 out of 5 stars","+35"
"320",13,"J.J. McCarthy",MIN,"QB36","6","Coach Upside rating–No rating available","Coach Bust rating–No rating available","5 out of 5 stars","-59"
"321",13,"Tez Johnson",TB,"WR112","10","Coach Upside rating–No rating available","Coach Bust rating–No rating available","4 out of 5 stars","+82"
"322",13,"New Orleans Saints",NO,"DST20","8","Coach Upside rating–No rating available","Coach Bust rating–No rating available","5 out of 5 stars","-68"
"323",13,"Konata Mumpfield",LAR,"WR113","11","Coach Upside rating–No rating available","Coach Bust rating–No rating available","1 out of 5 stars","-"
"324",13,"Chicago Bears",CHI,"DST21","10","Coach Upside rating–No rating available","Coach Bust rating–No rating available","2 out of 5 stars","-85"
"325",13,"Jalen Royals",KC,"WR114","5","Coach Upside rating–No rating available","Coach Bust rating–No rating available","2 out of 5 stars","+23"
"326",13,"Cedric Tillman",CLE,"WR115","11","Coach Upside rating–No rating available","Coach Bust rating–No rating available","3 out of 5 stars","-20"
"327",13,"Bam Knight",ARI,"RB99","14","Coach Upside rating–No rating available","Coach Bust rating–No rating available","2 out of 5 stars","-"
"328",13,"Calvin Austin III",NYG,"WR116","8","Coach Upside rating–No rating available","Coach Bust rating–No rating available","4 out of 5 stars","+40"
"329",13,"Kareem Hunt",FA,"RB100","-","Coach Upside rating–No rating available","Coach Bust rating–No rating available","-","+36"
"330",13,"Will Shipley",PHI,"RB101","10","Coach Upside rating–No rating available","Coach Bust rating–No rating available","4 out of 5 stars","+2"
"331",13,"Max Klare",LAR,"TE39","11","Coach Upside rating–No rating available","Coach Bust rating–No rating available","4 out of 5 stars","+45"
"332",13,"Darnell Washington",PIT,"TE40","9","Coach Upside rating–No rating available","Coach Bust rating–No rating available","2 out of 5 stars","-59"
"333",13,"Luke McCaffrey",WAS,"WR117","7","Coach Upside rating–No rating available","Coach Bust rating–No rating available","2 out of 5 stars","-50"
"334",13,"Mac Jones",SF,"QB37","8","Coach Upside rating–No rating available","Coach Bust rating–No rating available","1 out of 5 stars","+60"
"335",13,"Noah Gray",KC,"TE41","5","Coach Upside rating–No rating available","Coach Bust rating–No rating available","4 out of 5 stars","+67"
"336",13,"Tyler Higbee",LAR,"TE42","11","Coach Upside rating–No rating available","Coach Bust rating–No rating available","4 out of 5 stars","+56"
"337",13,"Jahan Dotson",ATL,"WR118","11","Coach Upside rating–No rating available","Coach Bust rating–No rating available","3 out of 5 stars","-46"
"338",14,"Olamide Zaccheaus",ATL,"WR119","11","Coach Upside rating–No rating available","Coach Bust rating–No rating available","3 out of 5 stars","+58"
"339",14,"Ty Simpson",LAR,"QB38","11","Coach Upside rating–No rating available","Coach Bust rating–No rating available","3 out of 5 stars","+49"
"340",14,"Carolina Panthers",CAR,"DST22","5","Coach Upside rating–No rating available","Coach Bust rating–No rating available","3 out of 5 stars","-75"
"341",14,"Michael Carter",TEN,"RB102","9","Coach Upside rating–No rating available","Coach Bust rating–No rating available","3 out of 5 stars","-31"
"342",14,"J'Mari Taylor",JAC,"RB103","7","Coach Upside rating–No rating available","Coach Bust rating–No rating available","4 out of 5 stars","-"
"343",14,"Jalen Tolbert",MIA,"WR120","6","Coach Upside rating–No rating available","Coach Bust rating–No rating available","3 out of 5 stars","-34"
"344",14,"Joshua Palmer",BUF,"WR121","7","Coach Upside rating–No rating available","Coach Bust rating–No rating available","4 out of 5 stars","+18"
"345",14,"Dont'e Thornton Jr.",LV,"WR122","13","Coach Upside rating–No rating available","Coach Bust rating–No rating available","2 out of 5 stars","-"
"346",14,"Elijah Arroyo",SEA,"TE43","11","Coach Upside rating–No rating available","Coach Bust rating–No rating available","3 out of 5 stars","+60"
"347",14,"Caleb Douglas",MIA,"WR123","6","Coach Upside rating–No rating available","Coach Bust rating–No rating available","3 out of 5 stars","-27"
"348",14,"Dallas Cowboys",DAL,"DST23","14","Coach Upside rating–No rating available","Coach Bust rating–No rating available","1 out of 5 stars","-85"
"349",14,"Xavier Hutchinson",HOU,"WR124","8","Coach Upside rating–No rating available","Coach Bust rating–No rating available","3 out of 5 stars","+2"
"350",14,"Carson Beck",ARI,"QB39","14","Coach Upside rating–No rating available","Coach Bust rating–No rating available","2 out of 5 stars","-80"
"351",14,"Justin Fields",KC,"QB40","5","Coach Upside rating–No rating available","Coach Bust rating–No rating available","2 out of 5 stars","-64"
"352",14,"DeMario Douglas",NE,"WR125","11","Coach Upside rating–No rating available","Coach Bust rating–No rating available","2 out of 5 stars","+19"
"353",14,"Bryce Lance",NO,"WR126","8","Coach Upside rating–No rating available","Coach Bust rating–No rating available","3 out of 5 stars","-37"
"354",14,"Anthony Richardson Sr.",IND,"QB41","13","Coach Upside rating–No rating available","Coach Bust rating–No rating available","4 out of 5 stars","+25"
"355",14,"Ja'Tavion Sanders",CAR,"TE44","5","Coach Upside rating–No rating available","Coach Bust rating–No rating available","2 out of 5 stars","-70"
"356",14,"Michael Mayer",LV,"TE45","13","Coach Upside rating–No rating available","Coach Bust rating–No rating available","3 out of 5 stars","-81"
"357",14,"Nick Chubb",FA,"RB104","-","Coach Upside rating–No rating available","Coach Bust rating–No rating available","-","-"
"358",14,"Eli Heidenreich",PIT,"RB105","9","Coach Upside rating–No rating available","Coach Bust rating–No rating available","2 out of 5 stars","-105"
"359",14,"Dawson Knox",BUF,"TE46","7","Coach Upside rating–No rating available","Coach Bust rating–No rating available","3 out of 5 stars","-40"
"360",14,"Kendrick Bourne",ARI,"WR127","14","Coach Upside rating–No rating available","Coach Bust rating–No rating available","2 out of 5 stars","-71"
"361",14,"John Metchie III",CAR,"WR128","5","Coach Upside rating–No rating available","Coach Bust rating–No rating available","2 out of 5 stars","-"
"362",14,"Cole Kmet",CHI,"TE47","10","Coach Upside rating–No rating available","Coach Bust rating–No rating available","2 out of 5 stars","+42"
"363",14,"Brenen Thompson",LAC,"WR129","7","Coach Upside rating–No rating available","Coach Bust rating–No rating available","2 out of 5 stars","-84"
"364",14,"Justin Joly",DEN,"TE48","10","Coach Upside rating–No rating available","Coach Bust rating–No rating available","4 out of 5 stars","+6"
"365",14,"Zane Gonzalez",MIA,"K19","6","Coach Upside rating–No rating available","Coach Bust rating–No rating available","2 out of 5 stars","-"
"366",14,"Austin Ekeler",FA,"RB106","-","Coach Upside rating–No rating available","Coach Bust rating–No rating available","-","-58"
"367",14,"Jawhar Jordan",HOU,"RB107","8","Coach Upside rating–No rating available","Coach Bust rating–No rating available","4 out of 5 stars","-46"
"368",14,"Raheim Sanders",CLE,"RB108","11","Coach Upside rating–No rating available","Coach Bust rating–No rating available","3 out of 5 stars","-"
"369",14,"Tennessee Titans",TEN,"DST24","9","Coach Upside rating–No rating available","Coach Bust rating–No rating available","2 out of 5 stars","-93"
"370",14,"Jaylin Lane",WAS,"WR130","7","Coach Upside rating–No rating available","Coach Bust rating–No rating available","2 out of 5 stars","-"
"371",14,"Nick Folk",ATL,"K20","11","Coach Upside rating–No rating available","Coach Bust rating–No rating available","0 out of 5 stars","-"
"372",14,"Kalif Raymond",CHI,"WR131","10","Coach Upside rating–No rating available","Coach Bust rating–No rating available","3 out of 5 stars","-39"
"373",14,"KaVontae Turpin",DAL,"WR132","14","Coach Upside rating–No rating available","Coach Bust rating–No rating available","2 out of 5 stars","-87"
"374",14,"Jake Elliott",PHI,"K21","10","Coach Upside rating–No rating available","Coach Bust rating–No rating available","5 out of 5 stars","-"
"375",14,"Tutu Atwell",MIA,"WR133","6","Coach Upside rating–No rating available","Coach Bust rating–No rating available","3 out of 5 stars","+8"
"376",14,"Treylon Burks",WAS,"WR134","7","Coach Upside rating–No rating available","Coach Bust rating–No rating available","2 out of 5 stars","-104"
"377",14,"Blake Grupe",IND,"K22","13","Coach Upside rating–No rating available","Coach Bust rating–No rating available","4 out of 5 stars","-"
"378",14,"Eli Raridon",NE,"TE49","11","Coach Upside rating–No rating available","Coach Bust rating–No rating available","4 out of 5 stars","-25"
"379",14,"New York Giants",NYG,"DST25","8","Coach Upside rating–No rating available","Coach Bust rating–No rating available","1 out of 5 stars","-124"
"380",14,"Noah Fant",NO,"TE50","8","Coach Upside rating–No rating available","Coach Bust rating–No rating available","2 out of 5 stars","-79"
"381",14,"Tampa Bay Buccaneers",TB,"DST26","10","Coach Upside rating–No rating available","Coach Bust rating–No rating available","4 out of 5 stars","-110"
"382",14,"Cincinnati Bengals",CIN,"DST27","6","Coach Upside rating–No rating available","Coach Bust rating–No rating available","4 out of 5 stars","-25"
"383",14,"Tyler Bass",BUF,"K23","7","Coach Upside rating–No rating available","Coach Bust rating–No rating available","2 out of 5 stars","-"
"384",14,"Dameon Pierce",PHI,"RB109","10","Coach Upside rating–No rating available","Coach Bust rating–No rating available","4 out of 5 stars","-"
"385",14,"Ryan Fitzgerald",CAR,"K24","5","Coach Upside rating–No rating available","Coach Bust rating–No rating available","0 out of 5 stars","-"
"386",14,"Washington Commanders",WAS,"DST28","7","Coach Upside rating–No rating available","Coach Bust rating–No rating available","2 out of 5 stars","-12"
"387",14,"Luke Musgrave",GB,"TE51","11","Coach Upside rating–No rating available","Coach Bust rating–No rating available","2 out of 5 stars","-31"
"388",14,"John Bates",WAS,"TE52","7","Coach Upside rating–No rating available","Coach Bust rating–No rating available","1 out of 5 stars","-"
"389",14,"Tommy Myers",FA,"TE53","-","Coach Upside rating–No rating available","Coach Bust rating–No rating available","-","-"
"390",14,"Nick Westbrook-Ikhine",IND,"WR135","13","Coach Upside rating–No rating available","Coach Bust rating–No rating available","4 out of 5 stars","-13"
"391",14,"Tommy Tremble",CAR,"TE54","5","Coach Upside rating–No rating available","Coach Bust rating–No rating available","2 out of 5 stars","-"
"392",14,"Daniel Bellinger",TEN,"TE55","9","Coach Upside rating–No rating available","Coach Bust rating–No rating available","3 out of 5 stars","-34"
"393",14,"Ben Sauls",NYG,"K25","8","Coach Upside rating–No rating available","Coach Bust rating–No rating available","2 out of 5 stars","-"
"394",14,"Ben Sinnott",WAS,"TE56","7","Coach Upside rating–No rating available","Coach Bust rating–No rating available","1 out of 5 stars","-35"
"395",14,"Jordan Whittington",LAR,"WR136","11","Coach Upside rating–No rating available","Coach Bust rating–No rating available","1 out of 5 stars","-"
"396",14,"Miami Dolphins",MIA,"DST29","6","Coach Upside rating–No rating available","Coach Bust rating–No rating available","3 out of 5 stars","-21"
"397",14,"Kevin Coleman Jr.",MIA,"WR137","6","Coach Upside rating–No rating available","Coach Bust rating–No rating available","3 out of 5 stars","-51"
"398",14,"Marcus Mariota",WAS,"QB42","7","Coach Upside rating–No rating available","Coach Bust rating–No rating available","2 out of 5 stars","-11"
"399",14,"Savion Williams",GB,"WR138","11","Coach Upside rating–No rating available","Coach Bust rating–No rating available","5 out of 5 stars","-32"
"400",14,"Zavion Thomas",CHI,"WR139","10","Coach Upside rating–No rating available","Coach Bust rating–No rating available","3 out of 5 stars","-88"
"401",14,"Darren Waller",FA,"TE57","-","Coach Upside rating–No rating available","Coach Bust rating–No rating available","-","-46"
"402",14,"Joey Slye",TEN,"K26","9","Coach Upside rating–No rating available","Coach Bust rating–No rating available","4 out of 5 stars","-"
"403",14,"Chad Ryland",ARI,"K27","14","Coach Upside rating–No rating available","Coach Bust rating–No rating available","2 out of 5 stars","-"
"404",14,"Greg Dortch",DET,"WR140","6","Coach Upside rating–No rating available","Coach Bust rating–No rating available","4 out of 5 stars","-87"
"405",14,"Terrell Jennings",NE,"RB110","11","Coach Upside rating–No rating available","Coach Bust rating–No rating available","2 out of 5 stars","-"
"406",14,"Brandon McManus",FA,"K28","-","Coach Upside rating–No rating available","Coach Bust rating–No rating available","-","-"
"407",14,"Jameis Winston",NYG,"QB43","8","Coach Upside rating–No rating available","Coach Bust rating–No rating available","4 out of 5 stars","-21"
"408",14,"Austin Hooper",ATL,"TE58","11","Coach Upside rating–No rating available","Coach Bust rating–No rating available","3 out of 5 stars","-"
"409",15,"Raheem Mostert",LV,"RB111","13","Coach Upside rating–No rating available","Coach Bust rating–No rating available","2 out of 5 stars","-"
"410",15,"Daniel Carlson",LV,"K29","13","Coach Upside rating–No rating available","Coach Bust rating–No rating available","1 out of 5 stars","-"
"411",15,"DeAndre Hopkins",BAL,"WR141","13","Coach Upside rating–No rating available","Coach Bust rating–No rating available","4 out of 5 stars","-"
"412",15,"Kyle Juszczyk",SF,"RB112","8","Coach Upside rating–No rating available","Coach Bust rating–No rating available","2 out of 5 stars","-"
"413",15,"Joe Milton III",DAL,"QB44","14","Coach Upside rating–No rating available","Coach Bust rating–No rating available","2 out of 5 stars","-75"
"414",15,"Zach Ertz",FA,"TE59","-","Coach Upside rating–No rating available","Coach Bust rating–No rating available","-","-42"
"415",15,"Deion Burks",IND,"WR142","13","Coach Upside rating–No rating available","Coach Bust rating–No rating available","4 out of 5 stars","-"
"416",15,"CJ Daniels",LAR,"WR143","11","Coach Upside rating–No rating available","Coach Bust rating–No rating available","1 out of 5 stars","-"
"417",15,"Antonio Gibson",FA,"RB113","-","Coach Upside rating–No rating available","Coach Bust rating–No rating available","-","-"
"418",15,"Ashton Dulin",IND,"WR144","13","Coach Upside rating–No rating available","Coach Bust rating–No rating available","4 out of 5 stars","-126"
"419",15,"Phil Mafah",DAL,"RB114","14","Coach Upside rating–No rating available","Coach Bust rating–No rating available","4 out of 5 stars","-58"
"420",15,"Joe Flacco",CIN,"QB45","6","Coach Upside rating–No rating available","Coach Bust rating–No rating available","3 out of 5 stars","-22"
"421",15,"Tyler Lockett",LV,"WR145","13","Coach Upside rating–No rating available","Coach Bust rating–No rating available","2 out of 5 stars","-"
"422",15,"Khalil Herbert",FA,"RB115","-","Coach Upside rating–No rating available","Coach Bust rating–No rating available","-","-"
"423",15,"Jonnu Smith",FA,"TE60","-","Coach Upside rating–No rating available","Coach Bust rating–No rating available","-","-45"
"424",15,"Marlin Klein",HOU,"TE61","8","Coach Upside rating–No rating available","Coach Bust rating–No rating available","4 out of 5 stars","-"
"425",15,"Josh Oliver",MIN,"TE62","6","Coach Upside rating–No rating available","Coach Bust rating–No rating available","4 out of 5 stars","-"
"426",15,"Xavier Smith",LAR,"WR146","11","Coach Upside rating–No rating available","Coach Bust rating–No rating available","1 out of 5 stars","-"
"427",15,"Dyami Brown",WAS,"WR147","7","Coach Upside rating–No rating available","Coach Bust rating–No rating available","2 out of 5 stars","-"
"428",15,"Demarcus Robinson",SF,"WR148","8","Coach Upside rating–No rating available","Coach Bust rating–No rating available","2 out of 5 stars","-"
"429",15,"Jam Miller",NE,"RB116","11","Coach Upside rating–No rating available","Coach Bust rating–No rating available","2 out of 5 stars","-90"
"430",15,"Devontez Walker",BAL,"WR149","13","Coach Upside rating–No rating available","Coach Bust rating–No rating available","4 out of 5 stars","-150"
"431",15,"Alec Ingold",LAC,"RB117","7","Coach Upside rating–No rating available","Coach Bust rating–No rating available","3 out of 5 stars","-"
"432",15,"Trey Smack",GB,"K30","11","Coach Upside rating–No rating available","Coach Bust rating–No rating available","4 out of 5 stars","-"
"433",15,"Mitch Tinsley",CIN,"WR150","6","Coach Upside rating–No rating available","Coach Bust rating–No rating available","4 out of 5 stars","-"
"434",15,"Dylan Laube",LV,"RB118","13","Coach Upside rating–No rating available","Coach Bust rating–No rating available","2 out of 5 stars","-"
"435",15,"Patrick Ricard",NYG,"RB119","8","Coach Upside rating–No rating available","Coach Bust rating–No rating available","4 out of 5 stars","-"
"436",15,"Erick All Jr.",CIN,"TE63","6","Coach Upside rating–No rating available","Coach Bust rating–No rating available","3 out of 5 stars","-"
"437",15,"Ty Chandler",NO,"RB120","8","Coach Upside rating–No rating available","Coach Bust rating–No rating available","3 out of 5 stars","-"
"438",15,"Rasheen Ali",BAL,"RB121","13","Coach Upside rating–No rating available","Coach Bust rating–No rating available","3 out of 5 stars","-150"
"439",15,"Gardner Minshew II",ARI,"QB46","14","Coach Upside rating–No rating available","Coach Bust rating–No rating available","2 out of 5 stars","-105"
"440",15,"Elijah Higgins",ARI,"TE64","14","Coach Upside rating–No rating available","Coach Bust rating–No rating available","2 out of 5 stars","-"
"441",15,"Riley Leonard",IND,"QB47","13","Coach Upside rating–No rating available","Coach Bust rating–No rating available","4 out of 5 stars","-142"
"442",15,"Damien Martinez",GB,"RB122","11","Coach Upside rating–No rating available","Coach Bust rating–No rating available","4 out of 5 stars","-164"
"443",15,"Tyler Badie",DEN,"RB123","10","Coach Upside rating–No rating available","Coach Bust rating–No rating available","2 out of 5 stars","-"
"444",15,"Las Vegas Raiders",LV,"DST30","13","Coach Upside rating–No rating available","Coach Bust rating–No rating available","4 out of 5 stars","-78"
"445",15,"Miles Sanders",FA,"RB124","-","Coach Upside rating–No rating available","Coach Bust rating–No rating available","-","-"
"446",15,"Max Bredeson",MIN,"RB125","6","Coach Upside rating–No rating available","Coach Bust rating–No rating available","4 out of 5 stars","-"
"447",15,"Roschon Johnson",CHI,"RB126","10","Coach Upside rating–No rating available","Coach Bust rating–No rating available","2 out of 5 stars","-"
"448",15,"AJ Dillon",CAR,"RB127","5","Coach Upside rating–No rating available","Coach Bust rating–No rating available","1 out of 5 stars","-"
"449",15,"Reggie Gilliam",NE,"RB128","11","Coach Upside rating–No rating available","Coach Bust rating–No rating available","2 out of 5 stars","-"
"450",15,"Kevin Austin Jr.",NO,"WR151","8","Coach Upside rating–No rating available","Coach Bust rating–No rating available","3 out of 5 stars","-"
"451",15,"Tai Felton",MIN,"WR152","6","Coach Upside rating–No rating available","Coach Bust rating–No rating available","5 out of 5 stars","-"
"452",15,"Cyrus Allen",KC,"WR153","5","Coach Upside rating–No rating available","Coach Bust rating–No rating available","2 out of 5 stars","-"
"453",15,"Tanner McKee",PHI,"QB48","10","Coach Upside rating–No rating available","Coach Bust rating–No rating available","5 out of 5 stars","-"
"454",15,"Jaret Patterson",LAC,"RB129","7","Coach Upside rating–No rating available","Coach Bust rating–No rating available","3 out of 5 stars","-"
"455",15,"Malik Benson",LV,"WR154","13","Coach Upside rating–No rating available","Coach Bust rating–No rating available","2 out of 5 stars","-114"
"456",15,"Mitchell Evans",CAR,"TE65","5","Coach Upside rating–No rating available","Coach Bust rating–No rating available","2 out of 5 stars","-"
"457",15,"Zavier Scott",MIN,"RB130","6","Coach Upside rating–No rating available","Coach Bust rating–No rating available","4 out of 5 stars","-"
"458",15,"Robert Henry Jr.",WAS,"RB131","7","Coach Upside rating–No rating available","Coach Bust rating–No rating available","4 out of 5 stars","-"
"459",15,"Hunter Luepke",DAL,"RB132","14","Coach Upside rating–No rating available","Coach Bust rating–No rating available","4 out of 5 stars","-"
"460",15,"Will Howard",PIT,"QB49","9","Coach Upside rating–No rating available","Coach Bust rating–No rating available","2 out of 5 stars","-96"
"461",15,"Elijah Moore",PHI,"WR155","10","Coach Upside rating–No rating available","Coach Bust rating–No rating available","4 out of 5 stars","-"
"462",15,"Jahdae Walker",CHI,"WR156","10","Coach Upside rating–No rating available","Coach Bust rating–No rating available","3 out of 5 stars","-127"
"463",15,"Adam Prentice",DEN,"RB133","10","Coach Upside rating–No rating available","Coach Bust rating–No rating available","2 out of 5 stars","-"
"464",15,"Myles Montgomery",NE,"RB134","11","Coach Upside rating–No rating available","Coach Bust rating–No rating available","2 out of 5 stars","-"
"465",15,"Sam Roush",CHI,"TE66","10","Coach Upside rating–No rating available","Coach Bust rating–No rating available","2 out of 5 stars","-171"
"466",15,"Nate Boerkircher",JAC,"TE67","7","Coach Upside rating–No rating available","Coach Bust rating–No rating available","3 out of 5 stars","-"
"467",15,"Durham Smythe",BAL,"TE68","13","Coach Upside rating–No rating available","Coach Bust rating–No rating available","4 out of 5 stars","-"
"468",15,"Tanner Koziol",JAC,"TE69","7","Coach Upside rating–No rating available","Coach Bust rating–No rating available","3 out of 5 stars","-"
"469",15,"JuJu Smith-Schuster",NYG,"WR157","8","Coach Upside rating–No rating available","Coach Bust rating–No rating available","4 out of 5 stars","-"
"470",15,"Ronnie Bell",NO,"WR158","8","Coach Upside rating–No rating available","Coach Bust rating–No rating available","3 out of 5 stars","-"
"471",15,"Adam Trautman",DEN,"TE70","10","Coach Upside rating–No rating available","Coach Bust rating–No rating available","4 out of 5 stars","-"
"472",15,"Luke Schoonmaker",DAL,"TE71","14","Coach Upside rating–No rating available","Coach Bust rating–No rating available","2 out of 5 stars","-"
"473",15,"Tyler Goodson",ATL,"RB135","11","Coach Upside rating–No rating available","Coach Bust rating–No rating available","2 out of 5 stars","-"
"474",15,"Ronnie Rivers",LAR,"RB136","11","Coach Upside rating–No rating available","Coach Bust rating–No rating available","5 out of 5 stars","-"
"475",15,"Cam Akers",FA,"RB137","-","Coach Upside rating–No rating available","Coach Bust rating–No rating available","-","-"
"476",15,"Charlie Kolar",LAC,"TE72","7","Coach Upside rating–No rating available","Coach Bust rating–No rating available","4 out of 5 stars","-147"
"477",15,"Brock Wright",DET,"TE73","6","Coach Upside rating–No rating available","Coach Bust rating–No rating available","3 out of 5 stars","-"
"478",15,"Jack Endries",CIN,"TE74","6","Coach Upside rating–No rating available","Coach Bust rating–No rating available","3 out of 5 stars","-"
"479",15,"Quinn Ewers",MIA,"QB50","6","Coach Upside rating–No rating available","Coach Bust rating–No rating available","3 out of 5 stars","-136"
"480",16,"Roman Wilson",PIT,"WR159","9","Coach Upside rating–No rating available","Coach Bust rating–No rating available","3 out of 5 stars","-"
"481",16,"Roman Hemby",LV,"RB138","13","Coach Upside rating–No rating available","Coach Bust rating–No rating available","2 out of 5 stars","-"
"482",16,"Mo Alie-Cox",IND,"TE75","13","Coach Upside rating–No rating available","Coach Bust rating–No rating available","3 out of 5 stars","-"
"483",16,"Cade Klubnik",NYJ,"QB51","13","Coach Upside rating–No rating available","Coach Bust rating–No rating available","4 out of 5 stars","-"
"484",16,"Lil'Jordan Humphrey",DEN,"WR160","10","Coach Upside rating–No rating available","Coach Bust rating–No rating available","2 out of 5 stars","-"
"485",16,"Jackson Hawes",BUF,"TE76","7","Coach Upside rating–No rating available","Coach Bust rating–No rating available","3 out of 5 stars","-"
"486",16,"Michael Trigg",DAL,"TE77","14","Coach Upside rating–No rating available","Coach Bust rating–No rating available","2 out of 5 stars","-"
"487",16,"Thomas Fidone II",NYG,"TE78","8","Coach Upside rating–No rating available","Coach Bust rating–No rating available","3 out of 5 stars","-"
"488",16,"Jason Sanders",NYJ,"K31","13","Coach Upside rating–No rating available","Coach Bust rating–No rating available","2 out of 5 stars","-"
"489",16,"New York Jets",NYJ,"DST31","13","Coach Upside rating–No rating available","Coach Bust rating–No rating available","4 out of 5 stars","-100"